S.No,Lead first name,Lead last name,Lead ID,Lead Source,Campaign name,Campaign ID,Lead Created Date,UCIC,Mobile Number,Alternate Mobile,Email ID,Date of Birth,PAN,PAN Attachment,City,District,State,Pincode,Country,Portfolio,Product,Offer Amount,Offer Valid Till,Assigned To,Branch,Region,Zone,Lead Status,Reason Code,Reason,Next Follow-up Date,LAN No.,Status Updated On,Duplicate Flag,Last Modified By,Last Modified On,Occupation,Employment Type,First Response (hrs),SLA Breached
1,Aparna,Kurup,AFL-RET-000001,Landing page,Shubh Vivah DEC25,CMP-2025-0011,2025-12-25 17:51:00,585050479,8626403683,,aparna.kurup@outlook.com,1992-06-21,AVLPQ7248K,PAN_Aparna_Kurup.pdf,Kochi,Ernakulam,Kerala,682036,India,Retail Personal Loans,Marriage Loan,200000,2026-02-23,Anjana Menon,Kochi — Kaloor,Kerala & AP Region,South Zone,Rejected,REJ-11,Business vintage below minimum,,,2025-12-30 09:06:00,No,Anjana Menon,2025-12-30 09:06:00,Business Owner,Self-Employed,,No
2,Ashwini,Modi,AFL-RET-000002,Website,Shubh Vivah JAN26,CMP-2026-0012,2026-01-01 12:37:00,,9626520371,,ashwini.modi@hotmail.com,1998-10-17,WNAPW4720N,PAN_Ashwini_Modi.pdf,Pune,Pune,Maharashtra,411061,India,Retail Personal Loans,Medical Emergency Loan,625000,2026-01-31,Sneha Parikh,Pune — Wakad,Maharashtra Region,West Zone,Sanctioned,,,,AFLRET26000001,2026-01-12 10:09:00,No,Sneha Parikh,2026-01-12 10:09:00,Salaried — Government / PSU,Salaried,0.2,No
3,Rashmi,Rai,AFL-RET-000003,Website,Shiksha Education JUL26,CMP-2026-0031,2026-07-08 12:05:00,,9171224756,,rashmi.rai13@gmail.com,1982-01-12,,,Bengaluru,Bengaluru Urban,Karnataka,560069,India,Retail Personal Loans,Education Loan,525000,2026-09-06,Vinay Jain,Bengaluru — Jayanagar,Karnataka Region,South Zone,Rejected,REJ-13,Others,,,2026-07-14 10:20:00,No,Vinay Jain,2026-07-14 10:20:00,Salaried — Government / PSU,Salaried,,No
4,Reshma,Namboothiri,AFL-RET-000004,Website,Shubh Vivah DEC25,CMP-2025-0011,2025-12-24 09:00:00,,7177861991,,reshma.namboothiri@rediffmail.com,2000-07-24,KFYPW7298D,PAN_Reshma_Namboothiri.pdf,Kochi,Ernakulam,Kerala,682024,India,Retail Personal Loans,Marriage Loan,425000,2026-02-07,Anjana Menon,Kochi — Kaloor,Kerala & AP Region,South Zone,Disbursed,,,,AFLRET25000002,2026-01-13 09:26:00,No,Anjana Menon,2026-01-13 09:26:00,Salaried — Private Sector,Salaried,0.2,No
5,Deepika,Balaji,AFL-RET-000005,PQ Campaign,Shiksha Education JUL26,CMP-2026-0031,2026-07-23 12:23:00,930429950,7717460594,8648537536,deepika.balaji@hotmail.com,1992-12-13,UADPT8538Z,PAN_Deepika_Balaji.pdf,Chennai,Chennai,Tamil Nadu,600017,India,Retail Personal Loans,Education Loan,1400000,2026-09-21,Saravanan Rajan,Chennai — T Nagar,Tamil Nadu Region,South Zone,Sanctioned,,,,AFLRET26000003,2026-08-07 09:17:00,No,Saravanan Rajan,2026-08-07 09:17:00,Self-Employed Non-Professional,Self-Employed,0.3,No
6,Revathi,Natarajan,AFL-RET-000006,Website,Professional Edge SEP26,CMP-2026-0039,2026-09-05 18:18:00,,7622696630,9706220842,revathi.natarajan@yahoo.com,2001-02-03,,,Chennai,Chennai,Tamil Nadu,600035,India,Professional Loans,Doctor Professional Loan,950000,2026-11-04,Hariharan Krishnan,Chennai — T Nagar,Tamil Nadu Region,South Zone,Not reachable,NR-01,Number switched off / unreachable,,,2026-09-08 09:01:00,No,Hariharan Krishnan,2026-09-08 09:01:00,Self-Employed Professional,Self-Employed,3.8,Yes
7,Aarav,Dua,AFL-RET-000007,Social media,Diwali Dhamaka NOV25,CMP-2025-0006,2025-11-14 20:58:00,,6469380334,,aarav.dua@rediffmail.com,1975-01-25,,,Lucknow,Lucknow,Uttar Pradesh,226016,India,Vehicle & Consumer Loans,Consumer Durable Loan,70000,2025-12-14,Tarun Tiwari,Lucknow — Hazratganj,North India Region,North Zone,Not interested,NI-02,Already availed loan elsewhere,,,2025-11-17 09:51:00,No,Tarun Tiwari,2025-11-17 09:51:00,Salaried — Private Sector,Salaried,3,Yes
8,Nagaraj,Jain,AFL-RET-000008,Landing page,Property Power MAY26,CMP-2026-0027,2026-05-03 12:51:00,347371301,6575319425,6977355538,nagaraj.jain@rediffmail.com,1992-06-23,,,Bengaluru,Bengaluru Urban,Karnataka,560047,India,Retail Personal Loans,Marriage Loan,725000,2026-06-02,Vinay Nair,Bengaluru — Koramangala,Karnataka Region,South Zone,Rejected,REJ-07,Existing obligations too high (FOIR),,,2026-05-11 09:06:00,No,Vinay Nair,2026-05-11 09:06:00,Self-Employed Non-Professional,Self-Employed,,No
9,Shreya,Desai,AFL-RET-000009,Social media,Property Power JUN26,CMP-2026-0029,2026-06-23 16:00:00,,9912960519,,shreya.desai25@rediffmail.com,1987-08-24,DSDPE1315J,PAN_Shreya_Desai.pdf,Thane,Thane,Maharashtra,400610,India,Professional Loans,Doctor Professional Loan,1400000,2026-08-07,Kalyani Joshi,Thane — Ghodbunder,Maharashtra Region,West Zone,Not reachable,NR-01,Number switched off / unreachable,,,2026-06-25 11:59:00,No,Kalyani Joshi,2026-06-25 11:59:00,Self-Employed Professional,Self-Employed,0.2,No
10,Ravi,Kumar,AFL-RET-000010,PQ Campaign,Shiksha Education MAY26,CMP-2026-0026,2026-05-31 14:05:00,889226254,8439849256,9643727777,ravi.kumar@hotmail.com,2002-02-01,,,Visakhapatnam,Visakhapatnam,Andhra Pradesh,530003,India,Business & MSME Loans,Vyapar Business Loan,550000,2026-06-30,Chandra Naidu,Vizag — Dwaraka Nagar,Kerala & AP Region,South Zone,Rejected,REJ-03,Policy restriction,,,2026-06-11 11:20:00,No,Chandra Naidu,2026-06-11 11:20:00,Self-Employed Non-Professional,Self-Employed,,No
11,Saravanan,Vaidyanathan,AFL-RET-000011,Landing page,Swasthya Care AUG26,CMP-2026-0035,2026-08-14 16:12:00,625765313,6996950473,,saravanan.vaidyanathan49@gmail.com,1993-10-14,,,Coimbatore,Coimbatore,Tamil Nadu,641045,India,Retail Personal Loans,Kushal Personal Loan,1100000,2026-10-13,Muthu Krishnan,Coimbatore — RS Puram,Tamil Nadu Region,South Zone,Not reachable,NR-02,Invalid / wrong number,,,2026-08-16 18:12:00,No,Muthu Krishnan,2026-08-16 18:12:00,Salaried — MNC,Salaried,4.3,Yes
12,Siddharth,Patil,AFL-RET-000012,Website,Gold Utsav APR26,CMP-2026-0024,2026-04-23 10:00:00,,8693410606,,siddharth.patil34@yahoo.com,2002-06-17,,,Ahmedabad,Ahmedabad,Gujarat,380051,India,Retail Home Loans,Plot + Construction Loan,3500000,2026-05-23,Hardik Bhatt,Ahmedabad — Satellite,Gujarat Region,West Zone,Not reachable,NR-03,No response after 3 attempts,,,2026-04-24 11:18:00,No,Hardik Bhatt,2026-04-24 11:18:00,Student,Salaried,0.2,No
13,Sumit,Mishra,AFL-RET-000013,Social media,Professional Edge AUG26,CMP-2026-0036,2026-08-11 11:37:00,,6788018181,,sumit.mishra@hotmail.com,1971-06-09,,,New Delhi,New Delhi,Delhi,110001,India,Retail Personal Loans,Debt Consolidation Loan,1500000,2026-09-25,Nidhi Sharma,Delhi — Connaught Place,Delhi NCR Region,North Zone,Not interested,NI-06,Family / spouse declined,,,2026-08-13 09:29:00,No,Nidhi Sharma,2026-08-13 09:29:00,Salaried — MNC,Salaried,0.2,No
14,Chirag,Thakkar,AFL-RET-000014,Landing page,Grah Sajawat SEP26,CMP-2026-0040,2026-09-02 18:31:00,847414832,8162386485,,chirag.thakkar@outlook.com,1987-08-02,VSNPG5082Q,PAN_Chirag_Thakkar.pdf,Ahmedabad,Ahmedabad,Gujarat,380052,India,Retail Personal Loans,Education Loan,525000,2026-10-02,Hardik Bhatt,Ahmedabad — Satellite,Gujarat Region,West Zone,Follow-up,,,2026-09-17,,2026-09-05 16:50:00,No,Hardik Bhatt,2026-09-05 16:50:00,Business Owner,Self-Employed,0.6,No
15,Manoj,Prasad,AFL-RET-000015,Website,Professional Edge SEP26,CMP-2026-0039,2026-09-04 09:18:00,,9855792988,,manoj.prasad@rediffmail.com,1985-03-19,SCKPA5421U,PAN_Manoj_Prasad.pdf,Cuttack,Cuttack,Odisha,753012,India,Retail Personal Loans,Debt Consolidation Loan,275000,2026-10-19,Prakash Saikia,Cuttack — Buxi Bazaar,East India Region,East Zone,Login Initiated,,,,,2026-09-10 16:48:00,No,Prakash Saikia,2026-09-10 16:48:00,Salaried — Private Sector,Salaried,3.5,Yes
16,Nilima,Behera,AFL-RET-000016,Landing page,Shubh Vivah JAN26,CMP-2026-0012,2026-01-15 19:05:00,,7114579503,,nilima.behera70@gmail.com,1976-04-08,VFAPC1131T,PAN_Nilima_Behera.pdf,Cuttack,Cuttack,Odisha,753001,India,Retail Home Loans,Disha Home Loan,1200000,2026-02-14,Prakash Saikia,Cuttack — Buxi Bazaar,East India Region,East Zone,Not interested,NI-06,Family / spouse declined,,,2026-01-17 12:09:00,No,Prakash Saikia,2026-01-17 12:09:00,Salaried — MNC,Salaried,10.7,Yes
17,Pranav,Parikh,AFL-RET-000017,Website,Diwali Dhamaka OCT25,CMP-2025-0001,2025-10-09 09:05:00,446445318,6633269731,,pranav.parikh2@outlook.com,1985-11-25,PJWPH2773U,PAN_Pranav_Parikh.pdf,Mumbai,Mumbai,Maharashtra,400001,India,Vehicle & Consumer Loans,Two-Wheeler Loan,165000,2025-11-08,Omkar Patel,Mumbai — Fort,Maharashtra Region,West Zone,Disbursed,,,,AFLRET25000004,2025-11-07 15:43:00,No,Omkar Patel,2025-11-07 15:43:00,Salaried — Private Sector,Salaried,0.3,No
18,Arjun,Sethi,AFL-RET-000018,Social media,Vyapar Vriddhi JAN26,CMP-2026-0013,2026-01-05 19:37:00,,6416371776,,arjun.sethi96@yahoo.com,1992-10-17,,,New Delhi,New Delhi,Delhi,110011,India,Business & MSME Loans,Vyapar Business Loan,3700000,2026-03-06,Ritika Mishra,Delhi — Connaught Place,Delhi NCR Region,North Zone,Rejected,REJ-01,Credit / bureau issue (CIBIL below cut-off),,,2026-01-11 11:52:00,No,Ritika Mishra,2026-01-11 11:52:00,Business Owner,Self-Employed,,No
19,Dinesh,Kumaraswamy,AFL-RET-000019,PQ Campaign,Property Power JUN26,CMP-2026-0029,2026-06-21 14:12:00,665789989,7389965782,,,1997-11-01,MCLPR2534X,PAN_Dinesh_Kumaraswamy.pdf,Chennai,Chennai,Tamil Nadu,600033,India,Loan Against Property,Loan Against Property,15500000,2026-07-21,Saravanan Rajan,Chennai — T Nagar,Tamil Nadu Region,South Zone,Disbursed,,,,AFLRET26000005,2026-07-24 11:24:00,No,Saravanan Rajan,2026-07-24 11:24:00,Salaried — Private Sector,Salaried,1,No
20,Anand,Bhat,AFL-RET-000020,Social media,Vyapar Vriddhi JAN26,CMP-2026-0013,2026-01-03 12:00:00,930197988,9729938409,8965306750,anand.bhat@gmail.com,1976-11-10,,,Bengaluru,Bengaluru Urban,Karnataka,560082,India,Business & MSME Loans,Working Capital Loan,1400000,2026-02-17,Nandini Rao,Bengaluru — Jayanagar,Karnataka Region,South Zone,Rejected,REJ-02,Income below minimum,,,2026-01-13 09:50:00,No,Nandini Rao,2026-01-13 09:50:00,Business Owner,Self-Employed,,No
21,Nikhil,Trivedi,AFL-RET-000021,PQ Campaign,Shubh Vivah DEC25,CMP-2025-0011,2025-12-05 14:58:00,273733611,6767903022,,,1995-08-26,,,Thane,Thane,Maharashtra,400610,India,Retail Personal Loans,Medical Emergency Loan,350000,2026-01-19,Kalyani Joshi,Thane — Ghodbunder,Maharashtra Region,West Zone,Not interested,NI-04,Requirement postponed,,,2025-12-07 10:40:00,No,Kalyani Joshi,2025-12-07 10:40:00,Salaried — Private Sector,Salaried,0.2,No
22,Rashmi,Bhat,AFL-RET-000022,Social media,Balance Transfer Bonanza JUN26,CMP-2026-0030,2026-06-22 13:12:00,,6322199324,8161389467,rashmi.bhat19@yahoo.com,2000-09-25,,,Bengaluru,Bengaluru Urban,Karnataka,560047,India,Vehicle & Consumer Loans,Used Car Loan,300000,2026-08-06,Vinay Nair,Bengaluru — Koramangala,Karnataka Region,South Zone,Not interested,NI-03,Only enquiring — no current need,,,2026-06-23 10:30:00,No,Vinay Nair,2026-06-23 10:30:00,Salaried — Private Sector,Salaried,0.3,No
23,Nikhil,Parikh,AFL-RET-000023,Landing page,Shiksha Education MAY26,CMP-2026-0026,2026-05-06 13:00:00,,6972433790,,nikhil.parikh@gmail.com,1987-10-15,,,Nagpur,Nagpur,Maharashtra,440012,India,Retail Personal Loans,Education Loan,225000,2026-06-05,Hardik Patel,Nagpur — Dharampeth,Maharashtra Region,West Zone,Not reachable,NR-02,Invalid / wrong number,,,2026-05-09 12:18:00,No,Hardik Patel,2026-05-09 12:18:00,Salaried — Government / PSU,Salaried,0.2,No
24,Bhavesh,Parikh,AFL-RET-000024,PQ Campaign,Property Power MAY26,CMP-2026-0027,2026-05-31 12:51:00,192546806,7206777442,,bhavesh.parikh10@gmail.com,1990-05-20,,,Mumbai,Mumbai,Maharashtra,400001,India,Retail Home Loans,Disha Home Loan,525000,2026-07-30,Rutuja Pawar,Mumbai — Fort,Maharashtra Region,West Zone,Not reachable,NR-03,No response after 3 attempts,,,2026-06-02 11:38:00,No,Rutuja Pawar,2026-06-02 11:38:00,Self-Employed Non-Professional,Self-Employed,0.2,No
25,Trupti,Chavan,AFL-RET-000025,Website,Ghar Ka Sapna NOV25,CMP-2025-0008,2025-11-15 19:31:00,,6649923010,,trupti.chavan@yahoo.com,1979-03-27,BYUPG2643Q,PAN_Trupti_Chavan.pdf,Mumbai,Mumbai Suburban,Maharashtra,400069,India,Loan Against Property,Loan Against Property,30500000,2025-12-30,Mihir Bhatt,Mumbai — Andheri,Maharashtra Region,West Zone,Disbursed,,,,AFLRET25000006,2025-12-07 11:33:00,No,Mihir Bhatt,2025-12-07 11:33:00,Salaried — Government / PSU,Salaried,12.2,Yes
26,Kunal,Trivedi,AFL-RET-000026,PQ Campaign,Shubh Vivah JAN26,CMP-2026-0012,2026-01-01 12:12:00,906691816,9182152131,7922753877,kunal.trivedi@yahoo.com,1981-11-19,GTWPX6605Q,PAN_Kunal_Trivedi.pdf,Mumbai,Mumbai,Maharashtra,400021,India,Professional Loans,CA / Professional Loan,800000,2026-03-02,Rutuja Pawar,Mumbai — Fort,Maharashtra Region,West Zone,Disbursed,,,,AFLRET26000007,2026-02-01 09:09:00,No,Rutuja Pawar,2026-02-01 09:09:00,Business Owner,Self-Employed,9.8,Yes
27,Pooja,Kapoor,AFL-RET-000027,Landing page,Shiksha Education AUG26,CMP-2026-0034,2026-08-15 13:44:00,,7914639067,,pooja.kapoor@rediffmail.com,1983-07-14,,,New Delhi,South Delhi,Delhi,110017,India,Loan Against Property,Lease Rental Discounting,5500000,2026-10-14,Aarav Kapoor,Delhi — Saket,Delhi NCR Region,North Zone,Rejected,REJ-02,Income below minimum,,,2026-08-19 09:07:00,No,Aarav Kapoor,2026-08-19 09:07:00,Business Owner,Self-Employed,,No
28,Sagar,Thakkar,AFL-RET-000028,Social media,Safar Travel APR26,CMP-2026-0025,2026-04-07 12:05:00,,6550600965,,sagar.thakkar3@hotmail.com,1984-03-28,,,Pune,Pune,Maharashtra,411033,India,Retail Personal Loans,Medical Emergency Loan,800000,2026-05-22,Sneha Parikh,Pune — Wakad,Maharashtra Region,West Zone,Rejected,REJ-06,Documentation — unable to provide,,,2026-04-09 12:20:00,No,Sneha Parikh,2026-04-09 12:20:00,Salaried — MNC,Salaried,,No
29,Swapna,Naidu,AFL-RET-000029,Social media,Shiksha Education AUG26,CMP-2026-0034,2026-08-26 15:05:00,,6528605249,,swapna.naidu@yahoo.com,1998-05-06,,,Hyderabad,Rangareddy,Telangana,500032,India,Retail Personal Loans,Marriage Loan,1100000,2026-10-25,Mahesh Varma,Hyderabad — Gachibowli,Telangana Region,South Zone,Not reachable,NR-02,Invalid / wrong number,,,2026-08-28 09:59:00,No,Mahesh Varma,2026-08-28 09:59:00,Salaried — MNC,Salaried,0.2,No
30,Mamata,Oraon,AFL-RET-000030,Website,Vyapar Vriddhi MAR26,CMP-2026-0020,2026-03-28 14:00:00,,8619449190,,mamata.oraon@hotmail.com,1971-02-27,XZNPA1640A,PAN_Mamata_Oraon.pdf,Patna,Patna,Bihar,800001,India,Business & MSME Loans,Working Capital Loan,9500000,2026-04-27,Sanjay Singh,Patna — Boring Road,East India Region,East Zone,Not interested,NI-02,Already availed loan elsewhere,,,2026-03-31 11:05:00,No,Sanjay Singh,2026-03-31 11:05:00,Business Owner,Self-Employed,0.2,No
31,Chirag,Patel,AFL-RET-000031,Website,Shubh Vivah DEC25,CMP-2025-0011,2025-12-15 15:58:00,,8772054511,6377014087,chirag.patel53@outlook.com,1971-11-13,MWVPF6940D,PAN_Chirag_Patel.pdf,Mumbai,Mumbai Suburban,Maharashtra,400064,India,Loan Against Property,Loan Against Property,19000000,2026-01-14,Mihir Bhatt,Mumbai — Andheri,Maharashtra Region,West Zone,Not interested,NI-02,Already availed loan elsewhere,,,2025-12-17 13:16:00,No,Mihir Bhatt,2025-12-17 13:16:00,Salaried — Private Sector,Salaried,0.2,No
32,Rutuja,Doshi,AFL-RET-000032,Landing page,Shubh Vivah DEC25,CMP-2025-0011,2025-12-27 15:12:00,400884565,8885754612,,rutuja.doshi94@gmail.com,1980-06-16,CSWPY8001J,PAN_Rutuja_Doshi.pdf,Mumbai,Mumbai Suburban,Maharashtra,400072,India,Retail Home Loans,Home Loan Balance Transfer,8500000,2026-01-26,Bhavesh Modi,Mumbai — Powai,Maharashtra Region,West Zone,Rejected,REJ-12,GST / ITR not available,,,2026-01-06 10:06:00,No,Bhavesh Modi,2026-01-06 10:06:00,Salaried — MNC,Salaried,,No
33,Manoj,Panda,AFL-RET-000033,PQ Campaign,Safar Travel APR26,CMP-2026-0025,2026-04-05 20:31:00,318606330,8965341020,8390589745,manoj.panda@yahoo.com,2002-12-25,XGVPJ6803B,PAN_Manoj_Panda.pdf,Guwahati,Kamrup Metro,Assam,781006,India,Business & MSME Loans,Machinery Purchase Loan,4100000,2026-06-04,Sunita Saikia,Guwahati — GS Road,East India Region,East Zone,Disbursed,,,,AFLRET26000008,2026-04-29 16:02:00,No,Sunita Saikia,2026-04-29 16:02:00,Self-Employed Professional,Self-Employed,1.9,No
34,Sudeshna,Bhattacharya,AFL-RET-000034,Social media,Vyapar Vriddhi MAR26,CMP-2026-0020,2026-03-12 16:18:00,,9880010355,9299875396,sudeshna.bhattacharya12@rediffmail.com,1999-02-28,,,Kolkata,Kolkata,West Bengal,700105,India,Gold & Secured Loans,Loan Against Securities,1100000,2026-04-11,Tanmoy Chakraborty,Kolkata — Salt Lake,West Bengal Region,East Zone,Not interested,NI-02,Already availed loan elsewhere,,,2026-03-13 14:36:00,No,Tanmoy Chakraborty,2026-03-13 14:36:00,Salaried — MNC,Salaried,0.2,No
35,Tejas,Jadhav,AFL-RET-000035,Website,Shiksha Education MAY26,CMP-2026-0026,2026-05-07 19:18:00,,9395026865,,tejas.jadhav@outlook.com,1993-05-15,,,Nashik,Nashik,Maharashtra,422005,India,Retail Personal Loans,Education Loan,225000,2026-07-06,Tanvi Mehta,Nashik — College Road,Maharashtra Region,West Zone,Not interested,NI-07,Tenure offered not suitable,,,2026-05-13 09:44:00,No,Tanvi Mehta,2026-05-13 09:44:00,Salaried — Private Sector,Salaried,0.2,No
36,Tejas,Patel,AFL-RET-000036,Landing page,Swasthya Care JUL26,CMP-2026-0032,2026-07-31 14:12:00,,8768331830,,tejas.patel@gmail.com,2003-01-03,STGPW3018W,PAN_Tejas_Patel.pdf,Ahmedabad,Ahmedabad,Gujarat,380001,India,Retail Home Loans,Disha Home Loan,2600000,2026-09-29,Payal Vora,Ahmedabad — CG Road,Gujarat Region,West Zone,Sanctioned,,,,AFLRET26000009,2026-08-18 12:30:00,No,Payal Vora,2026-08-18 12:30:00,Student,Salaried,0.2,No
37,Chandra,Sarma,AFL-RET-000037,Website,Vyapar Vriddhi FEB26,CMP-2026-0016,2026-02-21 18:18:00,227964933,6709597387,8620964744,chandra.sarma@rediffmail.com,1994-06-28,,,Anantapur,Anantapur,Andhra Pradesh,515001,India,Business & MSME Loans,Vyapar Business Loan,4600000,2026-03-23,UNALLOCATED,UNALLOCATED,UNALLOCATED,UNALLOCATED,New,,,,,2026-02-21 18:30:00,No,System,2026-02-21 18:30:00,Self-Employed Professional,Self-Employed,,Yes
38,Harsh,Verma,AFL-RET-000038,Website,Diwali Dhamaka NOV25,CMP-2025-0006,2025-11-30 15:31:00,,7866683868,,harsh.verma@gmail.com,1990-09-26,,,Ludhiana,Ludhiana,Punjab,141002,India,Retail Personal Loans,Diwali Special Loan,65000,2026-01-14,Swati Saxena,Ludhiana — Mall Road,North India Region,North Zone,Not interested,NI-05,Processing fee not acceptable,,,2025-12-05 09:55:00,No,Swati Saxena,2025-12-05 09:55:00,Salaried — Private Sector,Salaried,0.4,No
39,Aditi,Modi,AFL-RET-000039,Social media,Balance Transfer Bonanza JAN26,CMP-2026-0014,2026-01-21 13:58:00,,7333914320,,aditi.modi@outlook.com,2002-03-14,,,Pune,Pune,Maharashtra,411061,India,Retail Home Loans,Disha Home Loan,1600000,2026-02-20,Sagar Vora,Pune — Wakad,Maharashtra Region,West Zone,Rejected,REJ-11,Business vintage below minimum,,,2026-02-01 09:46:00,No,Sagar Vora,2026-02-01 09:46:00,Student,Salaried,,No
40,Ashwini,Modi,AFL-RET-000040,Social media,Balance Transfer Bonanza FEB26,CMP-2026-0017,2026-02-07 10:37:00,,6345547387,7717288810,ashwini.modi27@outlook.com,1985-04-06,,,Mumbai,Mumbai Suburban,Maharashtra,400050,India,Retail Home Loans,Home Loan Balance Transfer,2400000,2026-03-09,Shreya Desai,Mumbai — Bandra,Maharashtra Region,West Zone,Rejected,REJ-02,Income below minimum,,,2026-02-17 17:52:00,No,Shreya Desai,2026-02-17 17:52:00,Salaried — Private Sector,Salaried,,No
41,Tanmoy,Majumdar,AFL-RET-000041,Landing page,Grah Sajawat OCT25,CMP-2025-0005,2025-10-30 15:00:00,604999760,7843793198,8104258763,tanmoy.majumdar88@outlook.com,1998-11-11,,,Kolkata,Kolkata,West Bengal,700102,India,Retail Personal Loans,Home Renovation Loan,135000,2025-12-29,Paromita Majumdar,Kolkata — Salt Lake,West Bengal Region,East Zone,Rejected,REJ-10,Technical valuation below expectation,,,2025-11-09 09:54:00,No,Paromita Majumdar,2025-11-09 09:54:00,Salaried — Government / PSU,Salaried,,No
42,Piyali,Sarkar,AFL-RET-000042,Website,Shiksha Education JUN26,CMP-2026-0028,2026-06-18 10:12:00,515252902,8830400613,7410217317,piyali.sarkar@yahoo.com,1998-12-28,LVFPB1773J,PAN_Piyali_Sarkar.pdf,Kolkata,Kolkata,West Bengal,700106,India,Retail Personal Loans,Education Loan,700000,2026-08-17,Tanmoy Chakraborty,Kolkata — Salt Lake,West Bengal Region,East Zone,Login Initiated,,,,,2026-06-23 11:57:00,No,Tanmoy Chakraborty,2026-06-23 11:57:00,Homemaker,Self-Employed,0.2,No
43,Rituparna,Guha,AFL-RET-000043,Landing page,Swasthya Care AUG26,CMP-2026-0035,2026-08-29 15:44:00,125761390,8657746189,,rituparna.guha11@gmail.com,1989-06-09,WWRPB2407K,PAN_Rituparna_Guha.pdf,Kolkata,Kolkata,West Bengal,700091,India,Business & MSME Loans,MSME Growth Loan,1200000,2026-09-28,Paromita Majumdar,Kolkata — Salt Lake,West Bengal Region,East Zone,Sanctioned,,,,AFLRET26000010,2026-09-10 18:30:00,No,Paromita Majumdar,2026-09-10 18:30:00,Business Owner,Self-Employed,1.2,No
44,Pallavi,Murthy,AFL-RET-000044,Social media,Swasthya Care AUG26,CMP-2026-0035,2026-08-19 10:58:00,,7400567461,,,1967-09-19,,,Bengaluru,Bengaluru Urban,Karnataka,560066,India,Retail Home Loans,Home Loan Balance Transfer,3200000,2026-10-18,Kiran Udupa,Bengaluru — Whitefield,Karnataka Region,South Zone,Rejected,REJ-03,Policy restriction,,,2026-08-31 09:13:00,No,Kiran Udupa,2026-08-31 09:13:00,Retired / Pensioner,Salaried,,No
45,Satish,Sarma,AFL-RET-000045,PQ Campaign,Shiksha Education MAY26,CMP-2026-0026,2026-05-29 14:51:00,563304439,7974126485,7488914425,satish.sarma@hotmail.com,1997-02-06,WPJPJ2737B,PAN_Satish_Sarma.pdf,Warangal,Warangal,Telangana,506001,India,Retail Personal Loans,Marriage Loan,775000,2026-07-13,Aruna Reddy,Warangal — Hanamkonda,Telangana Region,South Zone,Login Initiated,,,,,2026-06-01 10:01:00,No,Aruna Reddy,2026-06-01 10:01:00,Salaried — Private Sector,Salaried,0.2,No
46,Srinivas,Naidu,AFL-RET-000046,Website,Ghar Ka Sapna SEP26,CMP-2026-0037,2026-09-03 09:31:00,,8265082919,,srinivas.naidu@hotmail.com,1975-08-24,,,Visakhapatnam,Visakhapatnam,Andhra Pradesh,530002,India,Retail Home Loans,Home Purchase Loan,6500000,2026-11-02,Chandra Naidu,Vizag — Dwaraka Nagar,Kerala & AP Region,South Zone,Follow-up,,,2026-09-18,,2026-09-05 10:01:00,No,Chandra Naidu,2026-09-05 10:01:00,Salaried — MNC,Salaried,1.5,No
47,Shreya,Panchal,AFL-RET-000047,Website,Balance Transfer Bonanza JAN26,CMP-2026-0014,2026-01-01 11:58:00,,6677119374,,shreya.panchal11@gmail.com,1976-01-19,,,Mumbai,Mumbai Suburban,Maharashtra,400050,India,Retail Personal Loans,Kushal Personal Loan,225000,2026-02-15,Jayesh Chavan,Mumbai — Bandra,Maharashtra Region,West Zone,Not interested,NI-07,Tenure offered not suitable,,,2026-01-03 10:16:00,No,Jayesh Chavan,2026-01-03 10:16:00,Salaried — Private Sector,Salaried,0.2,No
48,Trupti,Gaikwad,AFL-RET-000048,Social media,Property Power APR26,CMP-2026-0023,2026-04-06 19:00:00,232022734,9242795811,,trupti.gaikwad@gmail.com,1973-06-01,AUUPH7869H,PAN_Trupti_Gaikwad.pdf,Mumbai,Mumbai,Maharashtra,400001,India,Loan Against Property,MLAP (Shakti),925000,2026-05-21,Rutuja Pawar,Mumbai — Fort,Maharashtra Region,West Zone,Disbursed,,,,AFLRET26000011,2026-05-07 10:46:00,No,Rutuja Pawar,2026-05-07 10:46:00,Self-Employed Professional,Self-Employed,0.2,No
49,Sagar,Patil,AFL-RET-000049,Landing page,Shiksha Education MAY26,CMP-2026-0026,2026-05-14 12:51:00,,8165801492,,sagar.patil88@rediffmail.com,1981-10-24,,,Mumbai,Mumbai,Maharashtra,400005,India,Retail Personal Loans,Education Loan,135000,2026-06-13,Omkar Patel,Mumbai — Fort,Maharashtra Region,West Zone,Rejected,REJ-03,Policy restriction,,,2026-05-24 09:06:00,No,Omkar Patel,2026-05-24 09:06:00,Self-Employed Non-Professional,Self-Employed,,No
50,Sneha,Mishra,AFL-RET-000050,Website,Diwali Dhamaka NOV25,CMP-2025-0006,2025-11-08 12:05:00,533166714,7925045396,,sneha.mishra@yahoo.com,1990-05-17,,,Ludhiana,Ludhiana,Punjab,141001,India,Vehicle & Consumer Loans,Consumer Durable Loan,105000,2026-01-07,Swati Saxena,Ludhiana — Mall Road,North India Region,North Zone,Not interested,NI-03,Only enquiring — no current need,,,2025-11-11 11:21:00,No,Swati Saxena,2025-11-11 11:21:00,Salaried — Private Sector,Salaried,13.6,Yes
51,Nilesh,Shah,AFL-RET-000051,Landing page,Shiksha Education JUL26,CMP-2026-0031,2026-07-02 20:23:00,,9506521933,,nilesh.shah@yahoo.com,1992-03-17,,,Nagpur,Nagpur,Maharashtra,440012,India,Gold & Secured Loans,Loan Against Securities,675000,2026-08-31,Hardik Patel,Nagpur — Dharampeth,Maharashtra Region,West Zone,Rejected,REJ-05,OGL — outside the geo location,,,2026-07-08 09:38:00,No,Hardik Patel,2026-07-08 09:38:00,Salaried — Government / PSU,Salaried,,No
52,Nikhil,Wagh,AFL-RET-000052,Social media,Shiksha Education AUG26,CMP-2026-0034,2026-08-25 09:58:00,,9381350995,9819911190,nikhil.wagh@yahoo.com,1961-06-27,GLLPN8843G,PAN_Nikhil_Wagh.pdf,Mumbai,Mumbai Suburban,Maharashtra,400097,India,Retail Personal Loans,Education Loan,1500000,2026-09-24,Bhavesh Modi,Mumbai — Powai,Maharashtra Region,West Zone,Login Initiated,,,,,2026-08-30 16:16:00,No,Bhavesh Modi,2026-08-30 16:16:00,Retired / Pensioner,Salaried,0.2,No
53,Hardik,Mehta,AFL-RET-000053,Website,Ghar Ka Sapna NOV25,CMP-2025-0008,2025-11-10 14:12:00,487477088,8706344226,,hardik.mehta@yahoo.com,1991-01-11,,,Ahmedabad,Ahmedabad,Gujarat,380059,India,Retail Personal Loans,Kushal Personal Loan,300000,2025-12-10,Parth Joshi,Ahmedabad — Satellite,Gujarat Region,West Zone,Rejected,REJ-06,Documentation — unable to provide,,,2025-11-12 10:27:00,No,Parth Joshi,2025-11-12 10:27:00,Salaried — MNC,Salaried,,No
54,Trupti,Doshi,AFL-RET-000054,Landing page,Swasthya Care AUG26,CMP-2026-0035,2026-08-17 10:00:00,,8182829150,,trupti.doshi42@hotmail.com,1988-10-26,KFJPV1549S,PAN_Trupti_Doshi.pdf,Surat,Surat,Gujarat,395007,India,Retail Home Loans,Home Purchase Loan,2300000,2026-10-16,Omkar Shah,Surat — Adajan,Gujarat Region,West Zone,Not reachable,NR-02,Invalid / wrong number,,,2026-08-18 13:48:00,No,Omkar Shah,2026-08-18 13:48:00,Salaried — Private Sector,Salaried,0.8,No
55,Tejas,Parikh,AFL-RET-000055,Social media,Shubh Vivah DEC25,CMP-2025-0011,2025-12-07 15:12:00,496289898,9849028934,8456116289,tejas.parikh@rediffmail.com,1988-12-15,,,Nagpur,Nagpur,Maharashtra,440010,India,Retail Personal Loans,Debt Consolidation Loan,300000,2026-01-06,Hardik Patel,Nagpur — Dharampeth,Maharashtra Region,West Zone,Rejected,REJ-12,GST / ITR not available,,,2025-12-15 10:44:00,No,Hardik Patel,2025-12-15 10:44:00,Salaried — Private Sector,Salaried,,No
56,Rajib,Chatterjee,AFL-RET-000056,Website,Swasthya Care AUG26,CMP-2026-0035,2026-08-29 18:37:00,551048752,9516133273,7685798058,rajib.chatterjee@gmail.com,1976-02-26,SBYPN2833X,PAN_Rajib_Chatterjee.pdf,Kolkata,Kolkata,West Bengal,700064,India,Retail Home Loans,Plot + Construction Loan,2100000,2026-10-13,Tanmoy Chakraborty,Kolkata — Salt Lake,West Bengal Region,East Zone,Not reachable,NR-02,Invalid / wrong number,,,2026-08-31 16:00:00,No,Tanmoy Chakraborty,2026-08-31 16:00:00,Self-Employed Non-Professional,Self-Employed,3.7,Yes
57,Nandini,Kamath,AFL-RET-000057,Social media,Gold Utsav APR26,CMP-2026-0024,2026-04-10 17:44:00,,9747518159,9955975418,nandini.kamath97@hotmail.com,2000-04-11,MPZPR5867X,PAN_Nandini_Kamath.pdf,Mysuru,Mysuru,Karnataka,570011,India,Gold & Secured Loans,Gold Loan,1300000,2026-05-25,Deepa Nair,Mysuru — Saraswathipuram,Karnataka Region,South Zone,Disbursed,,,,AFLRET26000012,2026-04-30 13:05:00,No,Deepa Nair,2026-04-30 13:05:00,Self-Employed Non-Professional,Self-Employed,0.2,No
58,Siddharth,Shinde,AFL-RET-000058,Website,Professional Edge AUG26,CMP-2026-0036,2026-08-06 17:51:00,,6355316511,,siddharth.shinde@gmail.com,1976-01-15,,,Thane,Thane,Maharashtra,400602,India,Gold & Secured Loans,Loan Against Securities,875000,2026-09-20,Kalyani Joshi,Thane — Ghodbunder,Maharashtra Region,West Zone,Rejected,REJ-03,Policy restriction,,,2026-08-10 09:35:00,No,Kalyani Joshi,2026-08-10 09:35:00,Salaried — Private Sector,Salaried,,No
59,Anand,Shetty,AFL-RET-000059,Website,Property Power MAY26,CMP-2026-0027,2026-05-20 18:37:00,341718684,6129187739,9792226028,anand.shetty@yahoo.com,1978-09-02,YYPPG7163X,PAN_Anand_Shetty.pdf,Bengaluru,Bengaluru Urban,Karnataka,560066,India,Business & MSME Loans,MSME Growth Loan,4900000,2026-06-19,Deepa Iyengar,Bengaluru — Whitefield,Karnataka Region,South Zone,Sanctioned,,,,AFLRET26000013,2026-05-30 10:20:00,No,Deepa Iyengar,2026-05-30 10:20:00,Self-Employed Non-Professional,Self-Employed,0.3,No
60,Nisha,Vora,AFL-RET-000060,Social media,Swasthya Care AUG26,CMP-2026-0035,2026-08-26 13:18:00,,8555836670,,nisha.vora@gmail.com,1975-10-04,FDEPM9052M,PAN_Nisha_Vora.pdf,Ahmedabad,Ahmedabad,Gujarat,380058,India,Business & MSME Loans,MSME Growth Loan,1300000,2026-10-25,Hardik Bhatt,Ahmedabad — Satellite,Gujarat Region,West Zone,Sanctioned,,,,AFLRET26000014,2026-09-01 10:58:00,No,Hardik Bhatt,2026-09-01 10:58:00,Business Owner,Self-Employed,0.3,No
61,Pranav,Kulkarni,AFL-RET-000061,PQ Campaign,Shiksha Education JUL26,CMP-2026-0031,2026-07-09 16:44:00,921482753,7279589589,,pranav.kulkarni15@outlook.com,1982-08-07,,,Rajkot,Rajkot,Gujarat,360004,India,Gold & Secured Loans,Gold Loan,225000,2026-08-23,Siddharth Trivedi,Rajkot — Kalawad Road,Gujarat Region,West Zone,Rejected,REJ-07,Existing obligations too high (FOIR),,,2026-07-17 15:59:00,No,Siddharth Trivedi,2026-07-17 15:59:00,Self-Employed Non-Professional,Self-Employed,,No
62,Anjali,Gupta,AFL-RET-000062,PQ Campaign,Grah Sajawat OCT25,CMP-2025-0005,2025-10-15 11:58:00,513457425,8564926442,,anjali.gupta@outlook.com,1976-09-01,,,Jodhpur,Jodhpur,Rajasthan,342001,India,Business & MSME Loans,Machinery Purchase Loan,2300000,2025-11-29,Rohit Sharma,Jodhpur — Sardarpura,North India Region,North Zone,Rejected,REJ-01,Credit / bureau issue (CIBIL below cut-off),,,2025-10-20 10:27:00,No,Rohit Sharma,2025-10-20 10:27:00,Business Owner,Self-Employed,,No
63,Chetan,Rai,AFL-RET-000063,Social media,Gold Utsav APR26,CMP-2026-0024,2026-04-16 15:12:00,,8526315475,,chetan.rai@hotmail.com,1971-09-16,KMEPA8594G,PAN_Chetan_Rai.pdf,Bengaluru,Bengaluru Urban,Karnataka,560070,India,Retail Personal Loans,Medical Emergency Loan,1400000,2026-05-31,Vinay Jain,Bengaluru — Jayanagar,Karnataka Region,South Zone,Login Initiated,,,,,2026-04-20 11:22:00,No,Vinay Jain,2026-04-20 11:22:00,Salaried — Government / PSU,Salaried,0.8,No
64,Shruthi,Jain,AFL-RET-000064,Landing page,Diwali Dhamaka OCT25,CMP-2025-0001,2025-10-05 18:05:00,,9836878872,,shruthi.jain63@outlook.com,1972-05-25,,,Bengaluru,Bengaluru Urban,Karnataka,560070,India,Vehicle & Consumer Loans,Two-Wheeler Loan,50000,2025-11-19,Nandini Rao,Bengaluru — Jayanagar,Karnataka Region,South Zone,Rejected,REJ-07,Existing obligations too high (FOIR),,,2025-10-14 10:45:00,No,Nandini Rao,2025-10-14 10:45:00,Self-Employed Professional,Self-Employed,,No
65,Shruthi,Naik,AFL-RET-000065,Landing page,Shiksha Education MAY26,CMP-2026-0026,2026-05-23 18:12:00,772522568,9171502623,6719409795,shruthi.naik@gmail.com,1983-09-06,,,Bengaluru,Bengaluru Urban,Karnataka,560070,India,Retail Personal Loans,Education Loan,875000,2026-07-07,Vinay Jain,Bengaluru — Jayanagar,Karnataka Region,South Zone,Rejected,REJ-11,Business vintage below minimum,,,2026-06-03 11:27:00,No,Vinay Jain,2026-06-03 11:27:00,Salaried — MNC,Salaried,,No
66,Ananya,Ghosh,AFL-RET-000066,Landing page,Diwali Dhamaka NOV25,CMP-2025-0006,2025-11-11 12:18:00,,9160733801,,ananya.ghosh34@outlook.com,1976-07-06,WXBPB3558G,PAN_Ananya_Ghosh.pdf,Kolkata,Kolkata,West Bengal,700105,India,Retail Personal Loans,Diwali Special Loan,115000,2025-12-26,Tanmoy Chakraborty,Kolkata — Salt Lake,West Bengal Region,East Zone,Not interested,NI-01,Rate of interest too high,,,2025-11-14 11:10:00,No,Tanmoy Chakraborty,2025-11-14 11:10:00,Business Owner,Self-Employed,0.2,No
67,Sourav,Sarkar,AFL-RET-000067,Website,Property Power MAY26,CMP-2026-0027,2026-05-30 10:18:00,,9545874712,,sourav.sarkar@gmail.com,1994-02-01,NCFPJ9962K,PAN_Sourav_Sarkar.pdf,Kolkata,Kolkata,West Bengal,700106,India,Vehicle & Consumer Loans,Consumer Durable Loan,25000,2026-07-14,Paromita Majumdar,Kolkata — Salt Lake,West Bengal Region,East Zone,Rejected,REJ-01,Credit / bureau issue (CIBIL below cut-off),,,2026-06-10 09:43:00,No,Paromita Majumdar,2026-06-10 09:43:00,Salaried — Government / PSU,Salaried,,No
68,Kunal,Patil,AFL-RET-000068,Website,Property Power JUN26,CMP-2026-0029,2026-06-10 15:31:00,,9351126259,8439054064,kunal.patil58@outlook.com,2000-01-09,,,Ahmedabad,Ahmedabad,Gujarat,380052,India,Vehicle & Consumer Loans,Consumer Durable Loan,20000,2026-07-25,Hardik Bhatt,Ahmedabad — Satellite,Gujarat Region,West Zone,Rejected,REJ-10,Technical valuation below expectation,,,2026-06-19 11:58:00,No,Hardik Bhatt,2026-06-19 11:58:00,Salaried — MNC,Salaried,,No
69,Payal,Bhatt,AFL-RET-000069,PQ Campaign,Property Power JUN26,CMP-2026-0029,2026-06-04 13:31:00,552889575,8617200290,7696561085,payal.bhatt@yahoo.com,2003-08-20,,,Mumbai,Mumbai Suburban,Maharashtra,400072,India,Retail Personal Loans,Kushal Personal Loan,1500000,2026-07-19,Aniket Modi,Mumbai — Powai,Maharashtra Region,West Zone,Rejected,REJ-02,Income below minimum,,,2026-06-11 11:20:00,No,Aniket Modi,2026-06-11 11:20:00,Salaried — MNC,Salaried,,No
70,Vishal,Sharma,AFL-RET-000070,PQ Campaign,Vyapar Vriddhi JAN26,CMP-2026-0013,2026-01-29 17:12:00,548408212,7554404274,,vishal.sharma@outlook.com,1994-10-26,,,Ludhiana,Ludhiana,Punjab,141010,India,Business & MSME Loans,Machinery Purchase Loan,4400000,2026-02-28,Swati Saxena,Ludhiana — Mall Road,North India Region,North Zone,Not reachable,NR-02,Invalid / wrong number,,,2026-01-30 17:30:00,No,Swati Saxena,2026-01-30 17:30:00,Agriculturist,Self-Employed,0.2,No
71,Arindam,Sarkar,AFL-RET-000071,Landing page,Shiksha Education JUL26,CMP-2026-0031,2026-07-04 15:51:00,,6576410296,7466033570,arindam.sarkar46@hotmail.com,1979-01-25,PZNPF3166Z,PAN_Arindam_Sarkar.pdf,Kolkata,Kolkata,West Bengal,700105,India,Business & MSME Loans,Vyapar Business Loan,3000000,2026-09-02,Paromita Majumdar,Kolkata — Salt Lake,West Bengal Region,East Zone,Sanctioned,,,,AFLRET26000015,2026-07-10 09:21:00,No,Paromita Majumdar,2026-07-10 09:21:00,Self-Employed Non-Professional,Self-Employed,0.2,No
72,Chetan,Murthy,AFL-RET-000072,PQ Campaign,Vyapar Vriddhi JAN26,CMP-2026-0013,2026-01-25 16:44:00,234102618,6461710635,,chetan.murthy@yahoo.com,1986-02-17,PKLPV1974M,PAN_Chetan_Murthy.pdf,Bengaluru,Bengaluru Urban,Karnataka,560071,India,Business & MSME Loans,Working Capital Loan,8000000,2026-02-24,Vinay Nair,Bengaluru — Koramangala,Karnataka Region,South Zone,Not interested,NI-06,Family / spouse declined,,,2026-01-29 13:02:00,No,Vinay Nair,2026-01-29 13:02:00,Self-Employed Professional,Self-Employed,0.2,No
73,Priyanka,Raman,AFL-RET-000073,Website,Professional Edge FEB26,CMP-2026-0018,2026-02-11 09:23:00,,8818217238,,priyanka.raman@outlook.com,1975-02-27,,,Madurai,Madurai,Tamil Nadu,625007,India,Retail Home Loans,Plot + Construction Loan,1900000,2026-04-12,Kavya Krishnan,Madurai — Anna Nagar,Tamil Nadu Region,South Zone,Not interested,NI-01,Rate of interest too high,,,2026-02-15 09:26:00,No,Kavya Krishnan,2026-02-15 09:26:00,Salaried — Government / PSU,Salaried,0.2,No
74,Piyali,Chatterjee,AFL-RET-000074,Website,Shiksha Education JUN26,CMP-2026-0028,2026-06-19 15:37:00,258387943,6190178367,7665277592,piyali.chatterjee35@yahoo.com,1987-01-15,WFLPQ4513Y,PAN_Piyali_Chatterjee.pdf,Kolkata,Kolkata,West Bengal,700091,India,Business & MSME Loans,Vyapar Business Loan,950000,2026-08-03,Tanmoy Chakraborty,Kolkata — Salt Lake,West Bengal Region,East Zone,Disbursed,,,,AFLRET26000016,2026-07-15 10:04:00,No,Tanmoy Chakraborty,2026-07-15 10:04:00,Self-Employed Professional,Self-Employed,1.2,No
75,Rutuja,Wagh,AFL-RET-000075,Social media,Vyapar Vriddhi FEB26,CMP-2026-0016,2026-02-12 14:44:00,,9255716668,7193343693,rutuja.wagh@gmail.com,1980-04-22,,,Mumbai,Mumbai,Maharashtra,400005,India,Business & MSME Loans,MSME Growth Loan,4200000,2026-04-13,Omkar Patel,Mumbai — Fort,Maharashtra Region,West Zone,Not interested,NI-04,Requirement postponed,,,2026-02-15 09:03:00,No,Omkar Patel,2026-02-15 09:03:00,Business Owner,Self-Employed,0.3,No
76,Naveen,Goel,AFL-RET-000076,Website,Shubh Vivah FEB26,CMP-2026-0015,2026-02-22 19:23:00,,9845337744,7544525782,naveen.goel@gmail.com,1990-09-01,YTAPR1916J,PAN_Naveen_Goel.pdf,Amritsar,Amritsar,Punjab,143001,India,Retail Personal Loans,Medical Emergency Loan,500000,2026-04-23,Rahul Malhotra,Amritsar — Lawrence Road,North India Region,North Zone,Rejected,REJ-06,Documentation — unable to provide,,,2026-03-01 11:02:00,No,Rahul Malhotra,2026-03-01 11:02:00,Salaried — Government / PSU,Salaried,,No
77,Ananya,Mitra,AFL-RET-000077,Social media,Safar Travel APR26,CMP-2026-0025,2026-04-13 17:00:00,,6845947563,7145811421,ananya.mitra@yahoo.com,1994-02-10,,,Kolkata,Kolkata,West Bengal,700106,India,Retail Personal Loans,Travel Loan,275000,2026-06-12,Paromita Majumdar,Kolkata — Salt Lake,West Bengal Region,East Zone,Not interested,NI-06,Family / spouse declined,,,2026-04-16 14:18:00,No,Paromita Majumdar,2026-04-16 14:18:00,Salaried — Government / PSU,Salaried,0.3,No
78,Swati,Bansal,AFL-RET-000078,Website,Professional Edge AUG26,CMP-2026-0036,2026-08-18 15:37:00,,6149095334,,swati.bansal@gmail.com,1971-04-09,,,Kanpur,Kanpur Nagar,Uttar Pradesh,208011,India,Retail Personal Loans,Travel Loan,125000,2026-10-17,Nitin Bansal,Kanpur — Civil Lines,North India Region,North Zone,Follow-up,,,2026-09-12,,2026-08-19 18:44:00,No,Nitin Bansal,2026-08-19 18:44:00,Salaried — Private Sector,Salaried,6.7,Yes
79,Swapna,Prasad,AFL-RET-000079,Website,Property Power JUN26,CMP-2026-0029,2026-06-27 15:31:00,227694818,9812672858,9917047589,swapna.prasad@outlook.com,1984-04-02,BGJPL4514L,PAN_Swapna_Prasad.pdf,Visakhapatnam,Visakhapatnam,Andhra Pradesh,530002,India,Business & MSME Loans,Machinery Purchase Loan,16500000,2026-07-27,Chandra Naidu,Vizag — Dwaraka Nagar,Kerala & AP Region,South Zone,Disbursed,,,,AFLRET26000017,2026-07-24 17:02:00,No,Chandra Naidu,2026-07-24 17:02:00,Self-Employed Professional,Self-Employed,0.2,No
80,Sirisha,Achari,AFL-RET-000080,PQ Campaign,Vyapar Vriddhi MAR26,CMP-2026-0020,2026-03-28 16:31:00,485523089,9840113745,,sirisha.achari@rediffmail.com,1988-07-03,,,Hyderabad,Hyderabad,Telangana,500096,India,Business & MSME Loans,Working Capital Loan,8000000,2026-05-12,Rajitha Reddy,Hyderabad — Banjara Hills,Telangana Region,South Zone,Not reachable,NR-01,Number switched off / unreachable,,,2026-03-30 13:13:00,No,Rajitha Reddy,2026-03-30 13:13:00,Business Owner,Self-Employed,0.7,No
81,Bikash,Guha,AFL-RET-000081,Landing page,Shiksha Education AUG26,CMP-2026-0034,2026-08-30 17:12:00,,9970379286,8951626218,bikash.guha@outlook.com,1994-07-01,,,Kolkata,Kolkata,West Bengal,700020,India,Retail Home Loans,Home Loan Balance Transfer,15000000,2026-10-29,Debolina Banerjee,Kolkata — Park Street,West Bengal Region,East Zone,Not interested,NI-05,Processing fee not acceptable,,,2026-09-03 17:30:00,No,Debolina Banerjee,2026-09-03 17:30:00,Salaried — MNC,Salaried,0.2,No
82,Nilesh,Deshmukh,AFL-RET-000082,Landing page,Property Power JUN26,CMP-2026-0029,2026-06-01 19:37:00,,6951702471,,nilesh.deshmukh@hotmail.com,1974-10-15,,,Ahmedabad,Ahmedabad,Gujarat,380052,India,Retail Personal Loans,Kushal Personal Loan,3500000,2026-07-31,Hardik Bhatt,Ahmedabad — Satellite,Gujarat Region,West Zone,Not reachable,NR-02,Invalid / wrong number,,,2026-06-05 09:20:00,No,Hardik Bhatt,2026-06-05 09:20:00,Salaried — Government / PSU,Salaried,0.8,No
83,Bhavesh,Modi,AFL-RET-000083,PQ Campaign,Ghar Ka Sapna NOV25,CMP-2025-0008,2025-11-11 20:18:00,590991987,9442588668,,bhavesh.modi85@gmail.com,1999-08-20,,,Thane,Thane,Maharashtra,400610,India,Retail Home Loans,Plot + Construction Loan,2900000,2026-01-10,Kalyani Joshi,Thane — Ghodbunder,Maharashtra Region,West Zone,Duplicate,DUP-02,Same LAN already sourced,,,2025-11-11 21:33:00,Yes,Kalyani Joshi,2025-11-11 21:33:00,Salaried — Private Sector,Salaried,,No
84,Yash,Chavan,AFL-RET-000084,Social media,Balance Transfer Bonanza JUN26,CMP-2026-0030,2026-06-08 10:51:00,,6569023362,,yash.chavan@yahoo.com,1982-10-14,TLUPP4434M,PAN_Yash_Chavan.pdf,Mumbai,Mumbai Suburban,Maharashtra,400051,India,Retail Personal Loans,Debt Consolidation Loan,1800000,2026-07-08,Shreya Desai,Mumbai — Bandra,Maharashtra Region,West Zone,Rejected,REJ-07,Existing obligations too high (FOIR),,,2026-06-17 12:06:00,No,Shreya Desai,2026-06-17 12:06:00,Salaried — MNC,Salaried,,No
85,Kishore,Naidu,AFL-RET-000085,Social media,Balance Transfer Bonanza JAN26,CMP-2026-0014,2026-01-26 16:05:00,,7793776816,,kishore.naidu9@outlook.com,1978-01-13,MDFPG9525J,PAN_Kishore_Naidu.pdf,Visakhapatnam,Visakhapatnam,Andhra Pradesh,530016,India,Retail Personal Loans,Debt Consolidation Loan,225000,2026-03-27,Chandra Naidu,Vizag — Dwaraka Nagar,Kerala & AP Region,South Zone,Sanctioned,,,,AFLRET26000018,2026-02-10 12:59:00,No,Chandra Naidu,2026-02-10 12:59:00,Salaried — Government / PSU,Salaried,2.9,Yes
86,Chandra,Varma,AFL-RET-000086,Landing page,Ghar Ka Sapna OCT25,CMP-2025-0002,2025-10-02 12:37:00,780599060,6355087710,8828130074,chandra.varma@gmail.com,1972-09-15,CLVPY6308B,PAN_Chandra_Varma.pdf,Hyderabad,Rangareddy,Telangana,500032,India,Retail Home Loans,Home Loan Balance Transfer,2100000,2025-11-16,Swapna Gupta,Hyderabad — Gachibowli,Telangana Region,South Zone,Disbursed,,,,AFLRET25000019,2025-11-07 12:21:00,No,Swapna Gupta,2025-11-07 12:21:00,Self-Employed Professional,Self-Employed,0.2,No
87,Yash,Parikh,AFL-RET-000087,Website,Shiksha Education JUN26,CMP-2026-0028,2026-06-06 19:37:00,,9505878966,,yash.parikh@rediffmail.com,1996-08-09,,,Pune,Pune,Maharashtra,411030,India,Retail Personal Loans,Education Loan,1300000,2026-07-21,Parth Parikh,Pune — Shivajinagar,Maharashtra Region,West Zone,Not interested,NI-04,Requirement postponed,,,2026-06-09 17:54:00,No,Parth Parikh,2026-06-09 17:54:00,Salaried — Government / PSU,Salaried,1.4,No
88,Harsha,Kulkarni,AFL-RET-000088,Social media,Vyapar Vriddhi MAR26,CMP-2026-0020,2026-03-27 19:51:00,865875580,9661069168,,harsha.kulkarni@hotmail.com,1982-06-25,GYSPX6371P,PAN_Harsha_Kulkarni.pdf,Bengaluru,Bengaluru Urban,Karnataka,560066,India,Business & MSME Loans,MSME Growth Loan,750000,2026-05-26,Kiran Udupa,Bengaluru — Whitefield,Karnataka Region,South Zone,Not interested,NI-05,Processing fee not acceptable,,,2026-03-30 10:11:00,No,Kiran Udupa,2026-03-30 10:11:00,Business Owner,Self-Employed,7.2,Yes
89,Nandhini,Vaidyanathan,AFL-RET-000089,Social media,Swasthya Care AUG26,CMP-2026-0035,2026-08-25 09:44:00,,7894555534,,nandhini.vaidyanathan18@gmail.com,1994-11-04,DRNPN6659P,PAN_Nandhini_Vaidyanathan.pdf,Chennai,Chennai,Tamil Nadu,600033,India,Retail Personal Loans,Medical Emergency Loan,185000,2026-10-24,Saravanan Rajan,Chennai — T Nagar,Tamil Nadu Region,South Zone,Sanctioned,,,,AFLRET26000020,2026-09-10 18:30:00,No,Saravanan Rajan,2026-09-10 18:30:00,Self-Employed Non-Professional,Self-Employed,0.2,No
90,Parth,Joshi,AFL-RET-000090,Social media,Professional Edge FEB26,CMP-2026-0018,2026-02-22 09:44:00,268559368,9491083670,,parth.joshi@gmail.com,1971-09-22,WWZPC4117K,PAN_Parth_Joshi.pdf,Surat,Surat,Gujarat,395009,India,Retail Home Loans,Disha Home Loan,1400000,2026-03-24,Omkar Shah,Surat — Adajan,Gujarat Region,West Zone,Disbursed,,,,AFLRET26000021,2026-04-01 11:57:00,No,Omkar Shah,2026-04-01 11:57:00,Salaried — MNC,Salaried,0.2,No
91,Deepthi,Thomas,AFL-RET-000091,Social media,Ghar Ka Sapna MAR26,CMP-2026-0019,2026-03-27 09:05:00,,8871829776,8539361451,,1992-11-22,SRBPD8562P,PAN_Deepthi_Thomas.pdf,Kochi,Ernakulam,Kerala,682025,India,Retail Home Loans,Plot + Construction Loan,3500000,2026-04-26,Anjana Menon,Kochi — Kaloor,Kerala & AP Region,South Zone,Not reachable,NR-03,No response after 3 attempts,,,2026-03-28 11:23:00,No,Anjana Menon,2026-03-28 11:23:00,Salaried — Government / PSU,Salaried,0.2,No
92,Tejas,Sawant,AFL-RET-000092,Website,Shiksha Education AUG26,CMP-2026-0034,2026-08-01 20:58:00,216716752,9608374021,,tejas.sawant@hotmail.com,1996-12-02,GHKPV2595E,PAN_Tejas_Sawant.pdf,Nashik,Nashik,Maharashtra,422005,India,Retail Personal Loans,Travel Loan,95000,2026-08-31,Tanvi Mehta,Nashik — College Road,Maharashtra Region,West Zone,Sanctioned,,,,AFLRET26000022,2026-08-12 11:14:00,No,Tanvi Mehta,2026-08-12 11:14:00,Salaried — Private Sector,Salaried,0.2,No
93,Parth,Doshi,AFL-RET-000093,Landing page,Property Power MAY26,CMP-2026-0027,2026-05-06 10:05:00,794516823,9796288616,8627558032,parth.doshi@gmail.com,1973-11-28,FTNPL5136Q,PAN_Parth_Doshi.pdf,Mumbai,Mumbai,Maharashtra,400001,India,Retail Home Loans,Home Loan Balance Transfer,4300000,2026-06-20,Omkar Patel,Mumbai — Fort,Maharashtra Region,West Zone,Not interested,NI-07,Tenure offered not suitable,,,2026-05-11 10:15:00,No,Omkar Patel,2026-05-11 10:15:00,Salaried — Government / PSU,Salaried,0.2,No
94,Praveen,Bhat,AFL-RET-000094,PQ Campaign,Gold Utsav APR26,CMP-2026-0024,2026-04-17 20:18:00,930176805,6780064579,,praveen.bhat8@gmail.com,1981-03-18,EGWPL3121Z,PAN_Praveen_Bhat.pdf,Bengaluru,Bengaluru Urban,Karnataka,560037,India,Gold & Secured Loans,Gold Loan,425000,2026-05-17,Kiran Udupa,Bengaluru — Whitefield,Karnataka Region,South Zone,Follow-up,,,2026-09-18,,2026-04-19 11:50:00,No,Kiran Udupa,2026-04-19 11:50:00,Salaried — Private Sector,Salaried,0.2,No
95,Anita,Baruah,AFL-RET-000095,PQ Campaign,Gold Utsav APR26,CMP-2026-0024,2026-04-06 18:00:00,890654697,6991693000,9123895273,anita.baruah@yahoo.com,1982-12-22,,,Ranchi,Ranchi,Jharkhand,834003,India,Retail Home Loans,Plot + Construction Loan,5500000,2026-05-21,Anita Bora,Ranchi — Main Road,East India Region,East Zone,Not interested,NI-01,Rate of interest too high,,,2026-04-11 10:48:00,No,Anita Bora,2026-04-11 10:48:00,Salaried — Private Sector,Salaried,0.2,No
96,Paromita,Roy,AFL-RET-000096,Landing page,Property Power JUN26,CMP-2026-0029,2026-06-17 20:58:00,878963157,7459220144,,paromita.roy@rediffmail.com,1995-03-03,,,Siliguri,Darjeeling,West Bengal,734006,India,Retail Personal Loans,Medical Emergency Loan,475000,2026-08-16,Srabani Chatterjee,Siliguri — Sevoke Road,West Bengal Region,East Zone,Duplicate,DUP-02,Same LAN already sourced,,,2026-06-17 22:13:00,Yes,Srabani Chatterjee,2026-06-17 22:13:00,Salaried — Private Sector,Salaried,,No
97,Kishore,Gupta,AFL-RET-000097,Website,Professional Edge AUG26,CMP-2026-0036,2026-08-08 18:51:00,108733174,6128909165,6366042289,kishore.gupta13@rediffmail.com,1993-05-17,UEGPH3948R,PAN_Kishore_Gupta.pdf,Hyderabad,Hyderabad,Telangana,500034,India,Retail Personal Loans,Kushal Personal Loan,300000,2026-09-07,Sirisha Prasad,Hyderabad — Banjara Hills,Telangana Region,South Zone,Sanctioned,,,,AFLRET26000023,2026-08-27 09:01:00,No,Sirisha Prasad,2026-08-27 09:01:00,Salaried — Private Sector,Salaried,0.2,No
98,Reshma,George,AFL-RET-000098,Social media,Shubh Vivah DEC25,CMP-2025-0011,2025-12-26 15:00:00,,6835740637,9287392636,reshma.george@outlook.com,1985-07-07,SXHPL4008V,PAN_Reshma_George.pdf,Kochi,Ernakulam,Kerala,682025,India,Retail Personal Loans,Marriage Loan,275000,2026-02-24,Anjana Menon,Kochi — Kaloor,Kerala & AP Region,South Zone,Disbursed,,,,AFLRET25000024,2026-02-01 10:29:00,No,Anjana Menon,2026-02-01 10:29:00,Salaried — MNC,Salaried,0.2,No
99,Sowmya,Shetty,AFL-RET-000099,Website,Shubh Vivah FEB26,CMP-2026-0015,2026-02-17 13:58:00,489135031,9408394083,9679995365,sowmya.shetty@hotmail.com,1986-05-23,,,Bengaluru,Bengaluru Urban,Karnataka,560095,India,Retail Home Loans,Disha Home Loan,6000000,2026-04-18,Manoj Nair,Bengaluru — Koramangala,Karnataka Region,South Zone,Not interested,NI-07,Tenure offered not suitable,,,2026-02-22 12:46:00,No,Manoj Nair,2026-02-22 12:46:00,Business Owner,Self-Employed,0.8,No
100,Arun,Mahadevan,AFL-RET-000100,Social media,Shiksha Education JUL26,CMP-2026-0031,2026-07-07 20:05:00,,7553816272,7201812214,arun.mahadevan@gmail.com,1992-09-15,,,Chennai,Chennai,Tamil Nadu,600033,India,Retail Personal Loans,Kushal Personal Loan,2600000,2026-08-06,Hariharan Krishnan,Chennai — T Nagar,Tamil Nadu Region,South Zone,Not interested,NI-02,Already availed loan elsewhere,,,2026-07-10 09:38:00,No,Hariharan Krishnan,2026-07-10 09:38:00,Salaried — Government / PSU,Salaried,0.2,No
101,Vaishnavi,Vora,AFL-RET-000101,Landing page,Shiksha Education MAY26,CMP-2026-0026,2026-05-03 20:05:00,,6928291791,,vaishnavi.vora@gmail.com,1994-10-03,,,Pune,Pune,Maharashtra,411045,India,Retail Personal Loans,Medical Emergency Loan,475000,2026-06-02,Sagar Vora,Pune — Wakad,Maharashtra Region,West Zone,Not interested,NI-07,Tenure offered not suitable,,,2026-05-08 12:25:00,No,Sagar Vora,2026-05-08 12:25:00,Self-Employed Professional,Self-Employed,11.1,Yes
102,Chaitra,Acharya,AFL-RET-000102,Social media,Professional Edge AUG26,CMP-2026-0036,2026-08-11 14:31:00,933953189,7199255154,8410293270,chaitra.acharya@hotmail.com,1979-03-24,AGKPH8224L,PAN_Chaitra_Acharya.pdf,Bengaluru,Bengaluru Urban,Karnataka,560067,India,Retail Home Loans,Plot + Construction Loan,9000000,2026-09-10,Kiran Udupa,Bengaluru — Whitefield,Karnataka Region,South Zone,Follow-up,,,2026-09-11,,2026-08-14 10:50:00,No,Kiran Udupa,2026-08-14 10:50:00,Salaried — MNC,Salaried,0.2,No
103,Divya,Jain,AFL-RET-000103,Website,Vyapar Vriddhi MAR26,CMP-2026-0020,2026-03-18 19:58:00,178679476,8284769853,,divya.jain95@outlook.com,2002-02-02,UFRPR1830H,PAN_Divya_Jain.pdf,Bengaluru,Bengaluru Urban,Karnataka,560011,India,Retail Personal Loans,Debt Consolidation Loan,625000,2026-05-17,Vinay Jain,Bengaluru — Jayanagar,Karnataka Region,South Zone,Sanctioned,,,,AFLRET26000025,2026-03-26 11:08:00,No,Vinay Jain,2026-03-26 11:08:00,Salaried — Government / PSU,Salaried,0.2,No
104,Meena,Chandrasekar,AFL-RET-000104,PQ Campaign,Balance Transfer Bonanza JUL26,CMP-2026-0033,2026-07-13 15:12:00,392158105,7337145466,6579460225,meena.chandrasekar@gmail.com,2000-09-17,,,Chennai,Chennai,Tamil Nadu,600033,India,Retail Personal Loans,Marriage Loan,1000000,2026-08-27,Hariharan Krishnan,Chennai — T Nagar,Tamil Nadu Region,South Zone,Follow-up,,,2026-09-19,,2026-07-16 16:48:00,No,Hariharan Krishnan,2026-07-16 16:48:00,Homemaker,Self-Employed,1.6,No
105,Rushabh,Modi,AFL-RET-000105,Landing page,Ghar Ka Sapna MAR26,CMP-2026-0019,2026-03-15 19:51:00,,8724168185,7466501250,rushabh.modi12@outlook.com,1973-05-04,XGAPF8925X,PAN_Rushabh_Modi.pdf,Pune,Pune,Maharashtra,411030,India,Retail Personal Loans,Debt Consolidation Loan,1000000,2026-05-14,Parth Parikh,Pune — Shivajinagar,Maharashtra Region,West Zone,Disbursed,,,,AFLRET26000026,2026-04-05 11:55:00,No,Parth Parikh,2026-04-05 11:55:00,Salaried — Private Sector,Salaried,0.5,No
106,Lakshmi,Vaidyanathan,AFL-RET-000106,Website,Shubh Vivah DEC25,CMP-2025-0011,2025-12-27 17:44:00,,6593565078,,lakshmi.vaidyanathan@gmail.com,2001-01-18,YMGPM3618L,PAN_Lakshmi_Vaidyanathan.pdf,Chennai,Chennai,Tamil Nadu,600096,India,Business & MSME Loans,MSME Growth Loan,1100000,2026-02-25,Gokul Srinivasan,Chennai — Adyar,Tamil Nadu Region,South Zone,Not reachable,NR-03,No response after 3 attempts,,,2025-12-29 09:00:00,No,Gokul Srinivasan,2025-12-29 09:00:00,Self-Employed Non-Professional,Self-Employed,0.6,No
107,Sailaja,Gupta,AFL-RET-000107,Social media,Ghar Ka Sapna NOV25,CMP-2025-0008,2025-11-04 15:37:00,143480373,9446539662,,sailaja.gupta@rediffmail.com,2003-10-21,GDJPJ5085N,PAN_Sailaja_Gupta.pdf,Hyderabad,Rangareddy,Telangana,500032,India,Professional Loans,CA / Professional Loan,450000,2025-12-04,Mahesh Varma,Hyderabad — Gachibowli,Telangana Region,South Zone,Login Initiated,,,,,2025-11-11 11:19:00,No,Mahesh Varma,2025-11-11 11:19:00,Self-Employed Non-Professional,Self-Employed,1.7,No
108,Sanjay,Bora,AFL-RET-000108,Website,Vyapar Vriddhi FEB26,CMP-2026-0016,2026-02-03 17:58:00,,8481424834,6154690950,sanjay.bora33@yahoo.com,1976-12-21,GPRPZ5104W,PAN_Sanjay_Bora.pdf,Bhubaneswar,Khordha,Odisha,751015,India,Business & MSME Loans,Vyapar Business Loan,1700000,2026-03-20,Rakesh Deka,Bhubaneswar — Saheed Nagar,East India Region,East Zone,Not interested,NI-06,Family / spouse declined,,,2026-02-05 10:47:00,No,Rakesh Deka,2026-02-05 10:47:00,Self-Employed Professional,Self-Employed,5.4,Yes
109,Ramesh,Srinivasan,AFL-RET-000109,Website,Balance Transfer Bonanza JAN26,CMP-2026-0014,2026-01-09 09:44:00,,7184148672,,ramesh.srinivasan68@outlook.com,1977-08-18,,,Madurai,Madurai,Tamil Nadu,625001,India,Retail Home Loans,Plot + Construction Loan,1100000,2026-03-10,Kavya Krishnan,Madurai — Anna Nagar,Tamil Nadu Region,South Zone,Not interested,NI-04,Requirement postponed,,,2026-01-12 11:59:00,No,Kavya Krishnan,2026-01-12 11:59:00,Salaried — Government / PSU,Salaried,6.2,Yes
110,Bhakti,Amin,AFL-RET-000110,PQ Campaign,Swasthya Care JUL26,CMP-2026-0032,2026-07-12 20:58:00,754133128,7122945456,,bhakti.amin@gmail.com,1980-05-11,,,Mumbai,Mumbai Suburban,Maharashtra,400101,India,Retail Personal Loans,Medical Emergency Loan,925000,2026-08-26,Bhavesh Modi,Mumbai — Powai,Maharashtra Region,West Zone,Duplicate,DUP-01,"Same campaign, same mobile",,,2026-07-12 22:13:00,Yes,Bhavesh Modi,2026-07-12 22:13:00,Self-Employed Non-Professional,Self-Employed,,No
111,Bala,Iyer,AFL-RET-000111,Social media,Balance Transfer Bonanza JUN26,CMP-2026-0030,2026-06-14 19:18:00,,6901429619,,bala.iyer61@gmail.com,1968-02-03,,,Chennai,Chennai,Tamil Nadu,600024,India,Business & MSME Loans,Machinery Purchase Loan,1200000,2026-07-29,Saravanan Rajan,Chennai — T Nagar,Tamil Nadu Region,South Zone,Not interested,NI-02,Already availed loan elsewhere,,,2026-06-16 10:29:00,No,Saravanan Rajan,2026-06-16 10:29:00,Business Owner,Self-Employed,3.4,Yes
112,Pranav,Sawant,AFL-RET-000112,Landing page,Safar Travel APR26,CMP-2026-0025,2026-04-28 13:05:00,,7730412684,,pranav.sawant@outlook.com,1980-09-12,TAUPB4824J,PAN_Pranav_Sawant.pdf,Ahmedabad,Ahmedabad,Gujarat,380052,India,Retail Personal Loans,Travel Loan,135000,2026-06-27,Hardik Bhatt,Ahmedabad — Satellite,Gujarat Region,West Zone,Not interested,NI-06,Family / spouse declined,,,2026-04-30 11:49:00,No,Hardik Bhatt,2026-04-30 11:49:00,Salaried — MNC,Salaried,0.8,No
113,Bhavani,Varma,AFL-RET-000113,Social media,Vyapar Vriddhi JAN26,CMP-2026-0013,2026-01-16 18:05:00,309943494,7297485655,,bhavani.varma@gmail.com,1975-08-06,,,Hyderabad,Hyderabad,Telangana,500033,India,Business & MSME Loans,Vyapar Business Loan,4100000,2026-03-02,Sirisha Prasad,Hyderabad — Banjara Hills,Telangana Region,South Zone,Rejected,REJ-10,Technical valuation below expectation,,,2026-01-24 09:27:00,No,Sirisha Prasad,2026-01-24 09:27:00,Self-Employed Professional,Self-Employed,,No
114,Yash,Vora,AFL-RET-000114,Landing page,Shubh Vivah NOV25,CMP-2025-0007,2025-11-19 10:18:00,,7568181497,,yash.vora28@rediffmail.com,1999-03-21,SNLPJ8090R,PAN_Yash_Vora.pdf,Pune,Pune,Maharashtra,411030,India,Retail Personal Loans,Marriage Loan,450000,2026-01-03,Nikhil Deshmukh,Pune — Shivajinagar,Maharashtra Region,West Zone,Disbursed,,,,AFLRET25000027,2025-12-05 17:43:00,No,Nikhil Deshmukh,2025-12-05 17:43:00,Salaried — Government / PSU,Salaried,1.8,No
115,Sagar,Patel,AFL-RET-000115,Website,Vyapar Vriddhi JAN26,CMP-2026-0013,2026-01-12 19:51:00,,7420453616,7368365128,sagar.patel@hotmail.com,1984-12-16,,,Mumbai,Mumbai Suburban,Maharashtra,400101,India,Business & MSME Loans,Working Capital Loan,4900000,2026-02-26,Aniket Modi,Mumbai — Powai,Maharashtra Region,West Zone,Not interested,NI-04,Requirement postponed,,,2026-01-17 10:35:00,No,Aniket Modi,2026-01-17 10:35:00,Self-Employed Professional,Self-Employed,0.2,No
116,Chandra,Babu,AFL-RET-000116,PQ Campaign,Shubh Vivah JAN26,CMP-2026-0012,2026-01-19 14:44:00,409277439,6369652993,,chandra.babu@gmail.com,1958-05-15,WEDPY4520C,PAN_Chandra_Babu.pdf,Hyderabad,Hyderabad,Telangana,500034,India,Retail Personal Loans,Medical Emergency Loan,300000,2026-03-05,Rajitha Reddy,Hyderabad — Banjara Hills,Telangana Region,South Zone,Not interested,NI-05,Processing fee not acceptable,,,2026-01-23 16:02:00,No,Rajitha Reddy,2026-01-23 16:02:00,Retired / Pensioner,Salaried,0.3,No
117,Bhavesh,Jadhav,AFL-RET-000117,Website,Shubh Vivah DEC25,CMP-2025-0011,2025-12-31 16:31:00,,9908062166,,bhavesh.jadhav@gmail.com,1975-07-21,ZALPJ4181F,PAN_Bhavesh_Jadhav.pdf,Mumbai,Mumbai Suburban,Maharashtra,400061,India,Business & MSME Loans,MSME Growth Loan,750000,2026-02-14,Mihir Bhatt,Mumbai — Andheri,Maharashtra Region,West Zone,Disbursed,,,,AFLRET25000028,2026-01-26 18:19:00,No,Mihir Bhatt,2026-01-26 18:19:00,Homemaker,Self-Employed,0.4,No
118,Gokul,Krishnan,AFL-RET-000118,PQ Campaign,Swasthya Care SEP26,CMP-2026-0038,2026-09-04 12:31:00,791056330,7981129504,,gokul.krishnan@gmail.com,1982-10-07,,,Chennai,Chennai,Tamil Nadu,600090,India,Business & MSME Loans,MSME Growth Loan,1600000,2026-11-03,Gokul Srinivasan,Chennai — Adyar,Tamil Nadu Region,South Zone,Not reachable,NR-02,Invalid / wrong number,,,2026-09-06 09:31:00,No,Gokul Srinivasan,2026-09-06 09:31:00,Business Owner,Self-Employed,2.1,Yes
119,Nilesh,Panchal,AFL-RET-000119,Social media,Balance Transfer Bonanza FEB26,CMP-2026-0017,2026-02-08 18:23:00,,6390228748,,nilesh.panchal@rediffmail.com,1989-10-26,,,Mumbai,Mumbai,Maharashtra,400023,India,Retail Personal Loans,Medical Emergency Loan,95000,2026-03-10,Omkar Patel,Mumbai — Fort,Maharashtra Region,West Zone,Not reachable,NR-02,Invalid / wrong number,,,2026-02-10 09:56:00,No,Omkar Patel,2026-02-10 09:56:00,Self-Employed Non-Professional,Self-Employed,6.5,Yes
120,Swati,Aggarwal,AFL-RET-000120,Social media,Shubh Vivah DEC25,CMP-2025-0011,2025-12-22 17:05:00,640712571,7866832114,,swati.aggarwal3@gmail.com,1984-09-20,WXLPE9864L,PAN_Swati_Aggarwal.pdf,New Delhi,South Delhi,Delhi,110019,India,Retail Personal Loans,Marriage Loan,400000,2026-02-05,Rajat Chopra,Delhi — Saket,Delhi NCR Region,North Zone,Rejected,REJ-10,Technical valuation below expectation,,,2025-12-24 11:33:00,No,Rajat Chopra,2025-12-24 11:33:00,Business Owner,Self-Employed,,No
121,Rakesh,Jain,AFL-RET-000121,PQ Campaign,Vyapar Vriddhi MAR26,CMP-2026-0020,2026-03-30 17:37:00,882816385,7144162269,,rakesh.jain@gmail.com,1982-03-21,,,Bengaluru,Bengaluru Urban,Karnataka,560066,India,Business & MSME Loans,Machinery Purchase Loan,2100000,2026-05-29,Deepa Iyengar,Bengaluru — Whitefield,Karnataka Region,South Zone,Rejected,REJ-13,Others,,,2026-04-08 09:52:00,No,Deepa Iyengar,2026-04-08 09:52:00,Self-Employed Non-Professional,Self-Employed,,No
122,Meenakshi,Singh,AFL-RET-000122,Landing page,Shubh Vivah DEC25,CMP-2025-0011,2025-12-03 15:23:00,,8594472294,,meenakshi.singh@rediffmail.com,1995-07-06,,,Ludhiana,Ludhiana,Punjab,141010,India,Vehicle & Consumer Loans,Two-Wheeler Loan,70000,2026-02-01,Swati Saxena,Ludhiana — Mall Road,North India Region,North Zone,Not interested,NI-04,Requirement postponed,,,2025-12-05 17:41:00,No,Swati Saxena,2025-12-05 17:41:00,Salaried — Government / PSU,Salaried,0.2,No
123,Omkar,Thakkar,AFL-RET-000123,Website,Safar Travel APR26,CMP-2026-0025,2026-04-16 11:23:00,,8527550425,,omkar.thakkar@gmail.com,1988-08-01,HBYPU6996F,PAN_Omkar_Thakkar.pdf,Surat,Surat,Gujarat,395010,India,Retail Personal Loans,Medical Emergency Loan,425000,2026-05-16,Omkar Shah,Surat — Adajan,Gujarat Region,West Zone,Not interested,NI-06,Family / spouse declined,,,2026-04-20 14:29:00,No,Omkar Shah,2026-04-20 14:29:00,Salaried — MNC,Salaried,10.5,Yes
124,Alok,Saikia,AFL-RET-000124,Landing page,Swasthya Care AUG26,CMP-2026-0035,2026-08-20 19:58:00,943835003,8418461071,,,2002-08-04,HHYPX9243X,PAN_Alok_Saikia.pdf,Bhubaneswar,Khordha,Odisha,751001,India,Retail Personal Loans,Medical Emergency Loan,825000,2026-10-04,Rakesh Deka,Bhubaneswar — Saheed Nagar,East India Region,East Zone,Sanctioned,,,,AFLRET26000029,2026-09-04 17:44:00,No,Rakesh Deka,2026-09-04 17:44:00,Salaried — MNC,Salaried,4.8,Yes
125,Suhas,Pai,AFL-RET-000125,Social media,Shubh Vivah FEB26,CMP-2026-0015,2026-02-06 09:12:00,179464079,9388614172,,suhas.pai@hotmail.com,1983-09-15,TKMPR3073H,PAN_Suhas_Pai.pdf,Bengaluru,Bengaluru Urban,Karnataka,560070,India,Loan Against Property,Lease Rental Discounting,19000000,2026-04-07,Vinay Jain,Bengaluru — Jayanagar,Karnataka Region,South Zone,Disbursed,,,,AFLRET26000030,2026-02-25 10:47:00,No,Vinay Jain,2026-02-25 10:47:00,Self-Employed Non-Professional,Self-Employed,0.2,No
126,Trupti,Wagh,AFL-RET-000126,Landing page,Professional Edge MAR26,CMP-2026-0021,2026-03-11 17:58:00,,8749856750,,,1979-04-06,,,Nashik,Nashik,Maharashtra,422005,India,Vehicle & Consumer Loans,Two-Wheeler Loan,145000,2026-04-25,Tanvi Mehta,Nashik — College Road,Maharashtra Region,West Zone,Not interested,NI-05,Processing fee not acceptable,,,2026-03-12 09:16:00,No,Tanvi Mehta,2026-03-12 09:16:00,Self-Employed Professional,Self-Employed,0.2,No
127,Prosenjit,Chatterjee,AFL-RET-000127,Website,Safar Travel APR26,CMP-2026-0025,2026-04-24 18:58:00,220002589,7500403315,7239305701,prosenjit.chatterjee40@hotmail.com,1987-02-08,BNUPL8773P,PAN_Prosenjit_Chatterjee.pdf,Kolkata,Kolkata,West Bengal,700071,India,Retail Personal Loans,Travel Loan,300000,2026-05-24,Debolina Banerjee,Kolkata — Park Street,West Bengal Region,East Zone,Disbursed,,,,AFLRET26000031,2026-05-07 09:41:00,No,Debolina Banerjee,2026-05-07 09:41:00,Salaried — MNC,Salaried,0.2,No
128,Pranav,Rane,AFL-RET-000128,Social media,Gold Utsav NOV25,CMP-2025-0009,2025-11-29 19:44:00,249607723,8232070785,,pranav.rane@hotmail.com,1991-04-21,,,Pune,Pune,Maharashtra,411005,India,Retail Home Loans,Home Loan Balance Transfer,2800000,2026-01-13,Nikhil Deshmukh,Pune — Shivajinagar,Maharashtra Region,West Zone,Not reachable,NR-02,Invalid / wrong number,,,2025-12-01 16:56:00,No,Nikhil Deshmukh,2025-12-01 16:56:00,Business Owner,Self-Employed,0.2,No
129,Girish,Setty,AFL-RET-000129,Landing page,Balance Transfer Bonanza JUN26,CMP-2026-0030,2026-06-07 11:51:00,,6323991499,,girish.setty@outlook.com,1980-05-08,,,Bengaluru,Bengaluru Urban,Karnataka,560029,India,Retail Personal Loans,Debt Consolidation Loan,1700000,2026-08-06,Manoj Nair,Bengaluru — Koramangala,Karnataka Region,South Zone,Rejected,REJ-04,Negative / restricted profile,,,2026-06-16 11:46:00,No,Manoj Nair,2026-06-16 11:46:00,Salaried — Government / PSU,Salaried,,No
130,Mahesh,Raju,AFL-RET-000130,Social media,Vyapar Vriddhi JAN26,CMP-2026-0013,2026-01-17 16:58:00,961641682,7242177660,6902260514,mahesh.raju@gmail.com,1995-07-19,,,Anantapur,Anantapur,Andhra Pradesh,515001,India,Business & MSME Loans,Machinery Purchase Loan,8500000,2026-02-16,UNALLOCATED,UNALLOCATED,UNALLOCATED,UNALLOCATED,New,,,,,2026-01-17 17:10:00,No,System,2026-01-17 17:10:00,Business Owner,Self-Employed,,Yes
131,Pallavi,Kulkarni,AFL-RET-000131,Landing page,Shiksha Education AUG26,CMP-2026-0034,2026-08-02 12:58:00,,7792404676,,pallavi.kulkarni@rediffmail.com,2002-03-05,DAUPE2357B,PAN_Pallavi_Kulkarni.pdf,Bengaluru,Bengaluru Urban,Karnataka,560095,India,Business & MSME Loans,MSME Growth Loan,1400000,2026-09-01,Manoj Nair,Bengaluru — Koramangala,Karnataka Region,South Zone,Login Initiated,,,,,2026-08-06 10:02:00,No,Manoj Nair,2026-08-06 10:02:00,Self-Employed Professional,Self-Employed,0.4,No
132,Sudeshna,Bhattacharya,AFL-RET-000132,Social media,Shubh Vivah DEC25,CMP-2025-0011,2025-12-27 18:12:00,,6573824022,7503739923,sudeshna.bhattacharya@outlook.com,1982-05-10,,,Siliguri,Darjeeling,West Bengal,734001,India,Retail Home Loans,Home Loan Balance Transfer,19500000,2026-01-26,Srabani Chatterjee,Siliguri — Sevoke Road,West Bengal Region,East Zone,Rejected,REJ-04,Negative / restricted profile,,,2026-01-09 10:44:00,No,Srabani Chatterjee,2026-01-09 10:44:00,Salaried — Private Sector,Salaried,,No
133,Harsh,Saxena,AFL-RET-000133,Website,Gold Utsav APR26,CMP-2026-0024,2026-04-12 19:18:00,,6857553772,7910448329,,1967-05-10,XWAPP3554Z,PAN_Harsh_Saxena.pdf,Lucknow,Lucknow,Uttar Pradesh,226001,India,Retail Personal Loans,Debt Consolidation Loan,475000,2026-05-27,Tarun Tiwari,Lucknow — Hazratganj,North India Region,North Zone,Not interested,NI-02,Already availed loan elsewhere,,,2026-04-16 11:46:00,No,Tarun Tiwari,2026-04-16 11:46:00,Retired / Pensioner,Salaried,0.2,No
134,Hariharan,Subramanian,AFL-RET-000134,Website,Swasthya Care AUG26,CMP-2026-0035,2026-08-14 10:23:00,,8963709979,6724795627,hariharan.subramanian@hotmail.com,1994-12-15,,,Chennai,Chennai,Tamil Nadu,600041,India,Gold & Secured Loans,Loan Against Securities,2300000,2026-09-13,Gokul Srinivasan,Chennai — Adyar,Tamil Nadu Region,South Zone,Not interested,NI-01,Rate of interest too high,,,2026-08-17 10:42:00,No,Gokul Srinivasan,2026-08-17 10:42:00,Salaried — Government / PSU,Salaried,0.2,No
135,Tanvi,Sawant,AFL-RET-000135,Landing page,Vyapar Vriddhi JAN26,CMP-2026-0013,2026-01-01 17:58:00,,8499334986,,tanvi.sawant45@hotmail.com,1983-12-18,,,Pune,Pune,Maharashtra,411004,India,Loan Against Property,Lease Rental Discounting,14500000,2026-03-02,Parth Parikh,Pune — Shivajinagar,Maharashtra Region,West Zone,Rejected,REJ-07,Existing obligations too high (FOIR),,,2026-01-07 17:13:00,No,Parth Parikh,2026-01-07 17:13:00,Self-Employed Non-Professional,Self-Employed,,No
136,Tanvi,Shinde,AFL-RET-000136,Landing page,Shiksha Education AUG26,CMP-2026-0034,2026-08-17 09:12:00,337504978,6524013160,,tanvi.shinde52@gmail.com,1988-11-09,,,Mumbai,Mumbai,Maharashtra,400023,India,Retail Personal Loans,Education Loan,135000,2026-10-01,Rutuja Pawar,Mumbai — Fort,Maharashtra Region,West Zone,Not interested,NI-07,Tenure offered not suitable,,,2026-08-19 10:42:00,No,Rutuja Pawar,2026-08-19 10:42:00,Salaried — Private Sector,Salaried,0.2,No
137,Kishore,Achari,AFL-RET-000137,PQ Campaign,Ghar Ka Sapna SEP26,CMP-2026-0037,2026-09-09 20:00:00,727664979,9903721458,,kishore.achari@gmail.com,1995-09-12,,,Visakhapatnam,Visakhapatnam,Andhra Pradesh,530016,India,Retail Personal Loans,Marriage Loan,275000,2026-10-24,Chandra Naidu,Vizag — Dwaraka Nagar,Kerala & AP Region,South Zone,New,,,,,2026-09-09 20:15:00,No,Chandra Naidu,2026-09-09 20:15:00,Salaried — MNC,Salaried,,No
138,Omkar,Wagh,AFL-RET-000138,Landing page,Property Power JUN26,CMP-2026-0029,2026-06-22 19:00:00,625274435,6369123571,,omkar.wagh@gmail.com,1997-03-02,ZXQPY3344X,PAN_Omkar_Wagh.pdf,Mumbai,Mumbai Suburban,Maharashtra,400101,India,Business & MSME Loans,Machinery Purchase Loan,3100000,2026-08-06,Bhavesh Modi,Mumbai — Powai,Maharashtra Region,West Zone,Not interested,NI-06,Family / spouse declined,,,2026-06-24 09:30:00,No,Bhavesh Modi,2026-06-24 09:30:00,Self-Employed Professional,Self-Employed,0.2,No
139,Rushabh,Patil,AFL-RET-000139,Landing page,Professional Edge AUG26,CMP-2026-0036,2026-08-29 10:44:00,,6803079659,,rushabh.patil@hotmail.com,1972-07-03,MXRPV5843Z,PAN_Rushabh_Patil.pdf,Pune,Pune,Maharashtra,411057,India,Business & MSME Loans,MSME Growth Loan,600000,2026-10-13,Sagar Vora,Pune — Wakad,Maharashtra Region,West Zone,Sanctioned,,,,AFLRET26000032,2026-09-10 11:02:00,No,Sagar Vora,2026-09-10 11:02:00,Business Owner,Self-Employed,0.2,No
140,Prosenjit,Bose,AFL-RET-000140,Website,Diwali Dhamaka OCT25,CMP-2025-0001,2025-10-02 19:05:00,,6408645056,8398412941,prosenjit.bose@gmail.com,1974-10-06,GNCPT4426Z,PAN_Prosenjit_Bose.pdf,Kolkata,Kolkata,West Bengal,700017,India,Vehicle & Consumer Loans,Used Car Loan,650000,2025-12-01,Rajib Chatterjee,Kolkata — Park Street,West Bengal Region,East Zone,Not reachable,NR-03,No response after 3 attempts,,,2025-10-06 11:58:00,No,Rajib Chatterjee,2025-10-06 11:58:00,Salaried — Government / PSU,Salaried,0.2,No
141,Naresh,Reddy,AFL-RET-000141,Website,Balance Transfer Bonanza JAN26,CMP-2026-0014,2026-01-13 15:18:00,,6905986051,,naresh.reddy@rediffmail.com,1973-04-16,,,Warangal,Warangal,Telangana,506002,India,Retail Home Loans,Home Loan Balance Transfer,11000000,2026-03-14,Aruna Reddy,Warangal — Hanamkonda,Telangana Region,South Zone,Rejected,REJ-03,Policy restriction,,,2026-01-23 10:33:00,No,Aruna Reddy,2026-01-23 10:33:00,Salaried — Private Sector,Salaried,,No
142,Hetal,Kulkarni,AFL-RET-000142,Website,Swasthya Care AUG26,CMP-2026-0035,2026-08-28 10:05:00,,6775950807,7652543268,hetal.kulkarni@gmail.com,1987-12-12,,,Ahmedabad,Ahmedabad,Gujarat,380051,India,Retail Personal Loans,Debt Consolidation Loan,425000,2026-10-27,Hardik Bhatt,Ahmedabad — Satellite,Gujarat Region,West Zone,Not reachable,NR-02,Invalid / wrong number,,,2026-08-31 09:48:00,No,Hardik Bhatt,2026-08-31 09:48:00,Salaried — Private Sector,Salaried,1.7,No
143,Revathi,Ganesan,AFL-RET-000143,Social media,Professional Edge FEB26,CMP-2026-0018,2026-02-27 12:37:00,,8953450161,,revathi.ganesan@gmail.com,1991-03-20,,,Madurai,Madurai,Tamil Nadu,625014,India,Professional Loans,Doctor Professional Loan,900000,2026-03-29,Kavya Krishnan,Madurai — Anna Nagar,Tamil Nadu Region,South Zone,Rejected,REJ-07,Existing obligations too high (FOIR),,,2026-03-07 10:06:00,No,Kavya Krishnan,2026-03-07 10:06:00,Self-Employed Non-Professional,Self-Employed,,No
144,Arjun,Gupta,AFL-RET-000144,Website,Grah Sajawat NOV25,CMP-2025-0010,2025-11-24 13:18:00,612122433,7831716681,,arjun.gupta@yahoo.com,1988-09-17,,,Kanpur,Kanpur Nagar,Uttar Pradesh,208002,India,Vehicle & Consumer Loans,Used Car Loan,300000,2025-12-24,Nitin Bansal,Kanpur — Civil Lines,North India Region,North Zone,Follow-up,,,2026-09-08,,2025-11-25 14:18:00,No,Nitin Bansal,2025-11-25 14:18:00,Self-Employed Professional,Self-Employed,1,No
145,Sumit,Tiwari,AFL-RET-000145,Social media,Shubh Vivah DEC25,CMP-2025-0011,2025-12-12 17:31:00,,7607823443,,sumit.tiwari@rediffmail.com,2000-09-26,VSJPG3420X,PAN_Sumit_Tiwari.pdf,New Delhi,New Delhi,Delhi,110021,India,Retail Personal Loans,Medical Emergency Loan,950000,2026-01-26,Nidhi Sharma,Delhi — Connaught Place,Delhi NCR Region,North Zone,Not interested,NI-05,Processing fee not acceptable,,,2025-12-13 10:43:00,No,Nidhi Sharma,2025-12-13 10:43:00,Salaried — MNC,Salaried,1.2,No
146,Rutuja,Jadhav,AFL-RET-000146,Website,Property Power JUN26,CMP-2026-0029,2026-06-25 16:12:00,495863266,6695803162,,,1975-09-22,WCXPB1817G,PAN_Rutuja_Jadhav.pdf,Ahmedabad,Ahmedabad,Gujarat,380001,India,Retail Personal Loans,Medical Emergency Loan,200000,2026-08-24,Payal Vora,Ahmedabad — CG Road,Gujarat Region,West Zone,Disbursed,,,,AFLRET26000033,2026-07-24 09:30:00,No,Payal Vora,2026-07-24 09:30:00,Salaried — MNC,Salaried,0.2,No
147,Rohit,Mishra,AFL-RET-000147,Landing page,Vyapar Vriddhi MAR26,CMP-2026-0020,2026-03-05 15:58:00,,8463808257,6282686319,rohit.mishra85@rediffmail.com,1969-08-03,BQWPU4651R,PAN_Rohit_Mishra.pdf,Amritsar,Amritsar,Punjab,143002,India,Vehicle & Consumer Loans,Two-Wheeler Loan,155000,2026-04-19,Rahul Malhotra,Amritsar — Lawrence Road,North India Region,North Zone,Not interested,NI-04,Requirement postponed,,,2026-03-08 16:52:00,No,Rahul Malhotra,2026-03-08 16:52:00,Business Owner,Self-Employed,1.9,No
148,Maya,Nair,AFL-RET-000148,Social media,Safar Travel OCT25,CMP-2025-0004,2025-10-11 16:44:00,546058010,6658731198,,maya.nair@hotmail.com,1977-02-13,,,Kochi,Ernakulam,Kerala,682024,India,Retail Personal Loans,Travel Loan,475000,2025-11-25,Anjana Menon,Kochi — Kaloor,Kerala & AP Region,South Zone,Not interested,NI-06,Family / spouse declined,,,2025-10-12 11:19:00,No,Anjana Menon,2025-10-12 11:19:00,Salaried — Government / PSU,Salaried,0.2,No
149,Mahesh,Pillai,AFL-RET-000149,Website,Balance Transfer Bonanza JUL26,CMP-2026-0033,2026-07-26 16:58:00,715303366,9145262278,7193425417,mahesh.pillai@gmail.com,1989-06-21,,,Adilabad,Adilabad,Telangana,504001,India,Retail Home Loans,Home Loan Balance Transfer,2200000,2026-09-09,UNALLOCATED,UNALLOCATED,UNALLOCATED,UNALLOCATED,New,,,,,2026-07-26 17:10:00,No,System,2026-07-26 17:10:00,Self-Employed Professional,Self-Employed,,Yes
150,Sourav,Bose,AFL-RET-000150,Website,Grah Sajawat OCT25,CMP-2025-0005,2025-10-10 19:05:00,,8295122112,7463955042,sourav.bose@gmail.com,2000-11-20,JLJPV8720N,PAN_Sourav_Bose.pdf,Kolkata,Kolkata,West Bengal,700106,India,Vehicle & Consumer Loans,Used Car Loan,1000000,2025-11-09,Tanmoy Chakraborty,Kolkata — Salt Lake,West Bengal Region,East Zone,Disbursed,,,,AFLRET25000034,2025-11-05 12:54:00,No,Tanmoy Chakraborty,2025-11-05 12:54:00,Salaried — MNC,Salaried,0.2,No
151,Bhavani,Rao,AFL-RET-000151,Landing page,Grah Sajawat OCT25,CMP-2025-0005,2025-10-09 11:37:00,640764584,9550537201,,bhavani.rao@gmail.com,1982-09-28,CVEPQ8190Y,PAN_Bhavani_Rao.pdf,Hyderabad,Rangareddy,Telangana,500032,India,Retail Personal Loans,Debt Consolidation Loan,200000,2025-11-08,Mahesh Varma,Hyderabad — Gachibowli,Telangana Region,South Zone,Rejected,REJ-07,Existing obligations too high (FOIR),,,2025-10-21 17:52:00,No,Mahesh Varma,2025-10-21 17:52:00,Salaried — Government / PSU,Salaried,,No
152,Debolina,Dutta,AFL-RET-000152,Social media,Shubh Vivah NOV25,CMP-2025-0007,2025-11-23 17:12:00,578878992,9907692423,,debolina.dutta@hotmail.com,1977-04-17,,,Kolkata,Kolkata,West Bengal,700017,India,Vehicle & Consumer Loans,Used Car Loan,425000,2026-01-07,Rajib Chatterjee,Kolkata — Park Street,West Bengal Region,East Zone,Not interested,NI-02,Already availed loan elsewhere,,,2025-11-28 10:30:00,No,Rajib Chatterjee,2025-11-28 10:30:00,Business Owner,Self-Employed,0.2,No
153,Sandip,Majumdar,AFL-RET-000153,Website,Balance Transfer Bonanza FEB26,CMP-2026-0017,2026-02-05 20:31:00,435669712,9720426107,6794260195,sandip.majumdar6@gmail.com,1984-12-18,,,Howrah,Howrah,West Bengal,711103,India,Retail Home Loans,Home Loan Balance Transfer,2900000,2026-03-07,Ananya Das,Howrah — Shibpur,West Bengal Region,East Zone,Not interested,NI-01,Rate of interest too high,,,2026-02-07 17:32:00,No,Ananya Das,2026-02-07 17:32:00,Self-Employed Non-Professional,Self-Employed,0.2,No
154,Senthil,Krishnan,AFL-RET-000154,Landing page,Vyapar Vriddhi FEB26,CMP-2026-0016,2026-02-11 13:44:00,,6379603931,,senthil.krishnan31@rediffmail.com,1989-08-22,TTQPR6124G,PAN_Senthil_Krishnan.pdf,Chennai,Chennai,Tamil Nadu,600020,India,Loan Against Property,MLAP (Shakti),725000,2026-03-28,Gokul Srinivasan,Chennai — Adyar,Tamil Nadu Region,South Zone,Rejected,REJ-06,Documentation — unable to provide,,,2026-02-16 10:33:00,No,Gokul Srinivasan,2026-02-16 10:33:00,Self-Employed Non-Professional,Self-Employed,,No
155,Arun,Mathew,AFL-RET-000155,PQ Campaign,Professional Edge AUG26,CMP-2026-0036,2026-08-04 13:23:00,964720370,6833077877,9147511350,arun.mathew39@yahoo.com,1968-02-09,MXWPW3327V,PAN_Arun_Mathew.pdf,Kochi,Ernakulam,Kerala,682036,India,Loan Against Property,MLAP (Shakti),1000000,2026-09-18,Anjana Menon,Kochi — Kaloor,Kerala & AP Region,South Zone,Not reachable,NR-01,Number switched off / unreachable,,,2026-08-05 15:41:00,No,Anjana Menon,2026-08-05 15:41:00,Business Owner,Self-Employed,0.2,No
156,Jayesh,Chavan,AFL-RET-000156,Social media,Diwali Dhamaka OCT25,CMP-2025-0001,2025-10-10 16:12:00,,8523191395,,jayesh.chavan@gmail.com,2005-05-08,,,Mumbai,Mumbai Suburban,Maharashtra,400051,India,Retail Personal Loans,Diwali Special Loan,75000,2025-11-24,Shreya Desai,Mumbai — Bandra,Maharashtra Region,West Zone,Not interested,NI-06,Family / spouse declined,,,2025-10-11 14:30:00,No,Shreya Desai,2025-10-11 14:30:00,Student,Salaried,0.2,No
157,Sanjay,Mohanty,AFL-RET-000157,Landing page,Vyapar Vriddhi FEB26,CMP-2026-0016,2026-02-21 17:05:00,,6722359445,9388874291,sanjay.mohanty97@hotmail.com,1987-05-18,,,Ranchi,Ranchi,Jharkhand,834008,India,Gold & Secured Loans,Loan Against Securities,700000,2026-04-22,Anita Bora,Ranchi — Main Road,East India Region,East Zone,Rejected,REJ-09,Property title not clear,,,2026-02-27 11:57:00,No,Anita Bora,2026-02-27 11:57:00,Self-Employed Non-Professional,Self-Employed,,No
158,Vinay,Kulkarni,AFL-RET-000158,PQ Campaign,Shubh Vivah DEC25,CMP-2025-0011,2025-12-04 10:51:00,806960988,7498638407,9575588726,vinay.kulkarni@hotmail.com,2001-04-23,ANRPY9512F,PAN_Vinay_Kulkarni.pdf,Bengaluru,Bengaluru Urban,Karnataka,560011,India,Retail Personal Loans,Marriage Loan,750000,2026-02-02,Nandini Rao,Bengaluru — Jayanagar,Karnataka Region,South Zone,Not reachable,NR-01,Number switched off / unreachable,,,2025-12-07 09:20:00,No,Nandini Rao,2025-12-07 09:20:00,Salaried — MNC,Salaried,0.2,No
159,Naveen,Aggarwal,AFL-RET-000159,Social media,Vyapar Vriddhi MAR26,CMP-2026-0020,2026-03-21 20:05:00,,8977579538,,naveen.aggarwal@gmail.com,1979-10-02,SLBPF8078L,PAN_Naveen_Aggarwal.pdf,Ludhiana,Ludhiana,Punjab,141001,India,Business & MSME Loans,Working Capital Loan,6500000,2026-05-20,Swati Saxena,Ludhiana — Mall Road,North India Region,North Zone,Rejected,REJ-03,Policy restriction,,,2026-03-25 09:20:00,No,Swati Saxena,2026-03-25 09:20:00,Business Owner,Self-Employed,,No
160,Puja,Mohanty,AFL-RET-000160,Website,Shiksha Education JUN26,CMP-2026-0028,2026-06-17 18:18:00,529715257,9384049693,,puja.mohanty@hotmail.com,1971-07-16,,,Cuttack,Cuttack,Odisha,753012,India,Retail Personal Loans,Education Loan,250000,2026-07-17,Prakash Saikia,Cuttack — Buxi Bazaar,East India Region,East Zone,Rejected,REJ-07,Existing obligations too high (FOIR),,,2026-06-24 10:49:00,No,Prakash Saikia,2026-06-24 10:49:00,Salaried — Private Sector,Salaried,,No
161,Saravanan,Anand,AFL-RET-000161,Landing page,Shiksha Education AUG26,CMP-2026-0034,2026-08-11 13:51:00,104311485,6622308801,7476673508,saravanan.anand@outlook.com,1982-12-23,,,Madurai,Madurai,Tamil Nadu,625001,India,Retail Home Loans,Disha Home Loan,550000,2026-09-25,Kavya Krishnan,Madurai — Anna Nagar,Tamil Nadu Region,South Zone,Not interested,NI-03,Only enquiring — no current need,,,2026-08-15 11:54:00,No,Kavya Krishnan,2026-08-15 11:54:00,Salaried — MNC,Salaried,0.2,No
162,Siddharth,Rane,AFL-RET-000162,Landing page,Shiksha Education MAY26,CMP-2026-0026,2026-05-30 15:12:00,580405361,8767363229,,siddharth.rane56@outlook.com,1986-05-27,,,Mumbai,Mumbai Suburban,Maharashtra,400069,India,Business & MSME Loans,Machinery Purchase Loan,11500000,2026-07-29,Bhavesh Patil,Mumbai — Andheri,Maharashtra Region,West Zone,Rejected,REJ-07,Existing obligations too high (FOIR),,,2026-06-01 10:34:00,No,Bhavesh Patil,2026-06-01 10:34:00,Business Owner,Self-Employed,,No
163,Satish,Gupta,AFL-RET-000163,Social media,Vyapar Vriddhi JAN26,CMP-2026-0013,2026-01-23 20:05:00,617133830,6587154087,,satish.gupta23@outlook.com,1987-10-22,KRZPH8578Q,PAN_Satish_Gupta.pdf,Hyderabad,Hyderabad,Telangana,500096,India,Loan Against Property,Loan Against Property,29000000,2026-03-24,Sirisha Prasad,Hyderabad — Banjara Hills,Telangana Region,South Zone,Disbursed,,,,AFLRET26000035,2026-02-24 10:48:00,No,Sirisha Prasad,2026-02-24 10:48:00,Self-Employed Professional,Self-Employed,0.2,No
164,Sneha,Shah,AFL-RET-000164,Social media,Ghar Ka Sapna MAR26,CMP-2026-0019,2026-03-21 17:00:00,569819816,9719004335,6705303195,sneha.shah@gmail.com,1979-12-13,,,Ahmedabad,Ahmedabad,Gujarat,380001,India,Retail Home Loans,Disha Home Loan,925000,2026-04-20,Payal Vora,Ahmedabad — CG Road,Gujarat Region,West Zone,Rejected,REJ-02,Income below minimum,,,2026-03-26 09:27:00,No,Payal Vora,2026-03-26 09:27:00,Business Owner,Self-Employed,,No
165,Kunal,Modi,AFL-RET-000165,Website,Property Power MAY26,CMP-2026-0027,2026-05-01 09:37:00,,9798458856,,kunal.modi78@hotmail.com,1991-06-20,PMFPF1966R,PAN_Kunal_Modi.pdf,Mumbai,Mumbai,Maharashtra,400023,India,Business & MSME Loans,Machinery Purchase Loan,1400000,2026-06-30,Omkar Patel,Mumbai — Fort,Maharashtra Region,West Zone,Login Initiated,,,,,2026-05-07 17:55:00,No,Omkar Patel,2026-05-07 17:55:00,Business Owner,Self-Employed,0.2,No
166,Rakesh,Singh,AFL-RET-000166,Social media,Diwali Dhamaka NOV25,CMP-2025-0006,2025-11-28 13:00:00,,9721805999,,rakesh.singh@gmail.com,1984-01-08,,,Cuttack,Cuttack,Odisha,753014,India,Vehicle & Consumer Loans,Consumer Durable Loan,90000,2026-01-27,Prakash Saikia,Cuttack — Buxi Bazaar,East India Region,East Zone,Duplicate,DUP-01,"Same campaign, same mobile",,,2025-11-28 14:15:00,Yes,Prakash Saikia,2025-11-28 14:15:00,Salaried — MNC,Salaried,,No
167,Sunita,Mahto,AFL-RET-000167,PQ Campaign,Swasthya Care JUL26,CMP-2026-0032,2026-07-18 11:37:00,670112597,7593837735,,sunita.mahto@rediffmail.com,1984-12-02,,,Ranchi,Ranchi,Jharkhand,834008,India,Loan Against Property,MLAP (Shakti),2800000,2026-09-16,Anita Bora,Ranchi — Main Road,East India Region,East Zone,Not interested,NI-02,Already availed loan elsewhere,,,2026-07-22 12:01:00,No,Anita Bora,2026-07-22 12:01:00,Agriculturist,Self-Employed,0.4,No
168,Sneha,Doshi,AFL-RET-000168,Landing page,Professional Edge AUG26,CMP-2026-0036,2026-08-01 18:23:00,577943307,6105220940,,sneha.doshi@rediffmail.com,1976-03-25,,,Ahmedabad,Ahmedabad,Gujarat,380052,India,Retail Home Loans,Disha Home Loan,1400000,2026-09-15,Hardik Bhatt,Ahmedabad — Satellite,Gujarat Region,West Zone,Rejected,REJ-09,Property title not clear,,,2026-08-10 09:04:00,No,Hardik Bhatt,2026-08-10 09:04:00,Business Owner,Self-Employed,,No
169,Madhavi,Achari,AFL-RET-000169,Social media,Shubh Vivah DEC25,CMP-2025-0011,2025-12-21 10:31:00,556121393,7673811500,8886384150,madhavi.achari80@yahoo.com,1973-06-23,MQZPG6079Z,PAN_Madhavi_Achari.pdf,Hyderabad,Rangareddy,Telangana,500089,India,Retail Home Loans,Disha Home Loan,2200000,2026-02-04,Mahesh Varma,Hyderabad — Gachibowli,Telangana Region,South Zone,Rejected,REJ-12,GST / ITR not available,,,2025-12-28 13:46:00,No,Mahesh Varma,2025-12-28 13:46:00,Self-Employed Non-Professional,Self-Employed,,No
170,Vaishnavi,Parikh,AFL-RET-000170,Social media,Property Power APR26,CMP-2026-0023,2026-04-18 19:51:00,629672274,6573505885,7886840351,vaishnavi.parikh@rediffmail.com,1997-08-16,EVEPN8177K,PAN_Vaishnavi_Parikh.pdf,Ahmedabad,Ahmedabad,Gujarat,380009,India,Loan Against Property,MLAP (Shakti),2000000,2026-06-17,Payal Vora,Ahmedabad — CG Road,Gujarat Region,West Zone,Login Initiated,,,,,2026-04-21 10:15:00,No,Payal Vora,2026-04-21 10:15:00,Self-Employed Professional,Self-Employed,0.2,No
171,Hardik,Vora,AFL-RET-000171,Social media,Vyapar Vriddhi JAN26,CMP-2026-0013,2026-01-22 18:37:00,,9134430552,,hardik.vora@gmail.com,1985-07-07,,,Mumbai,Mumbai Suburban,Maharashtra,400059,India,Retail Home Loans,Plot + Construction Loan,8000000,2026-03-23,Mihir Bhatt,Mumbai — Andheri,Maharashtra Region,West Zone,Not interested,NI-02,Already availed loan elsewhere,,,2026-01-24 16:55:00,No,Mihir Bhatt,2026-01-24 16:55:00,Salaried — MNC,Salaried,0.2,No
172,Hetal,Jadhav,AFL-RET-000172,Social media,Balance Transfer Bonanza JUN26,CMP-2026-0030,2026-06-25 10:05:00,,7614640455,,,1984-08-08,PUXPZ3352Z,PAN_Hetal_Jadhav.pdf,Mumbai,Mumbai Suburban,Maharashtra,400069,India,Retail Personal Loans,Medical Emergency Loan,275000,2026-08-24,Bhavesh Patil,Mumbai — Andheri,Maharashtra Region,West Zone,Follow-up,,,2026-09-15,,2026-06-26 17:05:00,No,Bhavesh Patil,2026-06-26 17:05:00,Salaried — Government / PSU,Salaried,2,No
173,Ramesh,Pillai,AFL-RET-000173,Landing page,Property Power MAY26,CMP-2026-0027,2026-05-29 20:12:00,,9168664493,,ramesh.pillai@yahoo.com,1966-06-18,JKWPU9424S,PAN_Ramesh_Pillai.pdf,Chennai,Chennai,Tamil Nadu,600024,India,Loan Against Property,Loan Against Property,20500000,2026-07-13,Saravanan Rajan,Chennai — T Nagar,Tamil Nadu Region,South Zone,Login Initiated,,,,,2026-06-03 10:43:00,No,Saravanan Rajan,2026-06-03 10:43:00,Retired / Pensioner,Salaried,0.2,No
174,Vikram,Ahluwalia,AFL-RET-000174,Website,Professional Edge AUG26,CMP-2026-0036,2026-08-09 14:00:00,,6698959140,9365158878,vikram.ahluwalia63@rediffmail.com,1973-07-27,,,New Delhi,South Delhi,Delhi,110019,India,Retail Personal Loans,Diwali Special Loan,150000,2026-09-08,Rajat Chopra,Delhi — Saket,Delhi NCR Region,North Zone,Rejected,REJ-04,Negative / restricted profile,,,2026-08-10 16:15:00,No,Rajat Chopra,2026-08-10 16:15:00,Salaried — Private Sector,Salaried,,No
175,Sumit,Ahluwalia,AFL-RET-000175,Social media,Diwali Dhamaka OCT25,CMP-2025-0001,2025-10-07 13:51:00,,8109283447,,sumit.ahluwalia@outlook.com,1980-03-09,RHSPD4398E,PAN_Sumit_Ahluwalia.pdf,New Delhi,West Delhi,Delhi,110027,India,Loan Against Property,Loan Against Property,31500000,2025-12-06,Nitin Mishra,Delhi — Rajouri Garden,Delhi NCR Region,North Zone,Rejected,REJ-08,Employer / company not approved,,,2025-10-11 10:41:00,No,Nitin Mishra,2025-10-11 10:41:00,Salaried — MNC,Salaried,,No
176,Krupa,Doshi,AFL-RET-000176,Social media,Shubh Vivah DEC25,CMP-2025-0011,2025-12-08 09:23:00,,9102395621,9892257371,krupa.doshi@rediffmail.com,2003-05-08,QZKPP3122A,PAN_Krupa_Doshi.pdf,Ahmedabad,Ahmedabad,Gujarat,380001,India,Retail Home Loans,Plot + Construction Loan,4200000,2026-02-06,Payal Vora,Ahmedabad — CG Road,Gujarat Region,West Zone,Disbursed,,,,AFLRET25000036,2026-01-10 09:25:00,No,Payal Vora,2026-01-10 09:25:00,Salaried — MNC,Salaried,0.2,No
177,Swapnil,Trivedi,AFL-RET-000177,Website,Shubh Vivah DEC25,CMP-2025-0011,2025-12-02 14:05:00,,7463631349,,swapnil.trivedi@rediffmail.com,1978-08-19,,,Vadodara,Vadodara,Gujarat,390020,India,Retail Personal Loans,Marriage Loan,350000,2026-01-16,Chirag Vora,Vadodara — Alkapuri,Gujarat Region,West Zone,Rejected,REJ-12,GST / ITR not available,,,2025-12-04 10:59:00,No,Chirag Vora,2025-12-04 10:59:00,Self-Employed Non-Professional,Self-Employed,,No
178,Sandip,Mitra,AFL-RET-000178,Social media,Shiksha Education MAY26,CMP-2026-0026,2026-05-11 09:12:00,,7286523287,,sandip.mitra84@gmail.com,1986-06-13,VUAPV9564K,PAN_Sandip_Mitra.pdf,Kolkata,Kolkata,West Bengal,700017,India,Retail Personal Loans,Education Loan,525000,2026-06-25,Rajib Chatterjee,Kolkata — Park Street,West Bengal Region,East Zone,Disbursed,,,,AFLRET26000037,2026-06-11 10:19:00,No,Rajib Chatterjee,2026-06-11 10:19:00,Self-Employed Professional,Self-Employed,0.4,No
179,Nitin,Bhatia,AFL-RET-000179,Website,Gold Utsav APR26,CMP-2026-0024,2026-04-15 20:58:00,,8767830429,6341301658,nitin.bhatia65@yahoo.com,1989-08-06,YSVPE8075N,PAN_Nitin_Bhatia.pdf,New Delhi,West Delhi,Delhi,110015,India,Retail Home Loans,Disha Home Loan,6000000,2026-05-30,Nitin Mishra,Delhi — Rajouri Garden,Delhi NCR Region,North Zone,Not interested,NI-07,Tenure offered not suitable,,,2026-04-20 13:35:00,No,Nitin Mishra,2026-04-20 13:35:00,Salaried — MNC,Salaried,1.3,No
180,Debashish,Chakraborty,AFL-RET-000180,PQ Campaign,Professional Edge AUG26,CMP-2026-0036,2026-08-06 13:18:00,716516261,8909984529,,debashish.chakraborty@gmail.com,2002-03-06,RHEPP6185J,PAN_Debashish_Chakraborty.pdf,Kolkata,Kolkata,West Bengal,700102,India,Retail Personal Loans,Kushal Personal Loan,2600000,2026-10-05,Tanmoy Chakraborty,Kolkata — Salt Lake,West Bengal Region,East Zone,Follow-up,,,2026-09-22,,2026-08-08 11:41:00,No,Tanmoy Chakraborty,2026-08-08 11:41:00,Salaried — Private Sector,Salaried,0.2,No
181,Yash,Deshmukh,AFL-RET-000181,Website,Swasthya Care AUG26,CMP-2026-0035,2026-08-16 18:05:00,,7229150341,9725406968,yash.deshmukh@hotmail.com,1993-07-18,,,Ahmedabad,Ahmedabad,Gujarat,380006,India,Loan Against Property,Lease Rental Discounting,20000000,2026-10-15,Swapnil Vora,Ahmedabad — CG Road,Gujarat Region,West Zone,Rejected,REJ-01,Credit / bureau issue (CIBIL below cut-off),,,2026-08-28 16:20:00,No,Swapnil Vora,2026-08-28 16:20:00,Self-Employed Non-Professional,Self-Employed,,No
182,Deepa,Iyengar,AFL-RET-000182,PQ Campaign,Vyapar Vriddhi JAN26,CMP-2026-0013,2026-01-06 09:58:00,558492573,9411281378,,deepa.iyengar@hotmail.com,1979-06-28,,,Bengaluru,Bengaluru Urban,Karnataka,560048,India,Business & MSME Loans,Vyapar Business Loan,3500000,2026-03-07,Kiran Udupa,Bengaluru — Whitefield,Karnataka Region,South Zone,Rejected,REJ-05,OGL — outside the geo location,,,2026-01-10 12:13:00,No,Kiran Udupa,2026-01-10 12:13:00,Self-Employed Professional,Self-Employed,,No
183,Amit,Grover,AFL-RET-000183,Website,Vyapar Vriddhi FEB26,CMP-2026-0016,2026-02-21 13:00:00,,6628680815,,amit.grover83@rediffmail.com,1975-08-05,JHNPV4745K,PAN_Amit_Grover.pdf,New Delhi,West Delhi,Delhi,110015,India,Business & MSME Loans,Working Capital Loan,2600000,2026-04-22,Nitin Mishra,Delhi — Rajouri Garden,Delhi NCR Region,North Zone,Login Initiated,,,,,2026-02-28 09:36:00,No,Nitin Mishra,2026-02-28 09:36:00,Self-Employed Non-Professional,Self-Employed,0.6,No
184,Bikash,Ghosh,AFL-RET-000184,Website,Shiksha Education AUG26,CMP-2026-0034,2026-08-24 13:31:00,,8215305008,6284218464,bikash.ghosh@gmail.com,1984-10-22,JWJPW8942Z,PAN_Bikash_Ghosh.pdf,Kolkata,Kolkata,West Bengal,700019,India,Retail Personal Loans,Education Loan,925000,2026-09-23,Rajib Chatterjee,Kolkata — Park Street,West Bengal Region,East Zone,Not reachable,NR-02,Invalid / wrong number,,,2026-08-25 17:01:00,No,Rajib Chatterjee,2026-08-25 17:01:00,Self-Employed Professional,Self-Employed,3.5,Yes
185,Srinivas,Sastry,AFL-RET-000185,Website,Swasthya Care AUG26,CMP-2026-0035,2026-08-30 10:44:00,,9705315969,,srinivas.sastry79@gmail.com,1990-03-11,,,Adilabad,Adilabad,Telangana,504001,India,Retail Personal Loans,Kushal Personal Loan,400000,2026-10-29,UNALLOCATED,UNALLOCATED,UNALLOCATED,UNALLOCATED,New,,,,,2026-08-30 10:56:00,No,System,2026-08-30 10:56:00,Salaried — Government / PSU,Salaried,,Yes
186,Debashish,Sarkar,AFL-RET-000186,Landing page,Shubh Vivah FEB26,CMP-2026-0015,2026-02-26 13:05:00,,7394417212,,debashish.sarkar98@outlook.com,1981-11-13,ZTNPR7919E,PAN_Debashish_Sarkar.pdf,Kolkata,Kolkata,West Bengal,700020,India,Retail Personal Loans,Marriage Loan,700000,2026-03-28,Rajib Chatterjee,Kolkata — Park Street,West Bengal Region,East Zone,Rejected,REJ-10,Technical valuation below expectation,,,2026-03-07 09:06:00,No,Rajib Chatterjee,2026-03-07 09:06:00,Business Owner,Self-Employed,,No
187,Pooja,Grover,AFL-RET-000187,Social media,Property Power JUN26,CMP-2026-0029,2026-06-16 14:44:00,,7726033422,8301541725,pooja.grover@rediffmail.com,2001-09-08,WEQPJ8988G,PAN_Pooja_Grover.pdf,New Delhi,West Delhi,Delhi,110058,India,Business & MSME Loans,Machinery Purchase Loan,10500000,2026-07-31,Nitin Mishra,Delhi — Rajouri Garden,Delhi NCR Region,North Zone,Disbursed,,,,AFLRET26000038,2026-07-15 09:44:00,No,Nitin Mishra,2026-07-15 09:44:00,Self-Employed Non-Professional,Self-Employed,3.4,Yes
188,Sasmita,Sahu,AFL-RET-000188,Landing page,Shiksha Education JUL26,CMP-2026-0031,2026-07-06 09:37:00,,8449614220,,sasmita.sahu@outlook.com,1985-04-12,NZBPJ6307J,PAN_Sasmita_Sahu.pdf,Ranchi,Ranchi,Jharkhand,834003,India,Retail Home Loans,Disha Home Loan,950000,2026-08-05,Anita Bora,Ranchi — Main Road,East India Region,East Zone,Disbursed,,,,AFLRET26000039,2026-08-05 12:57:00,No,Anita Bora,2026-08-05 12:57:00,Self-Employed Non-Professional,Self-Employed,0.2,No
189,Deepak,Iyengar,AFL-RET-000189,Landing page,Shiksha Education AUG26,CMP-2026-0034,2026-08-22 16:37:00,719271718,6789140247,,deepak.iyengar@gmail.com,1972-04-22,,,Bengaluru,Bengaluru Urban,Karnataka,560037,India,Retail Personal Loans,Kushal Personal Loan,3400000,2026-10-21,Deepa Iyengar,Bengaluru — Whitefield,Karnataka Region,South Zone,Rejected,REJ-10,Technical valuation below expectation,,,2026-08-24 10:08:00,No,Deepa Iyengar,2026-08-24 10:08:00,Salaried — Government / PSU,Salaried,,No
190,Rohit,Ahluwalia,AFL-RET-000190,Social media,Shubh Vivah NOV25,CMP-2025-0007,2025-11-05 19:23:00,,6722907425,,rohit.ahluwalia26@rediffmail.com,1978-04-12,,,New Delhi,South Delhi,Delhi,110025,India,Business & MSME Loans,Working Capital Loan,5000000,2026-01-04,Rajat Chopra,Delhi — Saket,Delhi NCR Region,North Zone,Not interested,NI-03,Only enquiring — no current need,,,2025-11-08 10:16:00,No,Rajat Chopra,2025-11-08 10:16:00,Business Owner,Self-Employed,13.6,Yes
191,Sourav,Chakraborty,AFL-RET-000191,Landing page,Vyapar Vriddhi MAR26,CMP-2026-0020,2026-03-09 11:18:00,,7143472149,9570213540,sourav.chakraborty70@gmail.com,1982-04-03,TVGPM2281G,PAN_Sourav_Chakraborty.pdf,Siliguri,Darjeeling,West Bengal,734005,India,Business & MSME Loans,Working Capital Loan,13000000,2026-04-23,Srabani Chatterjee,Siliguri — Sevoke Road,West Bengal Region,East Zone,Disbursed,,,,AFLRET26000040,2026-04-02 11:51:00,No,Srabani Chatterjee,2026-04-02 11:51:00,Self-Employed Non-Professional,Self-Employed,4.1,Yes
192,Paromita,Bhattacharya,AFL-RET-000192,Website,Gold Utsav NOV25,CMP-2025-0009,2025-11-15 12:51:00,678301724,7206324401,,paromita.bhattacharya@rediffmail.com,1984-10-24,,,Kolkata,Kolkata,West Bengal,700106,India,Retail Home Loans,Home Loan Balance Transfer,16500000,2025-12-15,Tanmoy Chakraborty,Kolkata — Salt Lake,West Bengal Region,East Zone,Not interested,NI-01,Rate of interest too high,,,2025-11-18 09:47:00,No,Tanmoy Chakraborty,2025-11-18 09:47:00,Business Owner,Self-Employed,0.2,No
193,Rutuja,Shinde,AFL-RET-000193,Landing page,Shubh Vivah FEB26,CMP-2026-0015,2026-02-06 11:05:00,,9683317033,,rutuja.shinde91@gmail.com,1988-11-26,WXVPU8902H,PAN_Rutuja_Shinde.pdf,Pune,Pune,Maharashtra,411004,India,Retail Home Loans,Plot + Construction Loan,1200000,2026-03-23,Parth Parikh,Pune — Shivajinagar,Maharashtra Region,West Zone,Login Initiated,,,,,2026-02-08 10:29:00,No,Parth Parikh,2026-02-08 10:29:00,Business Owner,Self-Employed,0.4,No
194,Priya,Malhotra,AFL-RET-000194,Landing page,Grah Sajawat OCT25,CMP-2025-0005,2025-10-01 17:00:00,,6143762484,,priya.malhotra43@gmail.com,1972-03-23,,,Faridabad,Faridabad,Haryana,121003,India,Retail Personal Loans,Home Renovation Loan,1000000,2025-11-15,Sumit Sinha,Faridabad — Sector 15,Delhi NCR Region,North Zone,Not interested,NI-02,Already availed loan elsewhere,,,2025-10-03 09:21:00,No,Sumit Sinha,2025-10-03 09:21:00,Salaried — Private Sector,Salaried,4.2,Yes
195,Deepak,Jain,AFL-RET-000195,Landing page,Ghar Ka Sapna MAR26,CMP-2026-0019,2026-03-26 20:00:00,,8911963536,,,1960-10-27,,,New Delhi,West Delhi,Delhi,110063,India,Gold & Secured Loans,Loan Against Securities,1900000,2026-04-25,Nitin Mishra,Delhi — Rajouri Garden,Delhi NCR Region,North Zone,Rejected,REJ-04,Negative / restricted profile,,,2026-04-06 09:41:00,No,Nitin Mishra,2026-04-06 09:41:00,Retired / Pensioner,Salaried,,No
196,Divya,Iyengar,AFL-RET-000196,Social media,Swasthya Care JUL26,CMP-2026-0032,2026-07-12 11:37:00,,9120468132,8814367921,divya.iyengar@outlook.com,1990-07-13,,,Bengaluru,Bengaluru Urban,Karnataka,560069,India,Retail Home Loans,Disha Home Loan,2300000,2026-09-10,Nandini Rao,Bengaluru — Jayanagar,Karnataka Region,South Zone,Rejected,REJ-12,GST / ITR not available,,,2026-07-22 11:02:00,No,Nandini Rao,2026-07-22 11:02:00,Salaried — Government / PSU,Salaried,,No
197,Nisha,Chavan,AFL-RET-000197,Landing page,Swasthya Care JUL26,CMP-2026-0032,2026-07-06 12:58:00,,8535522486,,nisha.chavan@hotmail.com,1995-03-05,WTPPL7108R,PAN_Nisha_Chavan.pdf,Mumbai,Mumbai,Maharashtra,400020,India,Retail Personal Loans,Medical Emergency Loan,65000,2026-08-05,Omkar Patel,Mumbai — Fort,Maharashtra Region,West Zone,Sanctioned,,,,AFLRET26000041,2026-07-15 09:50:00,No,Omkar Patel,2026-07-15 09:50:00,Self-Employed Non-Professional,Self-Employed,1.7,No
198,Karan,Gupta,AFL-RET-000198,Website,Professional Edge SEP26,CMP-2026-0039,2026-09-03 19:18:00,132989201,8943715418,8713864764,karan.gupta32@outlook.com,1983-08-03,KALPJ1520N,PAN_Karan_Gupta.pdf,New Delhi,New Delhi,Delhi,110001,India,Loan Against Property,Lease Rental Discounting,56000000,2026-10-03,Ritika Mishra,Delhi — Connaught Place,Delhi NCR Region,North Zone,Follow-up,,,2026-09-20,,2026-09-06 15:18:00,No,Ritika Mishra,2026-09-06 15:18:00,Homemaker,Self-Employed,3.3,Yes
199,Shruthi,Rao,AFL-RET-000199,Social media,Property Power JUN26,CMP-2026-0029,2026-06-30 09:58:00,,8746834016,,shruthi.rao@yahoo.com,1985-09-02,FFBPZ3465T,PAN_Shruthi_Rao.pdf,Bengaluru,Bengaluru Urban,Karnataka,560047,India,Loan Against Property,MLAP (Shakti),625000,2026-08-29,Manoj Nair,Bengaluru — Koramangala,Karnataka Region,South Zone,Disbursed,,,,AFLRET26000042,2026-07-18 09:06:00,No,Manoj Nair,2026-07-18 09:06:00,Self-Employed Professional,Self-Employed,0.7,No
200,Mrunal,Panchal,AFL-RET-000200,Social media,Property Power APR26,CMP-2026-0023,2026-04-26 14:51:00,,9865443239,,mrunal.panchal@rediffmail.com,1983-06-02,,,Ahmedabad,Ahmedabad,Gujarat,380051,India,Loan Against Property,Loan Against Property,5000000,2026-06-25,Hardik Bhatt,Ahmedabad — Satellite,Gujarat Region,West Zone,Not interested,NI-03,Only enquiring — no current need,,,2026-05-01 11:42:00,No,Hardik Bhatt,2026-05-01 11:42:00,Agriculturist,Self-Employed,0.4,No
201,Sameer,Deshmukh,AFL-RET-000201,Landing page,Shubh Vivah DEC25,CMP-2025-0011,2025-12-05 09:58:00,,8388476491,,sameer.deshmukh@yahoo.com,1967-01-13,BUVPR9040N,PAN_Sameer_Deshmukh.pdf,Mumbai,Mumbai,Maharashtra,400020,India,Retail Personal Loans,Marriage Loan,325000,2026-01-04,Omkar Patel,Mumbai — Fort,Maharashtra Region,West Zone,Login Initiated,,,,,2025-12-12 10:14:00,No,Omkar Patel,2025-12-12 10:14:00,Retired / Pensioner,Salaried,4.7,Yes
202,Aniket,Shah,AFL-RET-000202,Website,Professional Edge MAR26,CMP-2026-0021,2026-03-21 17:05:00,214682303,6647534682,8982800009,aniket.shah@outlook.com,1976-01-04,,,Pune,Pune,Maharashtra,411004,India,Business & MSME Loans,Machinery Purchase Loan,6000000,2026-04-20,Nikhil Deshmukh,Pune — Shivajinagar,Maharashtra Region,West Zone,Not interested,NI-02,Already availed loan elsewhere,,,2026-03-24 09:38:00,No,Nikhil Deshmukh,2026-03-24 09:38:00,Business Owner,Self-Employed,0.2,No
203,Chirag,Modi,AFL-RET-000203,Social media,Balance Transfer Bonanza JAN26,CMP-2026-0014,2026-01-07 16:12:00,,9715593367,,chirag.modi@outlook.com,2001-06-09,MBSPG7728L,PAN_Chirag_Modi.pdf,Surat,Surat,Gujarat,395017,India,Retail Home Loans,Plot + Construction Loan,9000000,2026-02-06,Omkar Shah,Surat — Adajan,Gujarat Region,West Zone,Rejected,REJ-13,Others,,,2026-01-10 11:27:00,No,Omkar Shah,2026-01-10 11:27:00,Salaried — Private Sector,Salaried,,No
204,Anita,Deka,AFL-RET-000204,Landing page,Shiksha Education AUG26,CMP-2026-0034,2026-08-23 12:05:00,291424200,6196418836,,anita.deka@rediffmail.com,1983-01-16,AJWPV9846C,PAN_Anita_Deka.pdf,Bhubaneswar,Khordha,Odisha,751001,India,Retail Personal Loans,Marriage Loan,575000,2026-10-22,Rakesh Deka,Bhubaneswar — Saheed Nagar,East India Region,East Zone,Disbursed,,,,AFLRET26000043,2026-09-10 18:30:00,No,Rakesh Deka,2026-09-10 18:30:00,Salaried — MNC,Salaried,0.2,No
205,Bhaskar,Kumar,AFL-RET-000205,Website,Property Power APR26,CMP-2026-0023,2026-04-05 14:18:00,,6672632487,9146814207,bhaskar.kumar@gmail.com,2002-11-13,HMLPZ1243X,PAN_Bhaskar_Kumar.pdf,Visakhapatnam,Visakhapatnam,Andhra Pradesh,530013,India,Retail Personal Loans,Medical Emergency Loan,65000,2026-05-05,Chandra Naidu,Vizag — Dwaraka Nagar,Kerala & AP Region,South Zone,Disbursed,,,,AFLRET26000044,2026-04-27 14:45:00,No,Chandra Naidu,2026-04-27 14:45:00,Salaried — Private Sector,Salaried,0.2,No
206,Naresh,Naidu,AFL-RET-000206,Landing page,Safar Travel APR26,CMP-2026-0025,2026-04-27 19:44:00,,9663132132,,naresh.naidu@gmail.com,1973-06-09,DVMPY4639L,PAN_Naresh_Naidu.pdf,Visakhapatnam,Visakhapatnam,Andhra Pradesh,530013,India,Retail Personal Loans,Marriage Loan,225000,2026-06-26,Chandra Naidu,Vizag — Dwaraka Nagar,Kerala & AP Region,South Zone,Login Initiated,,,,,2026-05-05 10:06:00,No,Chandra Naidu,2026-05-05 10:06:00,Self-Employed Non-Professional,Self-Employed,0.9,No
207,Praveen,Setty,AFL-RET-000207,Website,Diwali Dhamaka NOV25,CMP-2025-0006,2025-11-30 17:31:00,,6459636595,,praveen.setty@gmail.com,1986-01-07,,,Bengaluru,Bengaluru Urban,Karnataka,560082,India,Vehicle & Consumer Loans,Two-Wheeler Loan,95000,2025-12-30,Vinay Jain,Bengaluru — Jayanagar,Karnataka Region,South Zone,Not interested,NI-03,Only enquiring — no current need,,,2025-12-05 10:20:00,No,Vinay Jain,2025-12-05 10:20:00,Business Owner,Self-Employed,12.7,Yes
208,Harsha,Jain,AFL-RET-000208,Website,Vyapar Vriddhi JAN26,CMP-2026-0013,2026-01-29 11:05:00,,6387169460,,harsha.jain@yahoo.com,1990-03-18,,,Hubballi,Dharwad,Karnataka,580023,India,Business & MSME Loans,Working Capital Loan,4700000,2026-03-30,Suhas Pai,Hubballi — Vidyanagar,Karnataka Region,South Zone,Not reachable,NR-03,No response after 3 attempts,,,2026-01-31 10:06:00,No,Suhas Pai,2026-01-31 10:06:00,Business Owner,Self-Employed,0.2,No
209,Mrunal,Shah,AFL-RET-000209,Website,Swasthya Care JUL26,CMP-2026-0032,2026-07-02 09:31:00,,6551874744,8173126799,mrunal.shah@gmail.com,1975-06-28,,,Mumbai,Mumbai Suburban,Maharashtra,400069,India,Business & MSME Loans,MSME Growth Loan,850000,2026-08-01,Mihir Bhatt,Mumbai — Andheri,Maharashtra Region,West Zone,Not interested,NI-03,Only enquiring — no current need,,,2026-07-07 10:43:00,No,Mihir Bhatt,2026-07-07 10:43:00,Self-Employed Non-Professional,Self-Employed,2.2,Yes
210,Manoj,Jain,AFL-RET-000210,Landing page,Safar Travel MAR26,CMP-2026-0022,2026-03-04 13:12:00,655354039,6529909480,,manoj.jain84@gmail.com,2002-03-11,,,Bengaluru,Bengaluru Urban,Karnataka,560041,India,Retail Personal Loans,Kushal Personal Loan,65000,2026-04-03,Nandini Rao,Bengaluru — Jayanagar,Karnataka Region,South Zone,Not interested,NI-06,Family / spouse declined,,,2026-03-07 10:30:00,No,Nandini Rao,2026-03-07 10:30:00,Salaried — MNC,Salaried,0.4,No
211,Divya,Shetty,AFL-RET-000211,Social media,Shiksha Education AUG26,CMP-2026-0034,2026-08-02 10:12:00,,7917286499,,divya.shetty@outlook.com,1983-04-13,,,Bengaluru,Bengaluru Urban,Karnataka,560048,India,Loan Against Property,Lease Rental Discounting,16000000,2026-09-01,Deepa Iyengar,Bengaluru — Whitefield,Karnataka Region,South Zone,Not interested,NI-03,Only enquiring — no current need,,,2026-08-04 18:30:00,No,Deepa Iyengar,2026-08-04 18:30:00,Business Owner,Self-Employed,0.2,No
212,Nagaraj,Kamath,AFL-RET-000212,Website,Shiksha Education AUG26,CMP-2026-0034,2026-08-10 10:31:00,,8458713025,,nagaraj.kamath@yahoo.com,1989-07-27,,,Bengaluru,Bengaluru Urban,Karnataka,560082,India,Retail Personal Loans,Education Loan,575000,2026-10-09,Nandini Rao,Bengaluru — Jayanagar,Karnataka Region,South Zone,Not interested,NI-03,Only enquiring — no current need,,,2026-08-11 10:14:00,No,Nandini Rao,2026-08-11 10:14:00,Salaried — MNC,Salaried,1.3,No
213,Sasmita,Baruah,AFL-RET-000213,Landing page,Balance Transfer Bonanza JUN26,CMP-2026-0030,2026-06-13 12:12:00,,7540097901,,sasmita.baruah54@hotmail.com,1989-04-26,KKTPN3491R,PAN_Sasmita_Baruah.pdf,Guwahati,Kamrup Metro,Assam,781005,India,Retail Home Loans,Home Loan Balance Transfer,16000000,2026-08-12,Sunita Saikia,Guwahati — GS Road,East India Region,East Zone,Disbursed,,,,AFLRET26000045,2026-07-03 13:04:00,No,Sunita Saikia,2026-07-03 13:04:00,Self-Employed Professional,Self-Employed,0.2,No
214,Madhavi,Varma,AFL-RET-000214,PQ Campaign,Property Power JUN26,CMP-2026-0029,2026-06-11 09:12:00,100565703,6487213449,,madhavi.varma@hotmail.com,1984-03-22,,,Warangal,Warangal,Telangana,506002,India,Vehicle & Consumer Loans,Two-Wheeler Loan,40000,2026-07-11,Aruna Reddy,Warangal — Hanamkonda,Telangana Region,South Zone,Follow-up,,,2026-09-08,,2026-06-13 10:25:00,No,Aruna Reddy,2026-06-13 10:25:00,Salaried — Government / PSU,Salaried,10.6,Yes
215,Nilesh,Sawant,AFL-RET-000215,Landing page,Diwali Dhamaka OCT25,CMP-2025-0001,2025-10-19 10:58:00,,7294185172,,nilesh.sawant44@yahoo.com,1997-06-27,,,Mumbai,Mumbai Suburban,Maharashtra,400050,India,Vehicle & Consumer Loans,Consumer Durable Loan,175000,2025-12-03,Jayesh Chavan,Mumbai — Bandra,Maharashtra Region,West Zone,Not interested,NI-04,Requirement postponed,,,2025-10-23 09:20:00,No,Jayesh Chavan,2025-10-23 09:20:00,Salaried — MNC,Salaried,0.2,No
216,Gayathri,Joseph,AFL-RET-000216,Social media,Balance Transfer Bonanza JAN26,CMP-2026-0014,2026-01-26 17:44:00,,9327862551,,gayathri.joseph86@outlook.com,1984-08-01,GXZPY6122A,PAN_Gayathri_Joseph.pdf,Kochi,Ernakulam,Kerala,682017,India,Retail Personal Loans,Debt Consolidation Loan,850000,2026-03-27,Anjana Menon,Kochi — Kaloor,Kerala & AP Region,South Zone,Disbursed,,,,AFLRET26000046,2026-02-21 09:26:00,No,Anjana Menon,2026-02-21 09:26:00,Salaried — MNC,Salaried,3,Yes
217,Aparna,Varma,AFL-RET-000217,PQ Campaign,Grah Sajawat NOV25,CMP-2025-0010,2025-11-01 17:00:00,150703280,6307452677,,aparna.varma7@hotmail.com,1978-01-23,,,Thiruvananthapuram,Thiruvananthapuram,Kerala,695010,India,Retail Personal Loans,Home Renovation Loan,110000,2025-12-31,Vivek Kurup,Trivandrum — Vazhuthacaud,Kerala & AP Region,South Zone,Not reachable,NR-02,Invalid / wrong number,,,2025-11-04 10:59:00,No,Vivek Kurup,2025-11-04 10:59:00,Salaried — Private Sector,Salaried,7.7,Yes
218,Kiran,Reddy,AFL-RET-000218,PQ Campaign,Property Power MAY26,CMP-2026-0027,2026-05-12 18:23:00,956577798,9521153176,,kiran.reddy37@gmail.com,1983-02-08,,,Bengaluru,Bengaluru Urban,Karnataka,560070,India,Retail Home Loans,Plot + Construction Loan,6000000,2026-06-11,Nandini Rao,Bengaluru — Jayanagar,Karnataka Region,South Zone,Rejected,REJ-08,Employer / company not approved,,,2026-05-21 11:37:00,No,Nandini Rao,2026-05-21 11:37:00,Self-Employed Professional,Self-Employed,,No
219,Rajitha,Gupta,AFL-RET-000219,Website,Diwali Dhamaka OCT25,CMP-2025-0001,2025-10-10 13:00:00,,7882452928,,rajitha.gupta@gmail.com,1977-11-23,VAZPS5435H,PAN_Rajitha_Gupta.pdf,Vijayawada,Krishna,Andhra Pradesh,520002,India,Retail Personal Loans,Diwali Special Loan,60000,2025-11-09,Sirisha Chowdary,Vijayawada — MG Road,Kerala & AP Region,South Zone,Rejected,REJ-12,GST / ITR not available,,,2025-10-13 09:36:00,No,Sirisha Chowdary,2025-10-13 09:36:00,Salaried — Private Sector,Salaried,,No
220,Pranav,Deshmukh,AFL-RET-000220,Social media,Ghar Ka Sapna OCT25,CMP-2025-0002,2025-10-11 19:31:00,,6821172954,6480111601,pranav.deshmukh16@gmail.com,1975-12-16,PEMPD2443V,PAN_Pranav_Deshmukh.pdf,Pune,Pune,Maharashtra,411005,India,Retail Home Loans,Disha Home Loan,2400000,2025-11-10,Nikhil Deshmukh,Pune — Shivajinagar,Maharashtra Region,West Zone,Not interested,NI-02,Already availed loan elsewhere,,,2025-10-17 10:38:00,No,Nikhil Deshmukh,2025-10-17 10:38:00,Salaried — Private Sector,Salaried,3.1,Yes
221,Aditi,Chavan,AFL-RET-000221,Social media,Professional Edge MAR26,CMP-2026-0021,2026-03-01 14:05:00,,7347207491,,aditi.chavan@gmail.com,1975-07-02,XVLPT7107F,PAN_Aditi_Chavan.pdf,Pune,Pune,Maharashtra,411001,India,Loan Against Property,Loan Against Property,17000000,2026-04-30,Parth Parikh,Pune — Shivajinagar,Maharashtra Region,West Zone,Not interested,NI-01,Rate of interest too high,,,2026-03-05 11:33:00,No,Parth Parikh,2026-03-05 11:33:00,Salaried — MNC,Salaried,0.2,No
222,Vaishnavi,Rane,AFL-RET-000222,PQ Campaign,Shubh Vivah DEC25,CMP-2025-0011,2025-12-28 20:05:00,673761256,7842574529,,vaishnavi.rane@gmail.com,1988-11-20,,,Surat,Surat,Gujarat,395010,India,Business & MSME Loans,MSME Growth Loan,2000000,2026-01-27,Omkar Shah,Surat — Adajan,Gujarat Region,West Zone,Rejected,REJ-05,OGL — outside the geo location,,,2026-01-10 10:01:00,No,Omkar Shah,2026-01-10 10:01:00,Self-Employed Non-Professional,Self-Employed,,No
223,Mamata,Nath,AFL-RET-000223,Website,Shubh Vivah DEC25,CMP-2025-0011,2025-12-30 09:37:00,743576184,6523510590,6223455011,mamata.nath@yahoo.com,1978-09-28,,,Guwahati,Kamrup Metro,Assam,781028,India,Business & MSME Loans,MSME Growth Loan,4800000,2026-01-29,Sunita Saikia,Guwahati — GS Road,East India Region,East Zone,Follow-up,,,2026-09-18,,2026-01-01 10:58:00,No,Sunita Saikia,2026-01-01 10:58:00,Self-Employed Non-Professional,Self-Employed,0.7,No
224,Prashanth,Murthy,AFL-RET-000224,PQ Campaign,Property Power APR26,CMP-2026-0023,2026-04-12 20:58:00,526301181,9333741696,8196797078,prashanth.murthy31@outlook.com,1987-11-17,BWKPE1580L,PAN_Prashanth_Murthy.pdf,Bengaluru,Bengaluru Urban,Karnataka,560011,India,Business & MSME Loans,MSME Growth Loan,3400000,2026-05-12,Nandini Rao,Bengaluru — Jayanagar,Karnataka Region,South Zone,Rejected,REJ-01,Credit / bureau issue (CIBIL below cut-off),,,2026-04-23 09:17:00,No,Nandini Rao,2026-04-23 09:17:00,Self-Employed Professional,Self-Employed,,No
225,Sandeep,Yadav,AFL-RET-000225,Website,Shiksha Education AUG26,CMP-2026-0034,2026-08-06 15:12:00,,7523331563,,sandeep.yadav21@yahoo.com,1982-06-06,,,Ludhiana,Ludhiana,Punjab,141003,India,Retail Home Loans,Plot + Construction Loan,5500000,2026-09-05,Swati Saxena,Ludhiana — Mall Road,North India Region,North Zone,Rejected,REJ-09,Property title not clear,,,2026-08-12 14:27:00,No,Swati Saxena,2026-08-12 14:27:00,Salaried — Government / PSU,Salaried,,No
226,Manoj,Behera,AFL-RET-000226,PQ Campaign,Swasthya Care AUG26,CMP-2026-0035,2026-08-04 10:44:00,473775520,6391992335,7148141565,manoj.behera@gmail.com,1981-07-22,,,Guwahati,Kamrup Metro,Assam,781007,India,Loan Against Property,Loan Against Property,12000000,2026-09-03,Sunita Saikia,Guwahati — GS Road,East India Region,East Zone,Not interested,NI-02,Already availed loan elsewhere,,,2026-08-09 09:27:00,No,Sunita Saikia,2026-08-09 09:27:00,Salaried — Private Sector,Salaried,0.2,No
227,Arjun,Rathore,AFL-RET-000227,PQ Campaign,Ghar Ka Sapna OCT25,CMP-2025-0002,2025-10-16 16:58:00,653769551,7653663790,,arjun.rathore@gmail.com,1982-11-21,YTRPE4561B,PAN_Arjun_Rathore.pdf,New Delhi,West Delhi,Delhi,110058,India,Retail Home Loans,Disha Home Loan,1300000,2025-12-15,Nitin Mishra,Delhi — Rajouri Garden,Delhi NCR Region,North Zone,Not interested,NI-07,Tenure offered not suitable,,,2025-10-21 13:16:00,No,Nitin Mishra,2025-10-21 13:16:00,Salaried — Private Sector,Salaried,0.2,No
228,Nilesh,Pawar,AFL-RET-000228,PQ Campaign,Shiksha Education AUG26,CMP-2026-0034,2026-08-18 12:51:00,459419152,8379894951,,nilesh.pawar21@rediffmail.com,1991-08-15,,,Pune,Pune,Maharashtra,411033,India,Retail Personal Loans,Education Loan,1300000,2026-09-17,Sneha Parikh,Pune — Wakad,Maharashtra Region,West Zone,Follow-up,,,2026-09-18,,2026-08-21 10:37:00,No,Sneha Parikh,2026-08-21 10:37:00,Salaried — Government / PSU,Salaried,0.2,No
229,Sagar,Panchal,AFL-RET-000229,Social media,Swasthya Care AUG26,CMP-2026-0035,2026-08-23 18:05:00,679888252,7552116586,8206137723,sagar.panchal43@gmail.com,1996-05-27,,,Ahmedabad,Ahmedabad,Gujarat,380054,India,Retail Personal Loans,Diwali Special Loan,250000,2026-09-22,Swapnil Vora,Ahmedabad — CG Road,Gujarat Region,West Zone,Follow-up,,,2026-09-11,,2026-08-26 10:43:00,No,Swapnil Vora,2026-08-26 10:43:00,Salaried — Private Sector,Salaried,0.2,No
230,Vivek,Kurup,AFL-RET-000230,PQ Campaign,Ghar Ka Sapna NOV25,CMP-2025-0008,2025-11-09 13:51:00,957732127,8707824926,,vivek.kurup29@rediffmail.com,1998-06-19,PHKPL8942M,PAN_Vivek_Kurup.pdf,Thiruvananthapuram,Thiruvananthapuram,Kerala,695010,India,Retail Home Loans,Home Purchase Loan,11500000,2026-01-08,Vivek Kurup,Trivandrum — Vazhuthacaud,Kerala & AP Region,South Zone,Not interested,NI-01,Rate of interest too high,,,2025-11-13 09:30:00,No,Vivek Kurup,2025-11-13 09:30:00,Salaried — Private Sector,Salaried,0.2,No
231,Sourav,Sen,AFL-RET-000231,Landing page,Shubh Vivah JAN26,CMP-2026-0012,2026-01-08 13:05:00,,9643573331,7205515252,sourav.sen@outlook.com,1978-03-02,RPDPA6180X,PAN_Sourav_Sen.pdf,Kolkata,Kolkata,West Bengal,700102,India,Retail Personal Loans,Marriage Loan,250000,2026-02-22,Paromita Majumdar,Kolkata — Salt Lake,West Bengal Region,East Zone,Disbursed,,,,AFLRET26000047,2026-02-07 09:13:00,No,Paromita Majumdar,2026-02-07 09:13:00,Salaried — MNC,Salaried,5.3,Yes
232,Padmaja,Raju,AFL-RET-000232,Website,Vyapar Vriddhi FEB26,CMP-2026-0016,2026-02-24 09:51:00,918691604,7307436742,,,1988-06-01,ANBPB9082T,PAN_Padmaja_Raju.pdf,Hyderabad,Hyderabad,Telangana,500073,India,Business & MSME Loans,Working Capital Loan,17000000,2026-03-26,Rajitha Reddy,Hyderabad — Banjara Hills,Telangana Region,South Zone,Not interested,NI-04,Requirement postponed,,,2026-02-28 10:03:00,No,Rajitha Reddy,2026-02-28 10:03:00,Self-Employed Non-Professional,Self-Employed,1.2,No
233,Bhakti,Patil,AFL-RET-000233,Social media,Vyapar Vriddhi JAN26,CMP-2026-0013,2026-01-11 10:12:00,,9447648592,9408610436,bhakti.patil@hotmail.com,1985-06-19,,,Pune,Pune,Maharashtra,411001,India,Gold & Secured Loans,Loan Against Securities,2900000,2026-02-25,Parth Parikh,Pune — Shivajinagar,Maharashtra Region,West Zone,Not interested,NI-02,Already availed loan elsewhere,,,2026-01-15 10:34:00,No,Parth Parikh,2026-01-15 10:34:00,Salaried — MNC,Salaried,0.2,No
234,Gokul,Murugan,AFL-RET-000234,Website,Safar Travel OCT25,CMP-2025-0004,2025-10-12 17:05:00,,8957925024,,gokul.murugan@yahoo.com,1985-11-21,,,Chennai,Chennai,Tamil Nadu,600020,India,Retail Personal Loans,Debt Consolidation Loan,1300000,2025-11-26,Gokul Srinivasan,Chennai — Adyar,Tamil Nadu Region,South Zone,Not interested,NI-04,Requirement postponed,,,2025-10-18 11:48:00,No,Gokul Srinivasan,2025-10-18 11:48:00,Salaried — Government / PSU,Salaried,4.6,Yes
235,Sneha,Bhatt,AFL-RET-000235,Landing page,Safar Travel APR26,CMP-2026-0025,2026-04-06 14:05:00,,9657344672,,sneha.bhatt@gmail.com,1989-07-13,,,Mumbai,Mumbai,Maharashtra,400005,India,Retail Personal Loans,Travel Loan,275000,2026-05-21,Omkar Patel,Mumbai — Fort,Maharashtra Region,West Zone,Not interested,NI-04,Requirement postponed,,,2026-04-07 11:23:00,No,Omkar Patel,2026-04-07 11:23:00,Salaried — MNC,Salaried,1.3,No
236,Bikash,Bhattacharya,AFL-RET-000236,PQ Campaign,Professional Edge SEP26,CMP-2026-0039,2026-09-03 17:18:00,150803230,7155239483,,bikash.bhattacharya@rediffmail.com,1991-12-14,FVPPT9609E,PAN_Bikash_Bhattacharya.pdf,Howrah,Howrah,West Bengal,711101,India,Gold & Secured Loans,Loan Against Securities,700000,2026-10-03,Ananya Das,Howrah — Shibpur,West Bengal Region,East Zone,New,,,,,2026-09-03 17:33:00,No,Ananya Das,2026-09-03 17:33:00,Agriculturist,Self-Employed,,Yes
237,Bhakti,Desai,AFL-RET-000237,Landing page,Balance Transfer Bonanza JAN26,CMP-2026-0014,2026-01-31 12:18:00,,7919039731,6145297361,bhakti.desai@rediffmail.com,1978-02-04,AYEPG1067P,PAN_Bhakti_Desai.pdf,Thane,Thane,Maharashtra,400607,India,Retail Personal Loans,Travel Loan,225000,2026-03-02,Kalyani Joshi,Thane — Ghodbunder,Maharashtra Region,West Zone,Sanctioned,,,,AFLRET26000048,2026-02-15 10:44:00,No,Kalyani Joshi,2026-02-15 10:44:00,Salaried — Private Sector,Salaried,0.2,No
238,Deepak,Kulkarni,AFL-RET-000238,Landing page,Safar Travel MAR26,CMP-2026-0022,2026-03-20 16:00:00,,6553991937,9370089135,deepak.kulkarni@gmail.com,1957-10-22,PGFPG3429W,PAN_Deepak_Kulkarni.pdf,Bengaluru,Bengaluru Urban,Karnataka,560082,India,Gold & Secured Loans,Gold Loan,1500000,2026-05-04,Nandini Rao,Bengaluru — Jayanagar,Karnataka Region,South Zone,Rejected,REJ-12,GST / ITR not available,,,2026-03-27 15:15:00,No,Nandini Rao,2026-03-27 15:15:00,Retired / Pensioner,Salaried,,No
239,Revathi,Kumaraswamy,AFL-RET-000239,Website,Swasthya Care JUL26,CMP-2026-0032,2026-07-08 18:12:00,,6798341989,8732465874,revathi.kumaraswamy24@gmail.com,1985-11-09,,,Chennai,Chennai,Tamil Nadu,600017,India,Retail Personal Loans,Medical Emergency Loan,300000,2026-08-22,Saravanan Rajan,Chennai — T Nagar,Tamil Nadu Region,South Zone,Not interested,NI-04,Requirement postponed,,,2026-07-13 10:54:00,No,Saravanan Rajan,2026-07-13 10:54:00,Self-Employed Professional,Self-Employed,0.7,No
240,Manoj,Udupa,AFL-RET-000240,Website,Balance Transfer Bonanza FEB26,CMP-2026-0017,2026-02-20 13:51:00,490239903,7244274430,,manoj.udupa@gmail.com,1986-01-06,,,Bengaluru,Bengaluru Urban,Karnataka,560011,India,Loan Against Property,Lease Rental Discounting,14500000,2026-03-22,Nandini Rao,Bengaluru — Jayanagar,Karnataka Region,South Zone,Rejected,REJ-07,Existing obligations too high (FOIR),,,2026-02-26 10:23:00,No,Nandini Rao,2026-02-26 10:23:00,Self-Employed Non-Professional,Self-Employed,,No
241,Madhavi,Babu,AFL-RET-000241,Website,Grah Sajawat SEP26,CMP-2026-0040,2026-09-09 10:58:00,690770103,7921994720,6891172938,madhavi.babu@hotmail.com,1973-11-03,,,Hyderabad,Rangareddy,Telangana,500084,India,Loan Against Property,Loan Against Property,5000000,2026-10-24,Mahesh Varma,Hyderabad — Gachibowli,Telangana Region,South Zone,New,,,,,2026-09-09 11:13:00,No,Mahesh Varma,2026-09-09 11:13:00,Business Owner,Self-Employed,,No
242,Parth,Kulkarni,AFL-RET-000242,Landing page,Grah Sajawat SEP26,CMP-2026-0040,2026-09-02 17:58:00,,7717822034,,parth.kulkarni@gmail.com,1962-04-17,,,Ahmedabad,Ahmedabad,Gujarat,380052,India,Retail Personal Loans,Home Renovation Loan,300000,2026-10-17,Hardik Bhatt,Ahmedabad — Satellite,Gujarat Region,West Zone,Not interested,NI-07,Tenure offered not suitable,,,2026-09-04 11:10:00,No,Hardik Bhatt,2026-09-04 11:10:00,Retired / Pensioner,Salaried,0.2,No
243,Sameer,Vora,AFL-RET-000243,Website,Grah Sajawat OCT25,CMP-2025-0005,2025-10-21 11:05:00,,6806913315,6367697422,sameer.vora@gmail.com,1988-03-11,YUMPV1896H,PAN_Sameer_Vora.pdf,Mumbai,Mumbai Suburban,Maharashtra,400072,India,Retail Personal Loans,Kushal Personal Loan,900000,2025-12-05,Aniket Modi,Mumbai — Powai,Maharashtra Region,West Zone,Disbursed,,,,AFLRET25000049,2025-11-14 10:05:00,No,Aniket Modi,2025-11-14 10:05:00,Salaried — MNC,Salaried,0.2,No
244,Ankit,Dua,AFL-RET-000244,PQ Campaign,Shubh Vivah FEB26,CMP-2026-0015,2026-02-14 19:44:00,823518642,9992920268,9630042194,ankit.dua@yahoo.com,1999-07-20,ZUDPZ3059K,PAN_Ankit_Dua.pdf,New Delhi,South Delhi,Delhi,110048,India,Retail Personal Loans,Marriage Loan,650000,2026-04-15,Rajat Chopra,Delhi — Saket,Delhi NCR Region,North Zone,Not reachable,NR-01,Number switched off / unreachable,,,2026-02-16 17:27:00,No,Rajat Chopra,2026-02-16 17:27:00,Salaried — Government / PSU,Salaried,1.6,No
245,Bhaskar,Pillai,AFL-RET-000245,Social media,Diwali Dhamaka NOV25,CMP-2025-0006,2025-11-18 09:05:00,220616127,8263616617,,bhaskar.pillai@yahoo.com,1987-12-19,,,Hyderabad,Rangareddy,Telangana,500019,India,Vehicle & Consumer Loans,Used Car Loan,1200000,2026-01-17,Mahesh Varma,Hyderabad — Gachibowli,Telangana Region,South Zone,Not interested,NI-06,Family / spouse declined,,,2025-11-23 12:05:00,No,Mahesh Varma,2025-11-23 12:05:00,Salaried — Government / PSU,Salaried,8,Yes
246,Ritika,Aggarwal,AFL-RET-000246,Website,Vyapar Vriddhi MAR26,CMP-2026-0020,2026-03-07 15:37:00,464171929,9996443663,,ritika.aggarwal59@rediffmail.com,1981-09-13,,,Gurugram,Gurugram,Haryana,122009,India,Vehicle & Consumer Loans,Used Car Loan,875000,2026-05-06,Aarav Khanna,Gurugram — Cyber City,Delhi NCR Region,North Zone,Not reachable,NR-02,Invalid / wrong number,,,2026-03-09 12:06:00,No,Aarav Khanna,2026-03-09 12:06:00,Salaried — Private Sector,Salaried,4.3,Yes
247,Srabani,Bhattacharya,AFL-RET-000247,Landing page,Safar Travel OCT25,CMP-2025-0004,2025-10-13 14:23:00,682060009,7448408204,,srabani.bhattacharya@rediffmail.com,1971-10-24,DLKPC2786Q,PAN_Srabani_Bhattacharya.pdf,Kolkata,Kolkata,West Bengal,700019,India,Retail Personal Loans,Travel Loan,425000,2025-11-12,Debolina Banerjee,Kolkata — Park Street,West Bengal Region,East Zone,Rejected,REJ-07,Existing obligations too high (FOIR),,,2025-10-19 11:55:00,No,Debolina Banerjee,2025-10-19 11:55:00,Salaried — Private Sector,Salaried,,No
248,Prashanth,Shenoy,AFL-RET-000248,Social media,Diwali Dhamaka NOV25,CMP-2025-0006,2025-11-30 12:18:00,,8786867173,,prashanth.shenoy@gmail.com,1974-11-08,JLKPE2085V,PAN_Prashanth_Shenoy.pdf,Bengaluru,Bengaluru Urban,Karnataka,560071,India,Vehicle & Consumer Loans,Consumer Durable Loan,30000,2025-12-30,Vinay Nair,Bengaluru — Koramangala,Karnataka Region,South Zone,Login Initiated,,,,,2025-12-05 10:03:00,No,Vinay Nair,2025-12-05 10:03:00,Salaried — Government / PSU,Salaried,0.2,No
249,Ritika,Dua,AFL-RET-000249,Social media,Vyapar Vriddhi FEB26,CMP-2026-0016,2026-02-03 19:51:00,,6813335740,,ritika.dua16@hotmail.com,1993-06-20,,,New Delhi,South Delhi,Delhi,110025,India,Business & MSME Loans,Vyapar Business Loan,1900000,2026-04-04,Aarav Kapoor,Delhi — Saket,Delhi NCR Region,North Zone,Not reachable,NR-01,Number switched off / unreachable,,,2026-02-06 09:32:00,No,Aarav Kapoor,2026-02-06 09:32:00,Self-Employed Non-Professional,Self-Employed,0.2,No
250,Divya,Nair,AFL-RET-000250,Landing page,Grah Sajawat SEP26,CMP-2026-0040,2026-09-05 11:00:00,,9939002288,,divya.nair16@outlook.com,1991-09-11,NUFPD1048B,PAN_Divya_Nair.pdf,Bengaluru,Bengaluru Urban,Karnataka,560037,India,Retail Home Loans,Home Loan Balance Transfer,4000000,2026-10-20,Kiran Udupa,Bengaluru — Whitefield,Karnataka Region,South Zone,Rejected,REJ-11,Business vintage below minimum,,,2026-09-10 18:30:00,No,Kiran Udupa,2026-09-10 18:30:00,Business Owner,Self-Employed,,No
251,Sunita,Gogoi,AFL-RET-000251,Social media,Property Power MAY26,CMP-2026-0027,2026-05-05 17:58:00,,9950562864,,sunita.gogoi78@yahoo.com,1973-01-27,,,Patna,Patna,Bihar,800023,India,Loan Against Property,MLAP (Shakti),2600000,2026-06-04,Sanjay Singh,Patna — Boring Road,East India Region,East Zone,Not interested,NI-02,Already availed loan elsewhere,,,2026-05-11 09:21:00,No,Sanjay Singh,2026-05-11 09:21:00,Homemaker,Self-Employed,8.3,Yes
252,Ketan,Rane,AFL-RET-000252,PQ Campaign,Diwali Dhamaka NOV25,CMP-2025-0006,2025-11-04 13:12:00,379607974,9766716402,,ketan.rane@hotmail.com,1983-03-17,BAKPX2681Y,PAN_Ketan_Rane.pdf,Thane,Thane,Maharashtra,400615,India,Retail Personal Loans,Diwali Special Loan,200000,2026-01-03,Kalyani Joshi,Thane — Ghodbunder,Maharashtra Region,West Zone,Sanctioned,,,,AFLRET25000050,2025-11-16 14:30:00,No,Kalyani Joshi,2025-11-16 14:30:00,Self-Employed Non-Professional,Self-Employed,0.3,No
253,Swapnil,Panchal,AFL-RET-000253,Landing page,Balance Transfer Bonanza FEB26,CMP-2026-0017,2026-02-25 14:44:00,,7646148165,,swapnil.panchal@outlook.com,1974-12-24,BTSPM4668Z,PAN_Swapnil_Panchal.pdf,Mumbai,Mumbai,Maharashtra,400021,India,Retail Personal Loans,Debt Consolidation Loan,825000,2026-03-27,Omkar Patel,Mumbai — Fort,Maharashtra Region,West Zone,Sanctioned,,,,AFLRET26000051,2026-03-06 11:09:00,No,Omkar Patel,2026-03-06 11:09:00,Salaried — Private Sector,Salaried,0.2,No
254,Vikram,Jain,AFL-RET-000254,PQ Campaign,Property Power MAY26,CMP-2026-0027,2026-05-23 15:12:00,164881308,8630789254,,vikram.jain89@yahoo.com,1977-09-06,,,Jaipur,Jaipur,Rajasthan,302015,India,Loan Against Property,Lease Rental Discounting,25500000,2026-07-07,Rajat Sethi,Jaipur — C Scheme,North India Region,North Zone,Rejected,REJ-09,Property title not clear,,,2026-05-30 16:27:00,No,Rajat Sethi,2026-05-30 16:27:00,Self-Employed Professional,Self-Employed,,No
255,Gaurav,Mishra,AFL-RET-000255,Website,Shubh Vivah DEC25,CMP-2025-0011,2025-12-15 10:44:00,,7666541688,,gaurav.mishra@gmail.com,2002-07-23,FNQPC9877V,PAN_Gaurav_Mishra.pdf,New Delhi,South Delhi,Delhi,110019,India,Retail Personal Loans,Medical Emergency Loan,875000,2026-02-13,Aarav Kapoor,Delhi — Saket,Delhi NCR Region,North Zone,Disbursed,,,,AFLRET25000052,2026-01-12 10:27:00,No,Aarav Kapoor,2026-01-12 10:27:00,Salaried — MNC,Salaried,0.2,No
256,Aarti,Chopra,AFL-RET-000256,Social media,Safar Travel MAR26,CMP-2026-0022,2026-03-13 16:18:00,,9457493200,8364421275,aarti.chopra@hotmail.com,1982-11-18,KUWPT9590R,PAN_Aarti_Chopra.pdf,Ludhiana,Ludhiana,Punjab,141008,India,Retail Personal Loans,Travel Loan,275000,2026-05-12,Swati Saxena,Ludhiana — Mall Road,North India Region,North Zone,Disbursed,,,,AFLRET26000053,2026-04-05 09:44:00,No,Swati Saxena,2026-04-05 09:44:00,Salaried — Government / PSU,Salaried,0.3,No
257,Prosenjit,Banerjee,AFL-RET-000257,Social media,Ghar Ka Sapna SEP26,CMP-2026-0037,2026-09-01 15:00:00,674678355,6850305434,8735417293,,1991-10-16,,,Kolkata,Kolkata,West Bengal,700106,India,Retail Home Loans,Home Purchase Loan,3900000,2026-10-16,Paromita Majumdar,Kolkata — Salt Lake,West Bengal Region,East Zone,Not interested,NI-06,Family / spouse declined,,,2026-09-06 10:54:00,No,Paromita Majumdar,2026-09-06 10:54:00,Self-Employed Professional,Self-Employed,0.2,No
258,Krupa,Rane,AFL-RET-000258,Landing page,Diwali Dhamaka NOV25,CMP-2025-0006,2025-11-25 09:12:00,,9388800270,9396656111,krupa.rane@gmail.com,2003-11-04,SJUPE4562A,PAN_Krupa_Rane.pdf,Vadodara,Vadodara,Gujarat,390001,India,Gold & Secured Loans,Loan Against Securities,8000000,2026-01-24,Chirag Vora,Vadodara — Alkapuri,Gujarat Region,West Zone,Not interested,NI-07,Tenure offered not suitable,,,2025-11-27 09:21:00,No,Chirag Vora,2025-11-27 09:21:00,Salaried — Private Sector,Salaried,13.2,Yes
259,Mihir,Pawar,AFL-RET-000259,Website,Ghar Ka Sapna SEP26,CMP-2026-0037,2026-09-06 15:18:00,,6573510958,7543100271,mihir.pawar@gmail.com,1982-08-04,,,Mumbai,Mumbai Suburban,Maharashtra,400053,India,Retail Home Loans,Disha Home Loan,5500000,2026-11-05,Jayesh Chavan,Mumbai — Bandra,Maharashtra Region,West Zone,Rejected,REJ-05,OGL — outside the geo location,,,2026-09-10 18:30:00,No,Jayesh Chavan,2026-09-10 18:30:00,Self-Employed Non-Professional,Self-Employed,,No
260,Prakash,Pradhan,AFL-RET-000260,Landing page,Ghar Ka Sapna OCT25,CMP-2025-0002,2025-10-30 09:12:00,,8828921386,6410064414,prakash.pradhan@yahoo.com,1993-10-25,,,Cuttack,Cuttack,Odisha,753001,India,Retail Home Loans,Home Purchase Loan,6500000,2025-11-29,Prakash Saikia,Cuttack — Buxi Bazaar,East India Region,East Zone,Not interested,NI-06,Family / spouse declined,,,2025-11-03 09:47:00,No,Prakash Saikia,2025-11-03 09:47:00,Salaried — Government / PSU,Salaried,3.6,Yes
261,Bikash,Mukherjee,AFL-RET-000261,Social media,Grah Sajawat NOV25,CMP-2025-0010,2025-11-17 20:51:00,,9287680724,8982132361,bikash.mukherjee11@rediffmail.com,1984-06-06,,,Howrah,Howrah,West Bengal,711103,India,Retail Personal Loans,Home Renovation Loan,175000,2026-01-16,Ananya Das,Howrah — Shibpur,West Bengal Region,East Zone,Not interested,NI-02,Already availed loan elsewhere,,,2025-11-20 10:21:00,No,Ananya Das,2025-11-20 10:21:00,Business Owner,Self-Employed,16.9,Yes
262,Kunal,Patil,AFL-RET-000262,Website,Safar Travel OCT25,CMP-2025-0004,2025-10-02 13:44:00,995350141,6506427838,,kunal.patil@yahoo.com,2000-04-26,,,Ahmedabad,Ahmedabad,Gujarat,380051,India,Gold & Secured Loans,Loan Against Securities,5000000,2025-11-01,Hardik Bhatt,Ahmedabad — Satellite,Gujarat Region,West Zone,Not interested,NI-07,Tenure offered not suitable,,,2025-10-07 11:02:00,No,Hardik Bhatt,2025-10-07 11:02:00,Salaried — Private Sector,Salaried,0.2,No
263,Rahul,Malhotra,AFL-RET-000263,Landing page,Property Power MAY26,CMP-2026-0027,2026-05-01 10:00:00,,7609091782,,rahul.malhotra@yahoo.com,1973-05-08,TLAPN8122N,PAN_Rahul_Malhotra.pdf,Jaipur,Jaipur,Rajasthan,302015,India,Gold & Secured Loans,Loan Against Securities,3000000,2026-05-31,Rajat Sethi,Jaipur — C Scheme,North India Region,North Zone,Not interested,NI-03,Only enquiring — no current need,,,2026-05-04 14:18:00,No,Rajat Sethi,2026-05-04 14:18:00,Salaried — MNC,Salaried,0.2,No
264,Kavita,Mishra,AFL-RET-000264,Landing page,Professional Edge AUG26,CMP-2026-0036,2026-08-02 20:05:00,,7778218852,9961090695,kavita.mishra14@rediffmail.com,1976-07-11,,,New Delhi,New Delhi,Delhi,110001,India,Business & MSME Loans,Vyapar Business Loan,950000,2026-10-01,Ritika Mishra,Delhi — Connaught Place,Delhi NCR Region,North Zone,Rejected,REJ-12,GST / ITR not available,,,2026-08-10 16:20:00,No,Ritika Mishra,2026-08-10 16:20:00,Self-Employed Non-Professional,Self-Employed,,No
265,Kumari,Choudhury,AFL-RET-000265,Social media,Shiksha Education AUG26,CMP-2026-0034,2026-08-02 14:51:00,,9267450829,,kumari.choudhury17@gmail.com,1973-08-16,LQBPU6305J,PAN_Kumari_Choudhury.pdf,Patna,Patna,Bihar,800023,India,Retail Personal Loans,Education Loan,1500000,2026-09-16,Sanjay Singh,Patna — Boring Road,East India Region,East Zone,Login Initiated,,,,,2026-08-05 17:09:00,No,Sanjay Singh,2026-08-05 17:09:00,Salaried — Government / PSU,Salaried,0.2,No
266,Swapnil,Pawar,AFL-RET-000266,Social media,Safar Travel APR26,CMP-2026-0025,2026-04-18 17:12:00,,8751881250,6564116881,swapnil.pawar10@outlook.com,1971-10-23,,,Ahmedabad,Ahmedabad,Gujarat,380015,India,Retail Personal Loans,Travel Loan,90000,2026-06-02,Payal Vora,Ahmedabad — CG Road,Gujarat Region,West Zone,Not interested,NI-07,Tenure offered not suitable,,,2026-04-20 11:21:00,No,Payal Vora,2026-04-20 11:21:00,Salaried — Private Sector,Salaried,0.2,No
267,Venkat,Achari,AFL-RET-000267,Social media,Vyapar Vriddhi JAN26,CMP-2026-0013,2026-01-04 18:12:00,375707123,7780058526,9884259671,venkat.achari@outlook.com,1990-01-17,,,Hyderabad,Rangareddy,Telangana,500049,India,Loan Against Property,Lease Rental Discounting,7000000,2026-02-18,Mahesh Varma,Hyderabad — Gachibowli,Telangana Region,South Zone,Follow-up,,,2026-09-10,,2026-01-08 11:20:00,No,Mahesh Varma,2026-01-08 11:20:00,Homemaker,Self-Employed,1,No
268,Rashmi,Murthy,AFL-RET-000268,Social media,Vyapar Vriddhi FEB26,CMP-2026-0016,2026-02-09 12:31:00,,6502048466,,rashmi.murthy91@gmail.com,1974-09-16,,,Bengaluru,Bengaluru Urban,Karnataka,560047,India,Vehicle & Consumer Loans,Consumer Durable Loan,190000,2026-03-11,Vinay Nair,Bengaluru — Koramangala,Karnataka Region,South Zone,Not interested,NI-01,Rate of interest too high,,,2026-02-14 10:09:00,No,Vinay Nair,2026-02-14 10:09:00,Salaried — Private Sector,Salaried,0.2,No
269,Sneha,Bhatt,AFL-RET-000269,PQ Campaign,Balance Transfer Bonanza JUL26,CMP-2026-0033,2026-07-11 15:05:00,213614932,6591776979,6440817313,sneha.bhatt@gmail.com,1978-12-12,KNWPN7594M,PAN_Sneha_Bhatt.pdf,Vadodara,Vadodara,Gujarat,390001,India,Retail Personal Loans,Debt Consolidation Loan,400000,2026-08-25,Chirag Vora,Vadodara — Alkapuri,Gujarat Region,West Zone,Disbursed,,,,AFLRET26000054,2026-08-04 09:54:00,No,Chirag Vora,2026-08-04 09:54:00,Salaried — Private Sector,Salaried,0.5,No
270,Sneha,Bhatt,AFL-RET-000270,PQ Campaign,Balance Transfer Bonanza FEB26,CMP-2026-0017,2026-02-18 09:37:00,312893612,6679439764,,sneha.bhatt16@gmail.com,1987-02-09,,,Pune,Pune,Maharashtra,411004,India,Retail Home Loans,Home Loan Balance Transfer,3000000,2026-03-20,Nikhil Deshmukh,Pune — Shivajinagar,Maharashtra Region,West Zone,Not interested,NI-03,Only enquiring — no current need,,,2026-02-18 17:55:00,No,Nikhil Deshmukh,2026-02-18 17:55:00,Salaried — MNC,Salaried,0.2,No
271,Piyali,Dutta,AFL-RET-000271,Landing page,Swasthya Care AUG26,CMP-2026-0035,2026-08-15 13:18:00,,9288095959,,piyali.dutta@hotmail.com,1992-02-10,ZHTPK2117M,PAN_Piyali_Dutta.pdf,Kolkata,Kolkata,West Bengal,700105,India,Retail Personal Loans,Medical Emergency Loan,750000,2026-09-14,Paromita Majumdar,Kolkata — Salt Lake,West Bengal Region,East Zone,Disbursed,,,,AFLRET26000055,2026-08-30 16:54:00,No,Paromita Majumdar,2026-08-30 16:54:00,Salaried — Private Sector,Salaried,0.4,No
272,Sailaja,Pillai,AFL-RET-000272,Landing page,Property Power APR26,CMP-2026-0023,2026-04-01 14:18:00,,9996529882,,sailaja.pillai@outlook.com,1996-04-18,ETQPX8914C,PAN_Sailaja_Pillai.pdf,Hyderabad,Rangareddy,Telangana,500019,India,Retail Personal Loans,Medical Emergency Loan,130000,2026-05-31,Swapna Gupta,Hyderabad — Gachibowli,Telangana Region,South Zone,Not interested,NI-04,Requirement postponed,,,2026-04-04 09:55:00,No,Swapna Gupta,2026-04-04 09:55:00,Business Owner,Self-Employed,0.2,No
273,Meenakshi,Kapoor,AFL-RET-000273,PQ Campaign,Property Power MAY26,CMP-2026-0027,2026-05-10 16:51:00,852077110,6438163541,7217354280,meenakshi.kapoor@hotmail.com,1984-06-09,,,Lucknow,Lucknow,Uttar Pradesh,226024,India,Retail Personal Loans,Medical Emergency Loan,800000,2026-07-09,Tarun Tiwari,Lucknow — Hazratganj,North India Region,North Zone,Rejected,REJ-12,GST / ITR not available,,,2026-05-16 10:14:00,No,Tarun Tiwari,2026-05-16 10:14:00,Salaried — Private Sector,Salaried,,No
274,Naresh,Murthy,AFL-RET-000274,Landing page,Shiksha Education AUG26,CMP-2026-0034,2026-08-22 14:18:00,,7268408446,6339025021,,1979-04-20,,,Hyderabad,Hyderabad,Telangana,500033,India,Retail Home Loans,Home Loan Balance Transfer,2400000,2026-10-21,Rajitha Reddy,Hyderabad — Banjara Hills,Telangana Region,South Zone,Follow-up,,,2026-09-21,,2026-08-24 09:11:00,No,Rajitha Reddy,2026-08-24 09:11:00,Business Owner,Self-Employed,0.2,No
275,Pankaj,Arora,AFL-RET-000275,PQ Campaign,Property Power APR26,CMP-2026-0023,2026-04-05 09:12:00,331555696,8458559996,,pankaj.arora@yahoo.com,1977-12-20,,,Jodhpur,Jodhpur,Rajasthan,342008,India,Retail Home Loans,Home Loan Balance Transfer,20500000,2026-06-04,Rohit Sharma,Jodhpur — Sardarpura,North India Region,North Zone,Not reachable,NR-03,No response after 3 attempts,,,2026-04-08 10:46:00,No,Rohit Sharma,2026-04-08 10:46:00,Salaried — Private Sector,Salaried,1.2,No
276,Pooja,Bhatia,AFL-RET-000276,Social media,Professional Edge MAR26,CMP-2026-0021,2026-03-09 19:37:00,941893366,9461602084,,,1991-11-07,,,Kanpur,Kanpur Nagar,Uttar Pradesh,208011,India,Vehicle & Consumer Loans,Used Car Loan,650000,2026-04-23,Nitin Bansal,Kanpur — Civil Lines,North India Region,North Zone,Not reachable,NR-01,Number switched off / unreachable,,,2026-03-13 11:32:00,No,Nitin Bansal,2026-03-13 11:32:00,Business Owner,Self-Employed,5.9,Yes
277,Tanvi,Desai,AFL-RET-000277,PQ Campaign,Shiksha Education JUL26,CMP-2026-0031,2026-07-31 10:51:00,892201883,9977452511,,tanvi.desai@outlook.com,1984-01-27,LZVPG3129P,PAN_Tanvi_Desai.pdf,Mumbai,Mumbai Suburban,Maharashtra,400058,India,Retail Personal Loans,Education Loan,425000,2026-09-14,Mihir Bhatt,Mumbai — Andheri,Maharashtra Region,West Zone,Disbursed,,,,AFLRET26000056,2026-08-16 16:28:00,No,Mihir Bhatt,2026-08-16 16:28:00,Self-Employed Professional,Self-Employed,0.2,No
278,Pranav,Sawant,AFL-RET-000278,Landing page,Shiksha Education JUL26,CMP-2026-0031,2026-07-26 11:58:00,,7451585486,,pranav.sawant@outlook.com,1985-05-16,,,Mumbai,Mumbai Suburban,Maharashtra,400097,India,Retail Personal Loans,Education Loan,120000,2026-09-09,Bhavesh Modi,Mumbai — Powai,Maharashtra Region,West Zone,Not interested,NI-06,Family / spouse declined,,,2026-07-28 09:46:00,No,Bhavesh Modi,2026-07-28 09:46:00,Salaried — Government / PSU,Salaried,5.8,Yes
279,Chetan,Hegde,AFL-RET-000279,Social media,Shubh Vivah JAN26,CMP-2026-0012,2026-01-28 14:05:00,,6690044463,6894482309,chetan.hegde@hotmail.com,1980-12-23,,,Bengaluru,Bengaluru Urban,Karnataka,560067,India,Loan Against Property,Lease Rental Discounting,7000000,2026-02-27,Deepa Iyengar,Bengaluru — Whitefield,Karnataka Region,South Zone,Not interested,NI-05,Processing fee not acceptable,,,2026-02-02 15:41:00,No,Deepa Iyengar,2026-02-02 15:41:00,Business Owner,Self-Employed,2.6,Yes
280,Rituparna,Mukherjee,AFL-RET-000280,Website,Safar Travel MAR26,CMP-2026-0022,2026-03-16 14:31:00,,9412467380,,rituparna.mukherjee43@gmail.com,1973-11-24,,,Howrah,Howrah,West Bengal,711106,India,Retail Personal Loans,Travel Loan,375000,2026-04-15,Ananya Das,Howrah — Shibpur,West Bengal Region,East Zone,Follow-up,,,2026-09-22,,2026-03-17 10:49:00,No,Ananya Das,2026-03-17 10:49:00,Salaried — MNC,Salaried,0.2,No
281,Dinesh,Kumaraswamy,AFL-RET-000281,PQ Campaign,Professional Edge MAR26,CMP-2026-0021,2026-03-23 15:31:00,744511915,7171943580,,dinesh.kumaraswamy64@rediffmail.com,1988-03-22,UNSPA1066M,PAN_Dinesh_Kumaraswamy.pdf,Chennai,Chennai,Tamil Nadu,600020,India,Retail Personal Loans,Medical Emergency Loan,100000,2026-04-22,Suresh Raman,Chennai — Adyar,Tamil Nadu Region,South Zone,Not interested,NI-03,Only enquiring — no current need,,,2026-03-28 14:37:00,No,Suresh Raman,2026-03-28 14:37:00,Self-Employed Non-Professional,Self-Employed,1.1,No
282,Padmaja,Pillai,AFL-RET-000282,Landing page,Vyapar Vriddhi FEB26,CMP-2026-0016,2026-02-23 09:31:00,,6804378214,,padmaja.pillai4@hotmail.com,1982-11-15,,,Anantapur,Anantapur,Andhra Pradesh,515001,India,Retail Personal Loans,Education Loan,700000,2026-04-24,UNALLOCATED,UNALLOCATED,UNALLOCATED,UNALLOCATED,New,,,,,2026-02-23 09:43:00,No,System,2026-02-23 09:43:00,Self-Employed Non-Professional,Self-Employed,,Yes
283,Krupa,Bhatt,AFL-RET-000283,Website,Shubh Vivah JAN26,CMP-2026-0012,2026-01-11 09:18:00,,8982065404,8387032727,krupa.bhatt@yahoo.com,1984-12-09,,,Mumbai,Mumbai Suburban,Maharashtra,400058,India,Retail Personal Loans,Kushal Personal Loan,105000,2026-02-25,Mihir Bhatt,Mumbai — Andheri,Maharashtra Region,West Zone,Rejected,REJ-09,Property title not clear,,,2026-01-15 15:33:00,No,Mihir Bhatt,2026-01-15 15:33:00,Salaried — MNC,Salaried,,No
284,Yash,Wagh,AFL-RET-000284,Website,Professional Edge AUG26,CMP-2026-0036,2026-08-15 19:00:00,240067376,9737821345,8306718091,yash.wagh@hotmail.com,1986-02-07,HHYPC9964T,PAN_Yash_Wagh.pdf,Ahmedabad,Ahmedabad,Gujarat,380054,India,Business & MSME Loans,Machinery Purchase Loan,2100000,2026-09-29,Payal Vora,Ahmedabad — CG Road,Gujarat Region,West Zone,Rejected,REJ-04,Negative / restricted profile,,,2026-08-25 10:15:00,No,Payal Vora,2026-08-25 10:15:00,Self-Employed Professional,Self-Employed,,No
285,Alok,Nath,AFL-RET-000285,Landing page,Property Power JUN26,CMP-2026-0029,2026-06-25 11:12:00,,8134752217,6815499003,alok.nath75@gmail.com,1989-02-08,,,Guwahati,Kamrup Metro,Assam,781006,India,Loan Against Property,Loan Against Property,22000000,2026-08-09,Sunita Saikia,Guwahati — GS Road,East India Region,East Zone,Rejected,REJ-05,OGL — outside the geo location,,,2026-07-04 10:43:00,No,Sunita Saikia,2026-07-04 10:43:00,Salaried — Government / PSU,Salaried,,No
286,Debolina,Sarkar,AFL-RET-000286,PQ Campaign,Property Power APR26,CMP-2026-0023,2026-04-08 10:51:00,543717737,9983058130,9324922478,debolina.sarkar@outlook.com,1996-06-18,JBQPJ1325W,PAN_Debolina_Sarkar.pdf,Kolkata,Kolkata,West Bengal,700017,India,Retail Personal Loans,Medical Emergency Loan,325000,2026-06-07,Rajib Chatterjee,Kolkata — Park Street,West Bengal Region,East Zone,Not interested,NI-05,Processing fee not acceptable,,,2026-04-11 17:27:00,No,Rajib Chatterjee,2026-04-11 17:27:00,Salaried — MNC,Salaried,2.6,Yes
287,Revathi,Raman,AFL-RET-000287,Website,Vyapar Vriddhi MAR26,CMP-2026-0020,2026-03-24 12:23:00,,7805384278,6256957156,revathi.raman3@gmail.com,1988-07-02,,,Chennai,Chennai,Tamil Nadu,600024,India,Business & MSME Loans,Working Capital Loan,8000000,2026-05-08,Saravanan Rajan,Chennai — T Nagar,Tamil Nadu Region,South Zone,Rejected,REJ-09,Property title not clear,,,2026-03-26 14:38:00,No,Saravanan Rajan,2026-03-26 14:38:00,Business Owner,Self-Employed,,No
288,Bhavani,Rao,AFL-RET-000288,Website,Balance Transfer Bonanza JUN26,CMP-2026-0030,2026-06-21 14:44:00,,8108491729,,bhavani.rao69@rediffmail.com,1998-07-09,JCQPD1365V,PAN_Bhavani_Rao.pdf,Visakhapatnam,Visakhapatnam,Andhra Pradesh,530020,India,Retail Personal Loans,Home Renovation Loan,130000,2026-07-21,Chandra Naidu,Vizag — Dwaraka Nagar,Kerala & AP Region,South Zone,Sanctioned,,,,AFLRET26000057,2026-07-05 09:30:00,No,Chandra Naidu,2026-07-05 09:30:00,Agriculturist,Self-Employed,0.2,No
289,Kalyani,Shah,AFL-RET-000289,PQ Campaign,Professional Edge AUG26,CMP-2026-0036,2026-08-23 11:31:00,780258221,8534294118,,kalyani.shah18@outlook.com,1992-07-18,ZFMPU9181Q,PAN_Kalyani_Shah.pdf,Thane,Thane,Maharashtra,400607,India,Business & MSME Loans,Machinery Purchase Loan,2600000,2026-10-22,Kalyani Joshi,Thane — Ghodbunder,Maharashtra Region,West Zone,Not interested,NI-04,Requirement postponed,,,2026-08-27 16:49:00,No,Kalyani Joshi,2026-08-27 16:49:00,Self-Employed Non-Professional,Self-Employed,0.3,No
290,Omkar,Mehta,AFL-RET-000290,Website,Swasthya Care JUL26,CMP-2026-0032,2026-07-06 10:51:00,,7313110925,8267581834,omkar.mehta@gmail.com,1988-07-22,BVYPJ2904C,PAN_Omkar_Mehta.pdf,Pune,Pune,Maharashtra,411001,India,Retail Home Loans,Plot + Construction Loan,2100000,2026-08-05,Nikhil Deshmukh,Pune — Shivajinagar,Maharashtra Region,West Zone,Not reachable,NR-02,Invalid / wrong number,,,2026-07-09 11:29:00,No,Nikhil Deshmukh,2026-07-09 11:29:00,Self-Employed Non-Professional,Self-Employed,0.2,No
291,Mrunal,Jadhav,AFL-RET-000291,PQ Campaign,Gold Utsav OCT25,CMP-2025-0003,2025-10-11 10:23:00,763994956,9584996838,9684080311,mrunal.jadhav@rediffmail.com,1975-03-16,KBRPC8246F,PAN_Mrunal_Jadhav.pdf,Nashik,Nashik,Maharashtra,422002,India,Gold & Secured Loans,Gold Loan,950000,2025-11-10,Tanvi Mehta,Nashik — College Road,Maharashtra Region,West Zone,Disbursed,,,,AFLRET25000058,2025-10-23 10:40:00,No,Tanvi Mehta,2025-10-23 10:40:00,Salaried — Government / PSU,Salaried,0.2,No
292,Gaurav,Sinha,AFL-RET-000292,Website,Shubh Vivah DEC25,CMP-2025-0011,2025-12-07 09:05:00,415817140,6985360943,,gaurav.sinha58@rediffmail.com,1973-01-14,KBXPC5195E,PAN_Gaurav_Sinha.pdf,New Delhi,West Delhi,Delhi,110058,India,Loan Against Property,MLAP (Shakti),1900000,2026-01-21,Arjun Sethi,Delhi — Rajouri Garden,Delhi NCR Region,North Zone,Disbursed,,,,AFLRET25000059,2026-01-03 14:53:00,No,Arjun Sethi,2026-01-03 14:53:00,Self-Employed Professional,Self-Employed,8.8,Yes
293,Vishal,Singh,AFL-RET-000293,PQ Campaign,Shubh Vivah DEC25,CMP-2025-0011,2025-12-27 10:51:00,834742732,8857997258,,vishal.singh53@yahoo.com,1981-05-10,,,Lucknow,Lucknow,Uttar Pradesh,226010,India,Retail Personal Loans,Kushal Personal Loan,3000000,2026-02-25,Tarun Tiwari,Lucknow — Hazratganj,North India Region,North Zone,Not interested,NI-06,Family / spouse declined,,,2025-12-30 09:18:00,No,Tarun Tiwari,2025-12-30 09:18:00,Salaried — Private Sector,Salaried,0.2,No
294,Hardik,Desai,AFL-RET-000294,Landing page,Gold Utsav APR26,CMP-2026-0024,2026-04-04 14:00:00,,8234991627,,hardik.desai@gmail.com,1983-10-12,,,Pune,Pune,Maharashtra,411004,India,Loan Against Property,Lease Rental Discounting,24000000,2026-06-03,Nikhil Deshmukh,Pune — Shivajinagar,Maharashtra Region,West Zone,Not interested,NI-04,Requirement postponed,,,2026-04-09 10:37:00,No,Nikhil Deshmukh,2026-04-09 10:37:00,Business Owner,Self-Employed,2.1,Yes
295,Bhaskar,Reddy,AFL-RET-000295,Landing page,Swasthya Care AUG26,CMP-2026-0035,2026-08-14 15:12:00,103462575,7655133757,,bhaskar.reddy37@gmail.com,1999-05-03,FZTPS4329Q,PAN_Bhaskar_Reddy.pdf,Visakhapatnam,Visakhapatnam,Andhra Pradesh,530002,India,Retail Home Loans,Disha Home Loan,2900000,2026-09-28,Chandra Naidu,Vizag — Dwaraka Nagar,Kerala & AP Region,South Zone,Sanctioned,,,,AFLRET26000060,2026-08-23 11:22:00,No,Chandra Naidu,2026-08-23 11:22:00,Self-Employed Non-Professional,Self-Employed,8,Yes
296,Deepak,Singh,AFL-RET-000296,Landing page,Balance Transfer Bonanza FEB26,CMP-2026-0017,2026-02-19 09:23:00,,8815266926,9899553505,deepak.singh12@hotmail.com,2000-10-12,FSBPG8129Z,PAN_Deepak_Singh.pdf,Noida,Gautam Buddha Nagar,Uttar Pradesh,201304,India,Retail Home Loans,Home Loan Balance Transfer,2900000,2026-03-21,Ritika Singh,Noida — Sector 62,Delhi NCR Region,North Zone,Rejected,REJ-05,OGL — outside the geo location,,,2026-03-04 09:06:00,No,Ritika Singh,2026-03-04 09:06:00,Salaried — Private Sector,Salaried,,No
297,Prosenjit,Ghosh,AFL-RET-000297,Landing page,Shubh Vivah DEC25,CMP-2025-0011,2025-12-30 17:05:00,993862897,7892697467,9373495315,prosenjit.ghosh@gmail.com,2001-11-12,,,Kolkata,Kolkata,West Bengal,700016,India,Retail Personal Loans,Travel Loan,75000,2026-02-28,Debolina Banerjee,Kolkata — Park Street,West Bengal Region,East Zone,Not interested,NI-06,Family / spouse declined,,,2026-01-02 09:03:00,No,Debolina Banerjee,2026-01-02 09:03:00,Salaried — Private Sector,Salaried,0.2,No
298,Krupa,Wagh,AFL-RET-000298,Landing page,Safar Travel MAR26,CMP-2026-0022,2026-03-08 11:58:00,,8923391817,,krupa.wagh@rediffmail.com,2001-01-03,,,Pune,Pune,Maharashtra,411005,India,Gold & Secured Loans,Gold Loan,40000,2026-04-07,Nikhil Deshmukh,Pune — Shivajinagar,Maharashtra Region,West Zone,Rejected,REJ-02,Income below minimum,,,2026-03-19 10:02:00,No,Nikhil Deshmukh,2026-03-19 10:02:00,Salaried — Private Sector,Salaried,,No
299,Sanjay,Oraon,AFL-RET-000299,PQ Campaign,Property Power MAY26,CMP-2026-0027,2026-05-05 10:37:00,415382349,7290381972,,sanjay.oraon@hotmail.com,1991-09-10,,,Patna,Patna,Bihar,800020,India,Gold & Secured Loans,Loan Against Securities,1100000,2026-07-04,Sanjay Singh,Patna — Boring Road,East India Region,East Zone,Rejected,REJ-05,OGL — outside the geo location,,,2026-05-15 14:52:00,No,Sanjay Singh,2026-05-15 14:52:00,Business Owner,Self-Employed,,No
300,Chetan,Rao,AFL-RET-000300,PQ Campaign,Balance Transfer Bonanza JAN26,CMP-2026-0014,2026-01-28 14:58:00,181451090,6669014541,,chetan.rao@gmail.com,1997-09-03,,,Bengaluru,Bengaluru Urban,Karnataka,560066,India,Retail Home Loans,Home Loan Balance Transfer,3200000,2026-03-29,Kiran Udupa,Bengaluru — Whitefield,Karnataka Region,South Zone,Rejected,REJ-02,Income below minimum,,,2026-02-01 17:13:00,No,Kiran Udupa,2026-02-01 17:13:00,Salaried — Government / PSU,Salaried,,No
301,Satish,Sarma,AFL-RET-000301,Landing page,Grah Sajawat OCT25,CMP-2025-0005,2025-10-20 10:37:00,253843265,6700023424,9497161430,satish.sarma@gmail.com,1974-06-20,,,Adilabad,Adilabad,Telangana,504001,India,Retail Personal Loans,Home Renovation Loan,225000,2025-12-19,UNALLOCATED,UNALLOCATED,UNALLOCATED,UNALLOCATED,New,,,,,2025-10-20 10:49:00,No,System,2025-10-20 10:49:00,Salaried — MNC,Salaried,,Yes
302,Sumit,Singh,AFL-RET-000302,Website,Shubh Vivah NOV25,CMP-2025-0007,2025-11-25 19:12:00,,7999311543,9614186395,sumit.singh@hotmail.com,1985-06-21,,,Ludhiana,Ludhiana,Punjab,141008,India,Retail Personal Loans,Marriage Loan,1000000,2026-01-09,Swati Saxena,Ludhiana — Mall Road,North India Region,North Zone,Rejected,REJ-01,Credit / bureau issue (CIBIL below cut-off),,,2025-12-07 11:56:00,No,Swati Saxena,2025-12-07 11:56:00,Salaried — MNC,Salaried,,No
303,Bhavana,Reddy,AFL-RET-000303,Landing page,Balance Transfer Bonanza JUN26,CMP-2026-0030,2026-06-03 18:12:00,,6589968023,6947952169,bhavana.reddy@yahoo.com,1994-10-04,JWYPB3253D,PAN_Bhavana_Reddy.pdf,Bengaluru,Bengaluru Urban,Karnataka,560069,India,Business & MSME Loans,Working Capital Loan,5500000,2026-07-18,Vinay Jain,Bengaluru — Jayanagar,Karnataka Region,South Zone,Rejected,REJ-07,Existing obligations too high (FOIR),,,2026-06-16 10:36:00,No,Vinay Jain,2026-06-16 10:36:00,Business Owner,Self-Employed,,No
304,Satish,Varma,AFL-RET-000304,Social media,Shiksha Education MAY26,CMP-2026-0026,2026-05-17 16:12:00,,9497628526,7844743387,satish.varma@hotmail.com,2000-04-18,UMMPY5337L,PAN_Satish_Varma.pdf,Hyderabad,Hyderabad,Telangana,500033,India,Retail Personal Loans,Marriage Loan,1500000,2026-07-01,Rajitha Reddy,Hyderabad — Banjara Hills,Telangana Region,South Zone,Disbursed,,,,AFLRET26000061,2026-06-05 09:11:00,No,Rajitha Reddy,2026-06-05 09:11:00,Student,Salaried,0.2,No
305,Bhavesh,Vora,AFL-RET-000305,PQ Campaign,Professional Edge AUG26,CMP-2026-0036,2026-08-05 15:44:00,128043958,9638063723,,bhavesh.vora@gmail.com,1982-11-25,ACDPP2156L,PAN_Bhavesh_Vora.pdf,Ahmedabad,Ahmedabad,Gujarat,380006,India,Retail Home Loans,Disha Home Loan,3700000,2026-09-04,Swapnil Vora,Ahmedabad — CG Road,Gujarat Region,West Zone,Not interested,NI-02,Already availed loan elsewhere,,,2026-08-08 10:26:00,No,Swapnil Vora,2026-08-08 10:26:00,Salaried — Private Sector,Salaried,0.3,No
306,Pranav,Gaikwad,AFL-RET-000306,Website,Professional Edge FEB26,CMP-2026-0018,2026-02-02 20:00:00,954111950,8784744355,8168183664,pranav.gaikwad@outlook.com,1972-12-11,,,Mumbai,Mumbai,Maharashtra,400005,India,Retail Home Loans,Plot + Construction Loan,1800000,2026-04-03,Rutuja Pawar,Mumbai — Fort,Maharashtra Region,West Zone,Not reachable,NR-03,No response after 3 attempts,,,2026-02-06 11:08:00,No,Rutuja Pawar,2026-02-06 11:08:00,Salaried — Private Sector,Salaried,0.2,No
307,Aarav,Malhotra,AFL-RET-000307,PQ Campaign,Safar Travel OCT25,CMP-2025-0004,2025-10-15 14:00:00,406232381,6242768255,,aarav.malhotra62@outlook.com,1988-07-18,ARJPN9957S,PAN_Aarav_Malhotra.pdf,Noida,Gautam Buddha Nagar,Uttar Pradesh,201303,India,Vehicle & Consumer Loans,Used Car Loan,425000,2025-11-14,Ritika Singh,Noida — Sector 62,Delhi NCR Region,North Zone,Rejected,REJ-08,Employer / company not approved,,,2025-10-18 11:15:00,No,Ritika Singh,2025-10-18 11:15:00,Self-Employed Non-Professional,Self-Employed,,No
308,Arun,Vaidyanathan,AFL-RET-000308,Website,Swasthya Care AUG26,CMP-2026-0035,2026-08-23 14:18:00,,7135314547,,arun.vaidyanathan43@gmail.com,1981-02-08,,,Madurai,Madurai,Tamil Nadu,625020,India,Gold & Secured Loans,Loan Against Securities,675000,2026-09-22,Kavya Krishnan,Madurai — Anna Nagar,Tamil Nadu Region,South Zone,Follow-up,,,2026-09-19,,2026-08-25 13:24:00,No,Kavya Krishnan,2026-08-25 13:24:00,Salaried — Private Sector,Salaried,4.1,Yes
309,Madhumita,Sarkar,AFL-RET-000309,Landing page,Swasthya Care SEP26,CMP-2026-0038,2026-09-04 10:00:00,,9120417486,,madhumita.sarkar4@rediffmail.com,1968-03-18,,,Kolkata,Kolkata,West Bengal,700105,India,Retail Personal Loans,Medical Emergency Loan,225000,2026-10-04,Paromita Majumdar,Kolkata — Salt Lake,West Bengal Region,East Zone,Follow-up,,,2026-09-14,,2026-09-06 11:02:00,No,Paromita Majumdar,2026-09-06 11:02:00,Business Owner,Self-Employed,0.2,No
310,Nisha,Patel,AFL-RET-000310,Website,Shubh Vivah DEC25,CMP-2025-0011,2025-12-19 15:12:00,,7201350852,,nisha.patel@rediffmail.com,1994-06-14,BQUPY4233G,PAN_Nisha_Patel.pdf,Mumbai,Mumbai,Maharashtra,400021,India,Professional Loans,CA / Professional Loan,3200000,2026-01-18,Rutuja Pawar,Mumbai — Fort,Maharashtra Region,West Zone,Follow-up,,,2026-09-07,,2025-12-22 10:30:00,No,Rutuja Pawar,2025-12-22 10:30:00,Agriculturist,Self-Employed,0.2,No
311,Ranjan,Baruah,AFL-RET-000311,Social media,Gold Utsav APR26,CMP-2026-0024,2026-04-27 09:18:00,,6940837162,,,2000-12-04,,,Ranchi,Ranchi,Jharkhand,834008,India,Retail Personal Loans,Debt Consolidation Loan,725000,2026-06-11,Anita Bora,Ranchi — Main Road,East India Region,East Zone,Rejected,REJ-10,Technical valuation below expectation,,,2026-05-09 13:33:00,No,Anita Bora,2026-05-09 13:33:00,Student,Salaried,,No
312,Praveen,Udupa,AFL-RET-000312,Social media,Vyapar Vriddhi JAN26,CMP-2026-0013,2026-01-06 18:44:00,548984466,9437770166,,praveen.udupa7@rediffmail.com,1998-05-13,,,Bengaluru,Bengaluru Urban,Karnataka,560047,India,Business & MSME Loans,MSME Growth Loan,8500000,2026-03-07,Vinay Nair,Bengaluru — Koramangala,Karnataka Region,South Zone,Not interested,NI-03,Only enquiring — no current need,,,2026-01-09 12:21:00,No,Vinay Nair,2026-01-09 12:21:00,Self-Employed Professional,Self-Employed,0.2,No
313,Ashwin,Mahadevan,AFL-RET-000313,Social media,Ghar Ka Sapna SEP26,CMP-2026-0037,2026-09-03 15:31:00,,8749116839,7197209346,ashwin.mahadevan@gmail.com,1998-07-19,,,Madurai,Madurai,Tamil Nadu,625001,India,Business & MSME Loans,Working Capital Loan,3800000,2026-10-03,Kavya Krishnan,Madurai — Anna Nagar,Tamil Nadu Region,South Zone,Not interested,NI-07,Tenure offered not suitable,,,2026-09-08 09:59:00,No,Kavya Krishnan,2026-09-08 09:59:00,Self-Employed Non-Professional,Self-Employed,0.2,No
314,Gaurav,Verma,AFL-RET-000314,Landing page,Vyapar Vriddhi JAN26,CMP-2026-0013,2026-01-16 12:18:00,,8407139663,9572590304,gaurav.verma@rediffmail.com,1989-01-09,,,New Delhi,West Delhi,Delhi,110063,India,Business & MSME Loans,Vyapar Business Loan,3200000,2026-02-15,Arjun Sethi,Delhi — Rajouri Garden,Delhi NCR Region,North Zone,Not interested,NI-06,Family / spouse declined,,,2026-01-20 15:06:00,No,Arjun Sethi,2026-01-20 15:06:00,Self-Employed Non-Professional,Self-Employed,0.8,No
315,Pallavi,Shetty,AFL-RET-000315,Website,Ghar Ka Sapna SEP26,CMP-2026-0037,2026-09-05 16:31:00,,9172866695,,pallavi.shetty54@gmail.com,1983-02-28,,,Bengaluru,Bengaluru Urban,Karnataka,560103,India,Retail Home Loans,Home Purchase Loan,13000000,2026-11-04,Deepa Iyengar,Bengaluru — Whitefield,Karnataka Region,South Zone,New,,,,,2026-09-05 16:46:00,No,Deepa Iyengar,2026-09-05 16:46:00,Salaried — Government / PSU,Salaried,,Yes
316,Amit,Kapoor,AFL-RET-000316,Landing page,Balance Transfer Bonanza JAN26,CMP-2026-0014,2026-01-16 13:51:00,,6597634306,,amit.kapoor35@gmail.com,1992-05-27,ZTJPJ1812N,PAN_Amit_Kapoor.pdf,New Delhi,West Delhi,Delhi,110058,India,Professional Loans,CA / Professional Loan,400000,2026-03-17,Arjun Sethi,Delhi — Rajouri Garden,Delhi NCR Region,North Zone,Disbursed,,,,AFLRET26000062,2026-02-21 11:56:00,No,Arjun Sethi,2026-02-21 11:56:00,Self-Employed Professional,Self-Employed,0.2,No
317,Divya,Ahluwalia,AFL-RET-000317,Social media,Shubh Vivah JAN26,CMP-2026-0012,2026-01-29 15:18:00,,8420784565,,divya.ahluwalia33@hotmail.com,1971-11-14,,,New Delhi,South Delhi,Delhi,110025,India,Professional Loans,CA / Professional Loan,1200000,2026-03-15,Aarav Kapoor,Delhi — Saket,Delhi NCR Region,North Zone,Not interested,NI-01,Rate of interest too high,,,2026-02-02 09:59:00,No,Aarav Kapoor,2026-02-02 09:59:00,Self-Employed Non-Professional,Self-Employed,3.4,Yes
318,Aarav,Saxena,AFL-RET-000318,Landing page,Swasthya Care AUG26,CMP-2026-0035,2026-08-01 12:44:00,530389823,6637540721,6910139966,aarav.saxena56@outlook.com,1997-06-28,QUGPG6032K,PAN_Aarav_Saxena.pdf,Lucknow,Lucknow,Uttar Pradesh,226010,India,Retail Home Loans,Plot + Construction Loan,10000000,2026-08-31,Tarun Tiwari,Lucknow — Hazratganj,North India Region,North Zone,Disbursed,,,,AFLRET26000063,2026-08-20 10:37:00,No,Tarun Tiwari,2026-08-20 10:37:00,Self-Employed Professional,Self-Employed,0.2,No
319,Kunal,Patil,AFL-RET-000319,Landing page,Swasthya Care AUG26,CMP-2026-0035,2026-08-18 10:23:00,478315315,8511724963,,kunal.patil@rediffmail.com,1994-04-18,TBEPY4299Z,PAN_Kunal_Patil.pdf,Ahmedabad,Ahmedabad,Gujarat,380058,India,Loan Against Property,Lease Rental Discounting,10500000,2026-09-17,Parth Joshi,Ahmedabad — Satellite,Gujarat Region,West Zone,Disbursed,,,,AFLRET26000064,2026-09-10 18:30:00,No,Parth Joshi,2026-09-10 18:30:00,Business Owner,Self-Employed,0.1,No
320,Deepak,Jain,AFL-RET-000320,Social media,Safar Travel APR26,CMP-2026-0025,2026-04-18 15:31:00,,7606186437,,,1983-11-15,KEJPM7083B,PAN_Deepak_Jain.pdf,Bengaluru,Bengaluru Urban,Karnataka,560011,India,Retail Home Loans,Home Loan Balance Transfer,7000000,2026-05-18,Nandini Rao,Bengaluru — Jayanagar,Karnataka Region,South Zone,Rejected,REJ-02,Income below minimum,,,2026-04-25 16:46:00,No,Nandini Rao,2026-04-25 16:46:00,Salaried — Government / PSU,Salaried,,No
321,Abhijit,Sarkar,AFL-RET-000321,Landing page,Safar Travel MAR26,CMP-2026-0022,2026-03-29 15:37:00,,6187172332,,abhijit.sarkar@gmail.com,1994-08-05,LPAPF3268M,PAN_Abhijit_Sarkar.pdf,Kolkata,Kolkata,West Bengal,700106,India,Vehicle & Consumer Loans,Used Car Loan,1000000,2026-04-28,Paromita Majumdar,Kolkata — Salt Lake,West Bengal Region,East Zone,Sanctioned,,,,AFLRET26000065,2026-04-16 18:39:00,No,Paromita Majumdar,2026-04-16 18:39:00,Self-Employed Non-Professional,Self-Employed,8.2,Yes
322,Naveen,Kapoor,AFL-RET-000322,Social media,Ghar Ka Sapna MAR26,CMP-2026-0019,2026-03-17 20:05:00,472686195,7945745393,7327070942,naveen.kapoor60@gmail.com,1981-11-14,,,Gurugram,Gurugram,Haryana,122018,India,Retail Home Loans,Home Purchase Loan,11000000,2026-05-01,Aarav Khanna,Gurugram — Cyber City,Delhi NCR Region,North Zone,Not interested,NI-07,Tenure offered not suitable,,,2026-03-22 11:49:00,No,Aarav Khanna,2026-03-22 11:49:00,Salaried — MNC,Salaried,0.2,No
323,Priya,Goel,AFL-RET-000323,Social media,Property Power JUN26,CMP-2026-0029,2026-06-17 09:51:00,666486934,7489013813,,priya.goel@hotmail.com,1986-05-13,KNBPN8591H,PAN_Priya_Goel.pdf,New Delhi,New Delhi,Delhi,110001,India,Gold & Secured Loans,Loan Against Securities,1300000,2026-07-17,Nidhi Sharma,Delhi — Connaught Place,Delhi NCR Region,North Zone,Disbursed,,,,AFLRET26000066,2026-07-19 11:27:00,No,Nidhi Sharma,2026-07-19 11:27:00,Business Owner,Self-Employed,1.2,No
324,Prasad,Varma,AFL-RET-000324,Social media,Balance Transfer Bonanza JUN26,CMP-2026-0030,2026-06-13 15:44:00,626402775,6721957031,,prasad.varma@rediffmail.com,1996-12-05,EFHPP1595Q,PAN_Prasad_Varma.pdf,Hyderabad,Hyderabad,Telangana,500034,India,Retail Personal Loans,Debt Consolidation Loan,775000,2026-07-28,Rajitha Reddy,Hyderabad — Banjara Hills,Telangana Region,South Zone,Not reachable,NR-01,Number switched off / unreachable,,,2026-06-16 11:41:00,No,Rajitha Reddy,2026-06-16 11:41:00,Salaried — MNC,Salaried,0.4,No
325,Archana,Baruah,AFL-RET-000325,PQ Campaign,Shiksha Education AUG26,CMP-2026-0034,2026-08-31 09:05:00,949261228,6357438459,,archana.baruah@rediffmail.com,1960-03-05,,,Ranchi,Ranchi,Jharkhand,834008,India,Retail Home Loans,Plot + Construction Loan,5000000,2026-10-15,Anita Bora,Ranchi — Main Road,East India Region,East Zone,Not interested,NI-03,Only enquiring — no current need,,,2026-09-02 17:23:00,No,Anita Bora,2026-09-02 17:23:00,Retired / Pensioner,Salaried,0.2,No
326,Kalyani,Sawant,AFL-RET-000326,Website,Professional Edge MAR26,CMP-2026-0021,2026-03-22 09:51:00,295338290,8938049330,,kalyani.sawant@gmail.com,2005-04-11,DPGPW2638A,PAN_Kalyani_Sawant.pdf,Mumbai,Mumbai Suburban,Maharashtra,400050,India,Vehicle & Consumer Loans,Consumer Durable Loan,225000,2026-05-06,Shreya Desai,Mumbai — Bandra,Maharashtra Region,West Zone,Disbursed,,,,AFLRET26000067,2026-04-17 11:10:00,No,Shreya Desai,2026-04-17 11:10:00,Student,Salaried,0.2,No
327,Sasmita,Oraon,AFL-RET-000327,PQ Campaign,Professional Edge AUG26,CMP-2026-0036,2026-08-26 11:23:00,363273142,7117121339,,sasmita.oraon@yahoo.com,1986-03-18,MVYPC3993Y,PAN_Sasmita_Oraon.pdf,Ranchi,Ranchi,Jharkhand,834002,India,Retail Home Loans,Home Loan Balance Transfer,9000000,2026-09-25,Anita Bora,Ranchi — Main Road,East India Region,East Zone,Not reachable,NR-01,Number switched off / unreachable,,,2026-08-28 09:07:00,No,Anita Bora,2026-08-28 09:07:00,Salaried — Government / PSU,Salaried,0.2,No
328,Paromita,Chatterjee,AFL-RET-000328,PQ Campaign,Shubh Vivah DEC25,CMP-2025-0011,2025-12-23 16:37:00,309590264,7468578394,,paromita.chatterjee@rediffmail.com,1995-06-14,,,Kolkata,Kolkata,West Bengal,700016,India,Loan Against Property,MLAP (Shakti),2300000,2026-02-21,Rajib Chatterjee,Kolkata — Park Street,West Bengal Region,East Zone,Rejected,REJ-05,OGL — outside the geo location,,,2025-12-29 10:03:00,No,Rajib Chatterjee,2025-12-29 10:03:00,Self-Employed Non-Professional,Self-Employed,,No
329,Rajitha,Naidu,AFL-RET-000329,Website,Property Power JUN26,CMP-2026-0029,2026-06-26 10:00:00,231447392,6608526736,,rajitha.naidu@gmail.com,1981-07-07,NZJPY9972J,PAN_Rajitha_Naidu.pdf,Hyderabad,Rangareddy,Telangana,500019,India,Retail Home Loans,Disha Home Loan,1100000,2026-08-10,Mahesh Varma,Hyderabad — Gachibowli,Telangana Region,South Zone,Rejected,REJ-12,GST / ITR not available,,,2026-07-01 10:15:00,No,Mahesh Varma,2026-07-01 10:15:00,Salaried — Private Sector,Salaried,,No
330,Manoj,Nair,AFL-RET-000330,Landing page,Shiksha Education JUL26,CMP-2026-0031,2026-07-09 10:12:00,758366046,9745227940,7595604851,manoj.nair@outlook.com,1996-03-23,ACQPS8067K,PAN_Manoj_Nair.pdf,Hubballi,Dharwad,Karnataka,580023,India,Retail Home Loans,Plot + Construction Loan,4700000,2026-08-08,Suhas Pai,Hubballi — Vidyanagar,Karnataka Region,South Zone,Not interested,NI-01,Rate of interest too high,,,2026-07-09 18:30:00,No,Suhas Pai,2026-07-09 18:30:00,Salaried — Government / PSU,Salaried,0.2,No
331,Ankit,Malhotra,AFL-RET-000331,Landing page,Shiksha Education JUL26,CMP-2026-0031,2026-07-19 19:05:00,,6143365108,,ankit.malhotra@yahoo.com,1996-03-26,TPCPF6477K,PAN_Ankit_Malhotra.pdf,Lucknow,Lucknow,Uttar Pradesh,226010,India,Retail Home Loans,Plot + Construction Loan,1600000,2026-09-17,Tarun Tiwari,Lucknow — Hazratganj,North India Region,North Zone,Disbursed,,,,AFLRET26000068,2026-08-16 10:26:00,No,Tarun Tiwari,2026-08-16 10:26:00,Business Owner,Self-Employed,1.8,No
332,Sagar,Jadhav,AFL-RET-000332,PQ Campaign,Diwali Dhamaka NOV25,CMP-2025-0006,2025-11-09 19:12:00,738920735,8169530196,9692133742,sagar.jadhav39@hotmail.com,1994-10-28,TTXPW8246G,PAN_Sagar_Jadhav.pdf,Pune,Pune,Maharashtra,411005,India,Loan Against Property,Lease Rental Discounting,11500000,2025-12-24,Nikhil Deshmukh,Pune — Shivajinagar,Maharashtra Region,West Zone,Rejected,REJ-06,Documentation — unable to provide,,,2025-11-13 09:44:00,No,Nikhil Deshmukh,2025-11-13 09:44:00,Self-Employed Non-Professional,Self-Employed,,No
333,Nandini,Kulkarni,AFL-RET-000333,Landing page,Safar Travel APR26,CMP-2026-0025,2026-04-12 14:23:00,,8301174277,,nandini.kulkarni@rediffmail.com,1977-01-25,VWCPE1461X,PAN_Nandini_Kulkarni.pdf,Mysuru,Mysuru,Karnataka,570001,India,Loan Against Property,Lease Rental Discounting,10000000,2026-05-12,Deepa Nair,Mysuru — Saraswathipuram,Karnataka Region,South Zone,Sanctioned,,,,AFLRET26000069,2026-04-22 15:47:00,No,Deepa Nair,2026-04-22 15:47:00,Self-Employed Non-Professional,Self-Employed,4.4,Yes
334,Aniket,Shinde,AFL-RET-000334,Website,Shubh Vivah NOV25,CMP-2025-0007,2025-11-11 10:12:00,,9107518338,,aniket.shinde@yahoo.com,1999-06-28,LTHPZ5072T,PAN_Aniket_Shinde.pdf,Ahmedabad,Ahmedabad,Gujarat,380001,India,Retail Personal Loans,Medical Emergency Loan,225000,2025-12-26,Payal Vora,Ahmedabad — CG Road,Gujarat Region,West Zone,Disbursed,,,,AFLRET25000070,2025-12-07 09:37:00,No,Payal Vora,2025-12-07 09:37:00,Salaried — Private Sector,Salaried,2.6,Yes
335,Priya,Singh,AFL-RET-000335,Website,Vyapar Vriddhi JAN26,CMP-2026-0013,2026-01-26 09:58:00,,9539232754,9676611759,,1981-11-18,JLAPM5975V,PAN_Priya_Singh.pdf,New Delhi,West Delhi,Delhi,110058,India,Business & MSME Loans,Vyapar Business Loan,900000,2026-03-12,Nitin Mishra,Delhi — Rajouri Garden,Delhi NCR Region,North Zone,Rejected,REJ-13,Others,,,2026-01-27 17:13:00,No,Nitin Mishra,2026-01-27 17:13:00,Self-Employed Professional,Self-Employed,,No
336,Isha,Chopra,AFL-RET-000336,PQ Campaign,Ghar Ka Sapna SEP26,CMP-2026-0037,2026-09-09 18:00:00,797492923,6963217425,7444739888,isha.chopra@rediffmail.com,1975-12-25,BVUPM6182V,PAN_Isha_Chopra.pdf,New Delhi,West Delhi,Delhi,110026,India,Retail Home Loans,Home Purchase Loan,9000000,2026-10-09,Arjun Sethi,Delhi — Rajouri Garden,Delhi NCR Region,North Zone,Not reachable,NR-03,No response after 3 attempts,,,2026-09-10 18:30:00,No,Arjun Sethi,2026-09-10 18:30:00,Salaried — Private Sector,Salaried,0.2,No
337,Harsha,Murthy,AFL-RET-000337,PQ Campaign,Shubh Vivah JAN26,CMP-2026-0012,2026-01-16 19:31:00,735012004,6283871381,,harsha.murthy@hotmail.com,1993-04-15,,,Bengaluru,Bengaluru Urban,Karnataka,560067,India,Retail Home Loans,Plot + Construction Loan,1100000,2026-02-15,Deepa Iyengar,Bengaluru — Whitefield,Karnataka Region,South Zone,Not reachable,NR-03,No response after 3 attempts,,,2026-01-20 10:43:00,No,Deepa Iyengar,2026-01-20 10:43:00,Salaried — Private Sector,Salaried,0.3,No
338,Tanmoy,Sarkar,AFL-RET-000338,Landing page,Shiksha Education JUL26,CMP-2026-0031,2026-07-06 11:12:00,,8132709819,,tanmoy.sarkar@outlook.com,2000-05-05,VJSPQ2807C,PAN_Tanmoy_Sarkar.pdf,Kolkata,Kolkata,West Bengal,700071,India,Retail Personal Loans,Education Loan,300000,2026-08-05,Rajib Chatterjee,Kolkata — Park Street,West Bengal Region,East Zone,Rejected,REJ-02,Income below minimum,,,2026-07-15 11:57:00,No,Rajib Chatterjee,2026-07-15 11:57:00,Salaried — Private Sector,Salaried,,No
339,Shreya,Deshmukh,AFL-RET-000339,Website,Shiksha Education MAY26,CMP-2026-0026,2026-05-17 16:44:00,,9436433360,9333350089,shreya.deshmukh31@gmail.com,1975-01-26,,,Thane,Thane,Maharashtra,400615,India,Professional Loans,Doctor Professional Loan,600000,2026-07-01,Kalyani Joshi,Thane — Ghodbunder,Maharashtra Region,West Zone,Not interested,NI-03,Only enquiring — no current need,,,2026-05-20 10:53:00,No,Kalyani Joshi,2026-05-20 10:53:00,Self-Employed Professional,Self-Employed,0.9,No
340,Kishore,Achari,AFL-RET-000340,Landing page,Diwali Dhamaka OCT25,CMP-2025-0001,2025-10-04 10:18:00,408890943,7980012724,,kishore.achari@rediffmail.com,1992-08-27,,,Visakhapatnam,Visakhapatnam,Andhra Pradesh,530002,India,Retail Personal Loans,Diwali Special Loan,300000,2025-11-18,Chandra Naidu,Vizag — Dwaraka Nagar,Kerala & AP Region,South Zone,Not interested,NI-02,Already availed loan elsewhere,,,2025-10-05 10:36:00,No,Chandra Naidu,2025-10-05 10:36:00,Business Owner,Self-Employed,0.2,No
341,Nilesh,Amin,AFL-RET-000341,PQ Campaign,Grah Sajawat SEP26,CMP-2026-0040,2026-09-02 10:44:00,327233872,7479280491,6165716588,nilesh.amin@yahoo.com,1991-03-01,HCXPD2225Q,PAN_Nilesh_Amin.pdf,Mumbai,Mumbai,Maharashtra,400020,India,Retail Personal Loans,Home Renovation Loan,525000,2026-11-01,Omkar Patel,Mumbai — Fort,Maharashtra Region,West Zone,Login Initiated,,,,,2026-09-04 15:02:00,No,Omkar Patel,2026-09-04 15:02:00,Salaried — MNC,Salaried,0.2,No
342,Rakesh,Bora,AFL-RET-000342,Landing page,Vyapar Vriddhi JAN26,CMP-2026-0013,2026-01-28 17:12:00,536245796,9169697113,,rakesh.bora@gmail.com,1992-09-05,,,Bhubaneswar,Khordha,Odisha,751007,India,Business & MSME Loans,Vyapar Business Loan,4100000,2026-03-29,Rakesh Deka,Bhubaneswar — Saheed Nagar,East India Region,East Zone,Not reachable,NR-02,Invalid / wrong number,,,2026-01-31 11:33:00,No,Rakesh Deka,2026-01-31 11:33:00,Self-Employed Non-Professional,Self-Employed,0.6,No
343,Rahul,Thomas,AFL-RET-000343,PQ Campaign,Diwali Dhamaka NOV25,CMP-2025-0006,2025-11-30 10:23:00,634988384,9806795661,,rahul.thomas@gmail.com,2002-12-04,,,Kochi,Ernakulam,Kerala,682025,India,Vehicle & Consumer Loans,Two-Wheeler Loan,155000,2026-01-14,Anjana Menon,Kochi — Kaloor,Kerala & AP Region,South Zone,Not interested,NI-03,Only enquiring — no current need,,,2025-12-05 11:07:00,No,Anjana Menon,2025-12-05 11:07:00,Salaried — MNC,Salaried,0.2,No
344,Chetan,Murthy,AFL-RET-000344,Social media,Diwali Dhamaka OCT25,CMP-2025-0001,2025-10-03 19:44:00,367674771,8710644936,7935856364,chetan.murthy@outlook.com,1995-04-08,,,Bengaluru,Bengaluru Urban,Karnataka,560069,India,Vehicle & Consumer Loans,Consumer Durable Loan,90000,2025-11-17,Nandini Rao,Bengaluru — Jayanagar,Karnataka Region,South Zone,Not interested,NI-05,Processing fee not acceptable,,,2025-10-07 11:48:00,No,Nandini Rao,2025-10-07 11:48:00,Salaried — Government / PSU,Salaried,0.5,No
345,Pranav,Gaikwad,AFL-RET-000345,Landing page,Shiksha Education JUL26,CMP-2026-0031,2026-07-27 09:18:00,,6475179918,7239688121,pranav.gaikwad16@hotmail.com,1980-07-24,KPBPG6814X,PAN_Pranav_Gaikwad.pdf,Nagpur,Nagpur,Maharashtra,440022,India,Loan Against Property,Loan Against Property,22000000,2026-08-26,Hardik Patel,Nagpur — Dharampeth,Maharashtra Region,West Zone,Disbursed,,,,AFLRET26000071,2026-08-25 11:47:00,No,Hardik Patel,2026-08-25 11:47:00,Salaried — Government / PSU,Salaried,0.2,No
346,Deepak,Jain,AFL-RET-000346,PQ Campaign,Property Power JUN26,CMP-2026-0029,2026-06-02 20:58:00,477493173,6561226070,,deepak.jain@rediffmail.com,1991-07-11,,,Bengaluru,Bengaluru Urban,Karnataka,560067,India,Retail Personal Loans,Medical Emergency Loan,550000,2026-07-17,Kiran Udupa,Bengaluru — Whitefield,Karnataka Region,South Zone,Not interested,NI-02,Already availed loan elsewhere,,,2026-06-05 11:39:00,No,Kiran Udupa,2026-06-05 11:39:00,Salaried — Government / PSU,Salaried,0.2,No
347,Yash,Sawant,AFL-RET-000347,Website,Property Power APR26,CMP-2026-0023,2026-04-03 14:51:00,,7880833065,8414518003,yash.sawant@hotmail.com,1991-12-25,DYFPJ5661J,PAN_Yash_Sawant.pdf,Mumbai,Mumbai,Maharashtra,400001,India,Retail Home Loans,Home Loan Balance Transfer,11500000,2026-05-18,Omkar Patel,Mumbai — Fort,Maharashtra Region,West Zone,Rejected,REJ-08,Employer / company not approved,,,2026-04-11 11:51:00,No,Omkar Patel,2026-04-11 11:51:00,Salaried — Government / PSU,Salaried,,No
348,Kunal,Trivedi,AFL-RET-000348,Social media,Swasthya Care AUG26,CMP-2026-0035,2026-08-25 16:18:00,458456386,8856715907,,,2002-06-09,,,Rajkot,Rajkot,Gujarat,360007,India,Loan Against Property,Lease Rental Discounting,28000000,2026-10-24,Siddharth Trivedi,Rajkot — Kalawad Road,Gujarat Region,West Zone,Follow-up,,,2026-09-17,,2026-08-27 10:51:00,No,Siddharth Trivedi,2026-08-27 10:51:00,Self-Employed Professional,Self-Employed,0.2,No
349,Shreya,Modi,AFL-RET-000349,Social media,Shiksha Education MAY26,CMP-2026-0026,2026-05-29 09:18:00,,7236928748,,shreya.modi@hotmail.com,2000-07-13,,,Pune,Pune,Maharashtra,411001,India,Business & MSME Loans,MSME Growth Loan,4400000,2026-07-28,Parth Parikh,Pune — Shivajinagar,Maharashtra Region,West Zone,Not interested,NI-04,Requirement postponed,,,2026-06-03 10:09:00,No,Parth Parikh,2026-06-03 10:09:00,Agriculturist,Self-Employed,0.2,No
350,Kavita,Chauhan,AFL-RET-000350,Social media,Vyapar Vriddhi FEB26,CMP-2026-0016,2026-02-05 16:00:00,317882329,7633928056,,kavita.chauhan@yahoo.com,1981-01-16,PRBPV8798J,PAN_Kavita_Chauhan.pdf,New Delhi,West Delhi,Delhi,110026,India,Business & MSME Loans,Vyapar Business Loan,800000,2026-03-22,Arjun Sethi,Delhi — Rajouri Garden,Delhi NCR Region,North Zone,Not interested,NI-02,Already availed loan elsewhere,,,2026-02-09 13:18:00,No,Arjun Sethi,2026-02-09 13:18:00,Self-Employed Non-Professional,Self-Employed,0.2,No
351,Omkar,Kulkarni,AFL-RET-000351,Social media,Shiksha Education MAY26,CMP-2026-0026,2026-05-10 11:31:00,858176476,7159846476,,omkar.kulkarni@rediffmail.com,1975-05-04,,,Mumbai,Mumbai,Maharashtra,400001,India,Loan Against Property,Lease Rental Discounting,32500000,2026-06-09,Omkar Patel,Mumbai — Fort,Maharashtra Region,West Zone,Not reachable,NR-01,Number switched off / unreachable,,,2026-05-13 11:29:00,No,Omkar Patel,2026-05-13 11:29:00,Business Owner,Self-Employed,7,Yes
352,Prashanth,Kulkarni,AFL-RET-000352,Website,Shiksha Education MAY26,CMP-2026-0026,2026-05-15 17:05:00,,9198040332,7354339746,prashanth.kulkarni@gmail.com,1971-09-27,EUTPA4908E,PAN_Prashanth_Kulkarni.pdf,Bengaluru,Bengaluru Urban,Karnataka,560082,India,Retail Personal Loans,Education Loan,300000,2026-06-14,Nandini Rao,Bengaluru — Jayanagar,Karnataka Region,South Zone,Rejected,REJ-06,Documentation — unable to provide,,,2026-05-22 11:52:00,No,Nandini Rao,2026-05-22 11:52:00,Salaried — MNC,Salaried,,No
353,Madhavi,Chowdary,AFL-RET-000353,Website,Ghar Ka Sapna NOV25,CMP-2025-0008,2025-11-22 12:23:00,156463917,9765424291,7338542289,madhavi.chowdary@gmail.com,1991-10-28,PZMPX6235U,PAN_Madhavi_Chowdary.pdf,Hyderabad,Rangareddy,Telangana,500089,India,Loan Against Property,Lease Rental Discounting,5500000,2025-12-22,Mahesh Varma,Hyderabad — Gachibowli,Telangana Region,South Zone,Not interested,NI-01,Rate of interest too high,,,2025-11-23 10:02:00,No,Mahesh Varma,2025-11-23 10:02:00,Self-Employed Professional,Self-Employed,0.2,No
354,Karan,Verma,AFL-RET-000354,Landing page,Shubh Vivah DEC25,CMP-2025-0011,2025-12-21 20:51:00,,9457146703,,karan.verma@hotmail.com,1988-03-08,,,Kanpur,Kanpur Nagar,Uttar Pradesh,208004,India,Loan Against Property,Loan Against Property,23000000,2026-02-19,Nitin Bansal,Kanpur — Civil Lines,North India Region,North Zone,Not reachable,NR-03,No response after 3 attempts,,,2025-12-25 09:10:00,No,Nitin Bansal,2025-12-25 09:10:00,Self-Employed Non-Professional,Self-Employed,0.2,No
355,Nisha,Vora,AFL-RET-000355,Social media,Property Power MAY26,CMP-2026-0027,2026-05-14 15:51:00,,8142782488,9635459847,nisha.vora@gmail.com,1974-05-17,,,Nashik,Nashik,Maharashtra,422002,India,Retail Home Loans,Home Loan Balance Transfer,2100000,2026-06-28,Tanvi Mehta,Nashik — College Road,Maharashtra Region,West Zone,Not interested,NI-01,Rate of interest too high,,,2026-05-15 17:27:00,No,Tanvi Mehta,2026-05-15 17:27:00,Business Owner,Self-Employed,0.6,No
356,Bhakti,Thakkar,AFL-RET-000356,Website,Swasthya Care AUG26,CMP-2026-0035,2026-08-15 10:51:00,213753637,9834629429,,bhakti.thakkar@gmail.com,1990-03-22,,,Ahmedabad,Ahmedabad,Gujarat,380054,India,Retail Personal Loans,Kushal Personal Loan,125000,2026-09-14,Payal Vora,Ahmedabad — CG Road,Gujarat Region,West Zone,Not reachable,NR-01,Number switched off / unreachable,,,2026-08-17 11:57:00,No,Payal Vora,2026-08-17 11:57:00,Salaried — Private Sector,Salaried,0.2,No
357,Nikhil,Mehta,AFL-RET-000357,Landing page,Vyapar Vriddhi JAN26,CMP-2026-0013,2026-01-31 12:37:00,,8571760546,,nikhil.mehta62@yahoo.com,1977-11-05,,,Mumbai,Mumbai,Maharashtra,400021,India,Business & MSME Loans,MSME Growth Loan,4500000,2026-03-17,Omkar Patel,Mumbai — Fort,Maharashtra Region,West Zone,Not interested,NI-02,Already availed loan elsewhere,,,2026-02-05 11:21:00,No,Omkar Patel,2026-02-05 11:21:00,Self-Employed Professional,Self-Employed,2.3,Yes
358,Deepak,Murthy,AFL-RET-000358,PQ Campaign,Gold Utsav APR26,CMP-2026-0024,2026-04-29 18:18:00,921656468,7874585184,,deepak.murthy41@yahoo.com,1976-08-05,FZPPP9939Q,PAN_Deepak_Murthy.pdf,Bengaluru,Bengaluru Urban,Karnataka,560070,India,Loan Against Property,Lease Rental Discounting,15000000,2026-06-13,Nandini Rao,Bengaluru — Jayanagar,Karnataka Region,South Zone,Not interested,NI-01,Rate of interest too high,,,2026-05-01 09:34:00,No,Nandini Rao,2026-05-01 09:34:00,Business Owner,Self-Employed,0.2,No
359,Anita,Choudhury,AFL-RET-000359,Website,Safar Travel OCT25,CMP-2025-0004,2025-10-26 19:05:00,,7468142369,9883823653,anita.choudhury38@yahoo.com,1987-11-26,,,Cuttack,Cuttack,Odisha,753014,India,Loan Against Property,MLAP (Shakti),525000,2025-12-25,Prakash Saikia,Cuttack — Buxi Bazaar,East India Region,East Zone,Not interested,NI-03,Only enquiring — no current need,,,2025-10-31 10:47:00,No,Prakash Saikia,2025-10-31 10:47:00,Business Owner,Self-Employed,0.2,No
360,Nikhil,Pawar,AFL-RET-000360,Landing page,Shiksha Education AUG26,CMP-2026-0034,2026-08-14 12:00:00,,9467395005,,nikhil.pawar@gmail.com,1998-05-11,,,Pune,Pune,Maharashtra,411057,India,Gold & Secured Loans,Gold Loan,90000,2026-10-13,Sneha Parikh,Pune — Wakad,Maharashtra Region,West Zone,Rejected,REJ-09,Property title not clear,,,2026-08-16 16:15:00,No,Sneha Parikh,2026-08-16 16:15:00,Self-Employed Non-Professional,Self-Employed,,No
361,Jayesh,Thakkar,AFL-RET-000361,PQ Campaign,Balance Transfer Bonanza JUN26,CMP-2026-0030,2026-06-02 20:00:00,726390969,8430483548,,jayesh.thakkar74@outlook.com,1974-10-07,,,Vadodara,Vadodara,Gujarat,390001,India,Retail Personal Loans,Medical Emergency Loan,70000,2026-08-01,Chirag Vora,Vadodara — Alkapuri,Gujarat Region,West Zone,Not reachable,NR-02,Invalid / wrong number,,,2026-06-04 17:18:00,No,Chirag Vora,2026-06-04 17:18:00,Salaried — Government / PSU,Salaried,0.2,No
362,Lavanya,Varma,AFL-RET-000362,Website,Property Power JUN26,CMP-2026-0029,2026-06-26 12:05:00,,6658416268,,lavanya.varma@hotmail.com,1971-09-01,,,Hyderabad,Hyderabad,Telangana,500096,India,Professional Loans,CA / Professional Loan,725000,2026-07-26,Rajitha Reddy,Hyderabad — Banjara Hills,Telangana Region,South Zone,Duplicate,DUP-03,"Same customer, different campaign",,,2026-06-26 13:20:00,Yes,Rajitha Reddy,2026-06-26 13:20:00,Business Owner,Self-Employed,,No
363,Aditi,Kulkarni,AFL-RET-000363,Landing page,Swasthya Care AUG26,CMP-2026-0035,2026-08-03 19:05:00,234643172,6744387140,,aditi.kulkarni@outlook.com,1992-06-12,YGRPT1836Q,PAN_Aditi_Kulkarni.pdf,Mumbai,Mumbai Suburban,Maharashtra,400069,India,Retail Personal Loans,Diwali Special Loan,375000,2026-09-17,Mihir Bhatt,Mumbai — Andheri,Maharashtra Region,West Zone,Sanctioned,,,,AFLRET26000072,2026-08-11 17:03:00,No,Mihir Bhatt,2026-08-11 17:03:00,Salaried — Government / PSU,Salaried,0.2,No
364,Rutuja,Shah,AFL-RET-000364,Website,Vyapar Vriddhi JAN26,CMP-2026-0013,2026-01-04 14:23:00,,9707620334,,,1973-11-26,UEDPU1720A,PAN_Rutuja_Shah.pdf,Pune,Pune,Maharashtra,411027,India,Business & MSME Loans,Working Capital Loan,9500000,2026-03-05,Sneha Parikh,Pune — Wakad,Maharashtra Region,West Zone,Not interested,NI-04,Requirement postponed,,,2026-01-05 15:41:00,No,Sneha Parikh,2026-01-05 15:41:00,Business Owner,Self-Employed,0.2,No
365,Manoj,Das,AFL-RET-000365,PQ Campaign,Safar Travel APR26,CMP-2026-0025,2026-04-17 14:44:00,694186721,8999512300,6109862402,manoj.das@outlook.com,1965-09-08,BBAPH1639A,PAN_Manoj_Das.pdf,Guwahati,Kamrup Metro,Assam,781028,India,Retail Personal Loans,Travel Loan,250000,2026-06-16,Sunita Saikia,Guwahati — GS Road,East India Region,East Zone,Rejected,REJ-03,Policy restriction,,,2026-04-21 16:59:00,No,Sunita Saikia,2026-04-21 16:59:00,Retired / Pensioner,Salaried,,No
366,Kunal,Patel,AFL-RET-000366,Social media,Shubh Vivah FEB26,CMP-2026-0015,2026-02-03 16:00:00,,6642493074,,kunal.patel@hotmail.com,1966-12-04,BPNPN2265F,PAN_Kunal_Patel.pdf,Ahmedabad,Ahmedabad,Gujarat,380015,India,Retail Personal Loans,Marriage Loan,1200000,2026-03-05,Payal Vora,Ahmedabad — CG Road,Gujarat Region,West Zone,Disbursed,,,,AFLRET26000073,2026-02-28 15:25:00,No,Payal Vora,2026-02-28 15:25:00,Retired / Pensioner,Salaried,14.7,Yes
367,Kiran,Naik,AFL-RET-000367,PQ Campaign,Shubh Vivah NOV25,CMP-2025-0007,2025-11-15 19:18:00,208099615,6263898117,9339923814,kiran.naik62@rediffmail.com,1973-04-05,DRXPT4271V,PAN_Kiran_Naik.pdf,Bengaluru,Bengaluru Urban,Karnataka,560082,India,Retail Personal Loans,Marriage Loan,1200000,2026-01-14,Vinay Jain,Bengaluru — Jayanagar,Karnataka Region,South Zone,Rejected,REJ-04,Negative / restricted profile,,,2025-11-28 10:07:00,No,Vinay Jain,2025-11-28 10:07:00,Salaried — Government / PSU,Salaried,,No
368,Swapnil,Gaikwad,AFL-RET-000368,PQ Campaign,Swasthya Care JUL26,CMP-2026-0032,2026-07-09 14:12:00,282154470,7165004762,,swapnil.gaikwad@outlook.com,1986-01-13,DKGPH9908H,PAN_Swapnil_Gaikwad.pdf,Ahmedabad,Ahmedabad,Gujarat,380001,India,Retail Personal Loans,Medical Emergency Loan,400000,2026-09-07,Payal Vora,Ahmedabad — CG Road,Gujarat Region,West Zone,Disbursed,,,,AFLRET26000074,2026-08-01 09:26:00,No,Payal Vora,2026-08-01 09:26:00,Self-Employed Non-Professional,Self-Employed,0.7,No
369,Chetan,Hegde,AFL-RET-000369,PQ Campaign,Swasthya Care AUG26,CMP-2026-0035,2026-08-01 18:00:00,287856874,9207782113,,chetan.hegde42@gmail.com,1984-08-21,CUAPN6775Y,PAN_Chetan_Hegde.pdf,Bengaluru,Bengaluru Urban,Karnataka,560103,India,Loan Against Property,MLAP (Shakti),2500000,2026-09-15,Deepa Iyengar,Bengaluru — Whitefield,Karnataka Region,South Zone,Not reachable,NR-01,Number switched off / unreachable,,,2026-08-04 14:18:00,No,Deepa Iyengar,2026-08-04 14:18:00,Self-Employed Non-Professional,Self-Employed,0.2,No
370,Nisha,Patil,AFL-RET-000370,Social media,Shubh Vivah DEC25,CMP-2025-0011,2025-12-15 15:05:00,807087046,9159751234,,nisha.patil@rediffmail.com,1990-11-01,,,Pune,Pune,Maharashtra,411033,India,Gold & Secured Loans,Gold Loan,500000,2026-01-29,Sneha Parikh,Pune — Wakad,Maharashtra Region,West Zone,Not interested,NI-07,Tenure offered not suitable,,,2025-12-17 10:49:00,No,Sneha Parikh,2025-12-17 10:49:00,Salaried — MNC,Salaried,0.2,No
371,Omkar,Parikh,AFL-RET-000371,Website,Safar Travel APR26,CMP-2026-0025,2026-04-11 13:31:00,,9740566785,,omkar.parikh@rediffmail.com,1974-10-28,,,Mumbai,Mumbai,Maharashtra,400005,India,Retail Personal Loans,Travel Loan,375000,2026-05-26,Omkar Patel,Mumbai — Fort,Maharashtra Region,West Zone,Not interested,NI-07,Tenure offered not suitable,,,2026-04-13 11:49:00,No,Omkar Patel,2026-04-13 11:49:00,Salaried — Government / PSU,Salaried,0.2,No
372,Rakesh,Prasad,AFL-RET-000372,Landing page,Shubh Vivah DEC25,CMP-2025-0011,2025-12-13 09:58:00,857692769,6280727982,6711442588,rakesh.prasad@yahoo.com,1989-05-15,,,Patna,Patna,Bihar,800001,India,Retail Personal Loans,Medical Emergency Loan,50000,2026-01-27,Sanjay Singh,Patna — Boring Road,East India Region,East Zone,Not interested,NI-01,Rate of interest too high,,,2025-12-17 17:46:00,No,Sanjay Singh,2025-12-17 17:46:00,Salaried — MNC,Salaried,7.8,Yes
373,Krupa,Sawant,AFL-RET-000373,PQ Campaign,Shiksha Education JUL26,CMP-2026-0031,2026-07-23 11:23:00,740116665,6255418097,,krupa.sawant99@gmail.com,1993-01-15,VQEPE7246M,PAN_Krupa_Sawant.pdf,Mumbai,Mumbai Suburban,Maharashtra,400076,India,Retail Personal Loans,Education Loan,275000,2026-09-06,Aniket Modi,Mumbai — Powai,Maharashtra Region,West Zone,Not interested,NI-02,Already availed loan elsewhere,,,2026-07-27 18:41:00,No,Aniket Modi,2026-07-27 18:41:00,Salaried — Government / PSU,Salaried,0.2,No
374,Dinesh,Kumaraswamy,AFL-RET-000374,Landing page,Property Power APR26,CMP-2026-0023,2026-04-19 19:23:00,,8873554086,,dinesh.kumaraswamy@outlook.com,2001-10-03,HYQPU9076H,PAN_Dinesh_Kumaraswamy.pdf,Chennai,Chennai,Tamil Nadu,600017,India,Loan Against Property,MLAP (Shakti),1100000,2026-06-03,Hariharan Krishnan,Chennai — T Nagar,Tamil Nadu Region,South Zone,Not interested,NI-05,Processing fee not acceptable,,,2026-04-22 11:06:00,No,Hariharan Krishnan,2026-04-22 11:06:00,Self-Employed Professional,Self-Employed,0.2,No
375,Manoj,Reddy,AFL-RET-000375,Website,Diwali Dhamaka NOV25,CMP-2025-0006,2025-11-14 10:23:00,,6854890669,,manoj.reddy@gmail.com,1976-01-27,KRZPC6422M,PAN_Manoj_Reddy.pdf,Bengaluru,Bengaluru Urban,Karnataka,560095,India,Vehicle & Consumer Loans,Consumer Durable Loan,55000,2025-12-29,Manoj Nair,Bengaluru — Koramangala,Karnataka Region,South Zone,Disbursed,,,,AFLRET25000075,2025-12-01 11:56:00,No,Manoj Nair,2025-12-01 11:56:00,Salaried — Government / PSU,Salaried,1.5,No
376,Sneha,Wagh,AFL-RET-000376,Social media,Vyapar Vriddhi JAN26,CMP-2026-0013,2026-01-22 16:23:00,,9464642400,6101772837,sneha.wagh@hotmail.com,1991-11-22,NQHPY6136V,PAN_Sneha_Wagh.pdf,Pune,Pune,Maharashtra,411004,India,Business & MSME Loans,Working Capital Loan,17500000,2026-02-21,Nikhil Deshmukh,Pune — Shivajinagar,Maharashtra Region,West Zone,Disbursed,,,,AFLRET26000076,2026-02-20 09:26:00,No,Nikhil Deshmukh,2026-02-20 09:26:00,Self-Employed Non-Professional,Self-Employed,1.8,No
377,Tarun,Arora,AFL-RET-000377,Landing page,Vyapar Vriddhi FEB26,CMP-2026-0016,2026-02-01 09:23:00,,9561242794,9130784498,tarun.arora15@outlook.com,1986-07-03,TVVPY2712Y,PAN_Tarun_Arora.pdf,Noida,Gautam Buddha Nagar,Uttar Pradesh,201309,India,Gold & Secured Loans,Loan Against Securities,725000,2026-03-03,Ritika Singh,Noida — Sector 62,Delhi NCR Region,North Zone,Rejected,REJ-12,GST / ITR not available,,,2026-02-07 09:47:00,No,Ritika Singh,2026-02-07 09:47:00,Salaried — MNC,Salaried,,No
378,Jithin,Unnikrishnan,AFL-RET-000378,PQ Campaign,Property Power MAY26,CMP-2026-0027,2026-05-24 16:23:00,416992516,8811203715,,jithin.unnikrishnan37@gmail.com,1974-05-07,,,Kochi,Ernakulam,Kerala,682018,India,Retail Home Loans,Plot + Construction Loan,8500000,2026-06-23,Anjana Menon,Kochi — Kaloor,Kerala & AP Region,South Zone,Rejected,REJ-08,Employer / company not approved,,,2026-05-28 09:22:00,No,Anjana Menon,2026-05-28 09:22:00,Business Owner,Self-Employed,,No
379,Sreejith,Pillai,AFL-RET-000379,PQ Campaign,Balance Transfer Bonanza JUN26,CMP-2026-0030,2026-06-10 18:58:00,583344278,7162048817,,sreejith.pillai@rediffmail.com,2001-02-28,SVBPJ7391U,PAN_Sreejith_Pillai.pdf,Thiruvananthapuram,Thiruvananthapuram,Kerala,695010,India,Retail Personal Loans,Debt Consolidation Loan,1000000,2026-07-10,Vivek Kurup,Trivandrum — Vazhuthacaud,Kerala & AP Region,South Zone,Disbursed,,,,AFLRET26000077,2026-07-16 10:25:00,No,Vivek Kurup,2026-07-16 10:25:00,Salaried — Government / PSU,Salaried,0.3,No
380,Rashmi,Sethi,AFL-RET-000380,Website,Shiksha Education MAY26,CMP-2026-0026,2026-05-09 14:12:00,,9702579460,,rashmi.sethi62@yahoo.com,1957-06-17,,,Lucknow,Lucknow,Uttar Pradesh,226003,India,Retail Home Loans,Plot + Construction Loan,2400000,2026-07-08,Tarun Tiwari,Lucknow — Hazratganj,North India Region,North Zone,Follow-up,,,2026-09-12,,2026-05-10 10:58:00,No,Tarun Tiwari,2026-05-10 10:58:00,Retired / Pensioner,Salaried,0.2,No
381,Tarun,Tiwari,AFL-RET-000381,PQ Campaign,Gold Utsav APR26,CMP-2026-0024,2026-04-20 15:44:00,645389130,8850407437,,tarun.tiwari7@rediffmail.com,2002-10-03,,,Jodhpur,Jodhpur,Rajasthan,342005,India,Gold & Secured Loans,Gold Loan,275000,2026-06-04,Rohit Sharma,Jodhpur — Sardarpura,North India Region,North Zone,Not interested,NI-03,Only enquiring — no current need,,,2026-04-23 15:02:00,No,Rohit Sharma,2026-04-23 15:02:00,Salaried — Private Sector,Salaried,0.2,No
382,Omkar,Modi,AFL-RET-000382,Website,Diwali Dhamaka NOV25,CMP-2025-0006,2025-11-09 10:58:00,,9615741336,8350799889,omkar.modi@rediffmail.com,1971-12-14,KKFPK5560H,PAN_Omkar_Modi.pdf,Ahmedabad,Ahmedabad,Gujarat,380009,India,Retail Personal Loans,Diwali Special Loan,50000,2026-01-08,Payal Vora,Ahmedabad — CG Road,Gujarat Region,West Zone,Not interested,NI-07,Tenure offered not suitable,,,2025-11-11 17:16:00,No,Payal Vora,2025-11-11 17:16:00,Salaried — MNC,Salaried,0.2,No
383,Deepak,Hegde,AFL-RET-000383,PQ Campaign,Balance Transfer Bonanza JAN26,CMP-2026-0014,2026-01-10 14:18:00,767182169,7667953887,,deepak.hegde86@outlook.com,1978-08-03,,,Bengaluru,Bengaluru Urban,Karnataka,560047,India,Retail Personal Loans,Home Renovation Loan,425000,2026-02-09,Manoj Nair,Bengaluru — Koramangala,Karnataka Region,South Zone,Not reachable,NR-02,Invalid / wrong number,,,2026-01-12 09:25:00,No,Manoj Nair,2026-01-12 09:25:00,Salaried — MNC,Salaried,2.2,Yes
384,Swapnil,Vora,AFL-RET-000384,Social media,Ghar Ka Sapna OCT25,CMP-2025-0002,2025-10-16 13:37:00,,8237727839,,swapnil.vora@gmail.com,1976-01-28,,,Pune,Pune,Maharashtra,411027,India,Retail Home Loans,Home Loan Balance Transfer,10500000,2025-11-15,Sneha Parikh,Pune — Wakad,Maharashtra Region,West Zone,Not interested,NI-01,Rate of interest too high,,,2025-10-18 11:45:00,No,Sneha Parikh,2025-10-18 11:45:00,Salaried — Government / PSU,Salaried,0.2,No
385,Chaitra,Setty,AFL-RET-000385,Social media,Swasthya Care AUG26,CMP-2026-0035,2026-08-10 09:58:00,,7850911822,,chaitra.setty@gmail.com,2003-08-18,GAUPT8280T,PAN_Chaitra_Setty.pdf,Bengaluru,Bengaluru Urban,Karnataka,560037,India,Retail Personal Loans,Medical Emergency Loan,575000,2026-10-09,Deepa Iyengar,Bengaluru — Whitefield,Karnataka Region,South Zone,Rejected,REJ-05,OGL — outside the geo location,,,2026-08-14 11:01:00,No,Deepa Iyengar,2026-08-14 11:01:00,Salaried — Private Sector,Salaried,,No
386,Anand,Rao,AFL-RET-000386,Social media,Balance Transfer Bonanza JUN26,CMP-2026-0030,2026-06-07 09:18:00,,6342999214,,anand.rao@gmail.com,1996-10-03,ZWHPF5877S,PAN_Anand_Rao.pdf,Bengaluru,Bengaluru Urban,Karnataka,560070,India,Retail Personal Loans,Debt Consolidation Loan,475000,2026-07-22,Nandini Rao,Bengaluru — Jayanagar,Karnataka Region,South Zone,Not interested,NI-01,Rate of interest too high,,,2026-06-09 14:36:00,No,Nandini Rao,2026-06-09 14:36:00,Salaried — MNC,Salaried,0.2,No
387,Bhavani,Achari,AFL-RET-000387,PQ Campaign,Swasthya Care SEP26,CMP-2026-0038,2026-09-02 12:18:00,891690425,9746778355,9773429534,bhavani.achari@hotmail.com,1987-04-16,,,Warangal,Warangal,Telangana,506009,India,Gold & Secured Loans,Loan Against Securities,1600000,2026-11-01,Aruna Reddy,Warangal — Hanamkonda,Telangana Region,South Zone,Not interested,NI-03,Only enquiring — no current need,,,2026-09-05 10:05:00,No,Aruna Reddy,2026-09-05 10:05:00,Self-Employed Professional,Self-Employed,2.8,Yes
388,Mrunal,Patil,AFL-RET-000388,PQ Campaign,Shubh Vivah DEC25,CMP-2025-0011,2025-12-10 17:51:00,681531210,7287846240,,mrunal.patil75@rediffmail.com,1971-10-02,ALMPL2213F,PAN_Mrunal_Patil.pdf,Rajkot,Rajkot,Gujarat,360001,India,Vehicle & Consumer Loans,Two-Wheeler Loan,95000,2026-02-08,Siddharth Trivedi,Rajkot — Kalawad Road,Gujarat Region,West Zone,Rejected,REJ-07,Existing obligations too high (FOIR),,,2025-12-21 10:11:00,No,Siddharth Trivedi,2025-12-21 10:11:00,Self-Employed Professional,Self-Employed,,No
389,Nisha,Thakkar,AFL-RET-000389,Social media,Shiksha Education MAY26,CMP-2026-0026,2026-05-18 09:12:00,,8821735981,9668047423,nisha.thakkar82@outlook.com,2000-02-02,,,Mumbai,Mumbai Suburban,Maharashtra,400054,India,Retail Personal Loans,Kushal Personal Loan,1200000,2026-07-17,Jayesh Chavan,Mumbai — Bandra,Maharashtra Region,West Zone,Not interested,NI-03,Only enquiring — no current need,,,2026-05-22 09:25:00,No,Jayesh Chavan,2026-05-22 09:25:00,Salaried — MNC,Salaried,0.4,No
390,Rituparna,Sarkar,AFL-RET-000390,Website,Property Power MAY26,CMP-2026-0027,2026-05-06 09:58:00,,9668333033,,rituparna.sarkar@hotmail.com,1986-09-09,GCZPE7993D,PAN_Rituparna_Sarkar.pdf,Kolkata,Kolkata,West Bengal,700091,India,Retail Home Loans,Plot + Construction Loan,8500000,2026-07-05,Tanmoy Chakraborty,Kolkata — Salt Lake,West Bengal Region,East Zone,Rejected,REJ-08,Employer / company not approved,,,2026-05-09 09:33:00,No,Tanmoy Chakraborty,2026-05-09 09:33:00,Business Owner,Self-Employed,,No
391,Chetan,Hegde,AFL-RET-000391,Landing page,Shiksha Education AUG26,CMP-2026-0034,2026-08-30 16:31:00,,6713704011,,chetan.hegde@yahoo.com,2000-10-14,LJTPA5599D,PAN_Chetan_Hegde.pdf,Bengaluru,Bengaluru Urban,Karnataka,560082,India,Retail Personal Loans,Education Loan,225000,2026-10-14,Vinay Jain,Bengaluru — Jayanagar,Karnataka Region,South Zone,Not interested,NI-06,Family / spouse declined,,,2026-09-03 16:49:00,No,Vinay Jain,2026-09-03 16:49:00,Self-Employed Professional,Self-Employed,0.2,No
392,Rashmi,Shetty,AFL-RET-000392,Landing page,Shubh Vivah DEC25,CMP-2025-0011,2025-12-15 10:18:00,776739331,9254054425,7794836230,rashmi.shetty27@gmail.com,1971-12-03,,,Bengaluru,Bengaluru Urban,Karnataka,560029,India,Retail Home Loans,Disha Home Loan,1800000,2026-02-13,Vinay Nair,Bengaluru — Koramangala,Karnataka Region,South Zone,Not interested,NI-05,Processing fee not acceptable,,,2025-12-16 13:36:00,No,Vinay Nair,2025-12-16 13:36:00,Salaried — Government / PSU,Salaried,0.2,No
393,Sangeeta,Saikia,AFL-RET-000393,Landing page,Property Power JUN26,CMP-2026-0029,2026-06-01 14:00:00,,7456915812,,sangeeta.saikia@hotmail.com,1988-10-23,,,Bhubaneswar,Khordha,Odisha,751010,India,Vehicle & Consumer Loans,Consumer Durable Loan,125000,2026-07-16,Rakesh Deka,Bhubaneswar — Saheed Nagar,East India Region,East Zone,Not interested,NI-01,Rate of interest too high,,,2026-06-04 13:12:00,No,Rakesh Deka,2026-06-04 13:12:00,Salaried — MNC,Salaried,4.2,Yes
394,Sohini,Chakraborty,AFL-RET-000394,Landing page,Professional Edge AUG26,CMP-2026-0036,2026-08-27 15:58:00,,8332753747,,sohini.chakraborty5@hotmail.com,2000-10-23,KRCPD9299A,PAN_Sohini_Chakraborty.pdf,Kolkata,Kolkata,West Bengal,700105,India,Retail Home Loans,Home Loan Balance Transfer,11000000,2026-10-26,Tanmoy Chakraborty,Kolkata — Salt Lake,West Bengal Region,East Zone,Follow-up,,,2026-09-14,,2026-08-30 09:17:00,No,Tanmoy Chakraborty,2026-08-30 09:17:00,Salaried — MNC,Salaried,0.2,No
395,Srabani,Mitra,AFL-RET-000395,PQ Campaign,Shubh Vivah DEC25,CMP-2025-0011,2025-12-04 09:51:00,444005091,7986026766,,srabani.mitra33@hotmail.com,2001-02-21,,,Kolkata,Kolkata,West Bengal,700017,India,Gold & Secured Loans,Loan Against Securities,6000000,2026-02-02,Debolina Banerjee,Kolkata — Park Street,West Bengal Region,East Zone,Not interested,NI-03,Only enquiring — no current need,,,2025-12-06 11:09:00,No,Debolina Banerjee,2025-12-06 11:09:00,Salaried — Government / PSU,Salaried,0.2,No
396,Madhavi,Rao,AFL-RET-000396,Website,Shiksha Education AUG26,CMP-2026-0034,2026-08-09 16:37:00,,9257532841,,madhavi.rao@rediffmail.com,1968-06-17,PZTPE1991M,PAN_Madhavi_Rao.pdf,Warangal,Warangal,Telangana,506001,India,Retail Personal Loans,Education Loan,400000,2026-10-08,Aruna Reddy,Warangal — Hanamkonda,Telangana Region,South Zone,Sanctioned,,,,AFLRET26000078,2026-08-19 11:51:00,No,Aruna Reddy,2026-08-19 11:51:00,Business Owner,Self-Employed,7.1,Yes
397,Debolina,Guha,AFL-RET-000397,Landing page,Vyapar Vriddhi FEB26,CMP-2026-0016,2026-02-13 20:58:00,185448083,9476010605,,,1973-06-04,BYFPR1326K,PAN_Debolina_Guha.pdf,Kolkata,Kolkata,West Bengal,700017,India,Business & MSME Loans,Vyapar Business Loan,3600000,2026-03-30,Debolina Banerjee,Kolkata — Park Street,West Bengal Region,East Zone,Not reachable,NR-03,No response after 3 attempts,,,2026-02-17 09:31:00,No,Debolina Banerjee,2026-02-17 09:31:00,Self-Employed Non-Professional,Self-Employed,0.2,No
398,Kumari,Prasad,AFL-RET-000398,Landing page,Swasthya Care AUG26,CMP-2026-0035,2026-08-07 19:44:00,,8136886016,,kumari.prasad@yahoo.com,1992-07-12,YTTPS9500E,PAN_Kumari_Prasad.pdf,Bhubaneswar,Khordha,Odisha,751010,India,Retail Home Loans,Disha Home Loan,725000,2026-09-06,Rakesh Deka,Bhubaneswar — Saheed Nagar,East India Region,East Zone,Not interested,NI-07,Tenure offered not suitable,,,2026-08-10 11:42:00,No,Rakesh Deka,2026-08-10 11:42:00,Salaried — Private Sector,Salaried,3.8,Yes
399,Priya,Ahluwalia,AFL-RET-000399,Social media,Property Power JUN26,CMP-2026-0029,2026-06-18 20:37:00,839610836,7852718276,6992803197,priya.ahluwalia@hotmail.com,1977-06-28,LEMPL4764K,PAN_Priya_Ahluwalia.pdf,Amritsar,Amritsar,Punjab,143001,India,Loan Against Property,Lease Rental Discounting,16000000,2026-07-18,Rahul Malhotra,Amritsar — Lawrence Road,North India Region,North Zone,Follow-up,,,2026-09-22,,2026-06-22 09:20:00,No,Rahul Malhotra,2026-06-22 09:20:00,Self-Employed Non-Professional,Self-Employed,0.2,No
400,Payal,Thakkar,AFL-RET-000400,Social media,Diwali Dhamaka NOV25,CMP-2025-0006,2025-11-16 20:12:00,,9420873445,,payal.thakkar@gmail.com,1993-12-05,,,Nagpur,Nagpur,Maharashtra,440010,India,Vehicle & Consumer Loans,Two-Wheeler Loan,40000,2025-12-16,Hardik Patel,Nagpur — Dharampeth,Maharashtra Region,West Zone,Not reachable,NR-02,Invalid / wrong number,,,2025-11-19 09:23:00,No,Hardik Patel,2025-11-19 09:23:00,Self-Employed Professional,Self-Employed,0.2,No
401,Aarti,Rathore,AFL-RET-000401,Website,Shiksha Education MAY26,CMP-2026-0026,2026-05-15 20:12:00,889289642,7829690146,,aarti.rathore@hotmail.com,1975-09-20,DAFPV3991Y,PAN_Aarti_Rathore.pdf,Ludhiana,Ludhiana,Punjab,141008,India,Retail Personal Loans,Education Loan,1000000,2026-06-29,Swati Saxena,Ludhiana — Mall Road,North India Region,North Zone,Disbursed,,,,AFLRET26000079,2026-06-09 11:03:00,No,Swati Saxena,2026-06-09 11:03:00,Business Owner,Self-Employed,0.5,No
402,Trupti,Patil,AFL-RET-000402,PQ Campaign,Ghar Ka Sapna MAR26,CMP-2026-0019,2026-03-21 20:12:00,984010342,9294067362,,trupti.patil@yahoo.com,1977-05-20,,,Surat,Surat,Gujarat,395017,India,Retail Home Loans,Home Purchase Loan,9000000,2026-04-20,Omkar Shah,Surat — Adajan,Gujarat Region,West Zone,Rejected,REJ-08,Employer / company not approved,,,2026-03-25 10:27:00,No,Omkar Shah,2026-03-25 10:27:00,Salaried — Private Sector,Salaried,,No
403,Aniket,Vora,AFL-RET-000403,Website,Swasthya Care AUG26,CMP-2026-0035,2026-08-15 13:51:00,394836772,8453431276,,aniket.vora72@hotmail.com,1971-07-19,,,Pune,Pune,Maharashtra,411033,India,Retail Home Loans,Home Loan Balance Transfer,10000000,2026-09-29,Sagar Vora,Pune — Wakad,Maharashtra Region,West Zone,Not interested,NI-03,Only enquiring — no current need,,,2026-08-20 11:02:00,No,Sagar Vora,2026-08-20 11:02:00,Salaried — Private Sector,Salaried,7.7,Yes
404,Prosenjit,Bhattacharya,AFL-RET-000404,Social media,Balance Transfer Bonanza JUL26,CMP-2026-0033,2026-07-24 16:37:00,,8818584503,7852864994,prosenjit.bhattacharya22@hotmail.com,1988-01-17,,,Kolkata,Kolkata,West Bengal,700091,India,Business & MSME Loans,MSME Growth Loan,3400000,2026-09-07,Tanmoy Chakraborty,Kolkata — Salt Lake,West Bengal Region,East Zone,Rejected,REJ-07,Existing obligations too high (FOIR),,,2026-08-02 09:21:00,No,Tanmoy Chakraborty,2026-08-02 09:21:00,Self-Employed Professional,Self-Employed,,No
405,Rahul,Grover,AFL-RET-000405,Landing page,Safar Travel APR26,CMP-2026-0025,2026-04-18 15:37:00,867697763,8927559021,,rahul.grover@gmail.com,1989-03-01,HVUPX3111G,PAN_Rahul_Grover.pdf,Kanpur,Kanpur Nagar,Uttar Pradesh,208004,India,Retail Personal Loans,Travel Loan,575000,2026-05-18,Nitin Bansal,Kanpur — Civil Lines,North India Region,North Zone,Not reachable,NR-03,No response after 3 attempts,,,2026-04-21 09:53:00,No,Nitin Bansal,2026-04-21 09:53:00,Salaried — Private Sector,Salaried,4.8,Yes
406,Bikash,Majumdar,AFL-RET-000406,Social media,Property Power APR26,CMP-2026-0023,2026-04-02 09:12:00,,7238254945,,bikash.majumdar20@yahoo.com,1998-04-14,TSYPU2607A,PAN_Bikash_Majumdar.pdf,Kolkata,Kolkata,West Bengal,700106,India,Retail Personal Loans,Marriage Loan,1600000,2026-06-01,Tanmoy Chakraborty,Kolkata — Salt Lake,West Bengal Region,East Zone,Rejected,REJ-03,Policy restriction,,,2026-04-12 10:19:00,No,Tanmoy Chakraborty,2026-04-12 10:19:00,Salaried — Private Sector,Salaried,,No
407,Rakesh,Gogoi,AFL-RET-000407,Website,Balance Transfer Bonanza JUL26,CMP-2026-0033,2026-07-11 18:00:00,518917465,6449349453,6695678367,rakesh.gogoi@rediffmail.com,1977-05-11,EFRPC9290K,PAN_Rakesh_Gogoi.pdf,Bhubaneswar,Khordha,Odisha,751015,India,Professional Loans,Doctor Professional Loan,3100000,2026-08-25,Rakesh Deka,Bhubaneswar — Saheed Nagar,East India Region,East Zone,Disbursed,,,,AFLRET26000080,2026-08-05 17:30:00,No,Rakesh Deka,2026-08-05 17:30:00,Homemaker,Self-Employed,0.2,No
408,Nikhil,Panchal,AFL-RET-000408,Landing page,Professional Edge AUG26,CMP-2026-0036,2026-08-09 10:18:00,213091596,6192322700,8980859964,nikhil.panchal73@gmail.com,1975-11-05,,,Mumbai,Mumbai Suburban,Maharashtra,400097,India,Business & MSME Loans,MSME Growth Loan,1500000,2026-10-08,Bhavesh Modi,Mumbai — Powai,Maharashtra Region,West Zone,Rejected,REJ-07,Existing obligations too high (FOIR),,,2026-08-21 11:43:00,No,Bhavesh Modi,2026-08-21 11:43:00,Business Owner,Self-Employed,,No
409,Gaurav,Grover,AFL-RET-000409,Social media,Balance Transfer Bonanza FEB26,CMP-2026-0017,2026-02-03 15:31:00,,9867851441,,,1975-09-27,EDFPQ4912A,PAN_Gaurav_Grover.pdf,New Delhi,New Delhi,Delhi,110001,India,Loan Against Property,Lease Rental Discounting,38500000,2026-03-20,Nidhi Sharma,Delhi — Connaught Place,Delhi NCR Region,North Zone,Disbursed,,,,AFLRET26000081,2026-02-19 16:20:00,No,Nidhi Sharma,2026-02-19 16:20:00,Agriculturist,Self-Employed,0.4,No
410,Sangeeta,Oraon,AFL-RET-000410,Website,Gold Utsav APR26,CMP-2026-0024,2026-04-06 20:00:00,,9185663619,,sangeeta.oraon@yahoo.com,1978-07-05,NEBPZ4202S,PAN_Sangeeta_Oraon.pdf,Guwahati,Kamrup Metro,Assam,781001,India,Gold & Secured Loans,Gold Loan,195000,2026-05-06,Sunita Saikia,Guwahati — GS Road,East India Region,East Zone,Rejected,REJ-13,Others,,,2026-04-10 10:59:00,No,Sunita Saikia,2026-04-10 10:59:00,Salaried — MNC,Salaried,,No
411,Revathi,Subramanian,AFL-RET-000411,Landing page,Property Power JUN26,CMP-2026-0029,2026-06-03 10:58:00,,9622502491,,revathi.subramanian@gmail.com,1976-02-20,HKXPL3673X,PAN_Revathi_Subramanian.pdf,Chennai,Chennai,Tamil Nadu,600024,India,Retail Personal Loans,Kushal Personal Loan,60000,2026-08-02,Saravanan Rajan,Chennai — T Nagar,Tamil Nadu Region,South Zone,Disbursed,,,,AFLRET26000082,2026-06-28 10:11:00,No,Saravanan Rajan,2026-06-28 10:11:00,Salaried — Private Sector,Salaried,0.2,No
412,Priyanka,Subramanian,AFL-RET-000412,Social media,Shubh Vivah FEB26,CMP-2026-0015,2026-02-19 12:18:00,,9389872506,9106704123,priyanka.subramanian@rediffmail.com,2001-02-14,,,Chennai,Chennai,Tamil Nadu,600096,India,Retail Personal Loans,Marriage Loan,200000,2026-04-20,Gokul Srinivasan,Chennai — Adyar,Tamil Nadu Region,South Zone,Rejected,REJ-03,Policy restriction,,,2026-02-26 10:19:00,No,Gokul Srinivasan,2026-02-26 10:19:00,Salaried — Private Sector,Salaried,,No
413,Prashanth,Rao,AFL-RET-000413,Website,Shiksha Education AUG26,CMP-2026-0034,2026-08-11 12:51:00,565421569,8199856571,,prashanth.rao98@yahoo.com,1974-04-27,,,Bengaluru,Bengaluru Urban,Karnataka,560071,India,Retail Personal Loans,Education Loan,1500000,2026-09-25,Manoj Nair,Bengaluru — Koramangala,Karnataka Region,South Zone,Rejected,REJ-05,OGL — outside the geo location,,,2026-08-20 13:06:00,No,Manoj Nair,2026-08-20 13:06:00,Salaried — Private Sector,Salaried,,No
414,Gayathri,Kurup,AFL-RET-000414,Website,Property Power MAY26,CMP-2026-0027,2026-05-30 12:12:00,,9734667687,,gayathri.kurup46@rediffmail.com,1974-03-24,RYYPZ8380G,PAN_Gayathri_Kurup.pdf,Kochi,Ernakulam,Kerala,682018,India,Loan Against Property,MLAP (Shakti),1900000,2026-06-29,Anjana Menon,Kochi — Kaloor,Kerala & AP Region,South Zone,Not interested,NI-07,Tenure offered not suitable,,,2026-06-02 14:30:00,No,Anjana Menon,2026-06-02 14:30:00,Self-Employed Professional,Self-Employed,0.2,No
415,Sandip,Bose,AFL-RET-000415,Website,Property Power JUN26,CMP-2026-0029,2026-06-21 16:23:00,830627924,7340696915,,sandip.bose@hotmail.com,1986-08-01,,,Howrah,Howrah,West Bengal,711106,India,Retail Personal Loans,Kushal Personal Loan,1300000,2026-08-20,Ananya Das,Howrah — Shibpur,West Bengal Region,East Zone,Rejected,REJ-08,Employer / company not approved,,,2026-06-26 10:57:00,No,Ananya Das,2026-06-26 10:57:00,Salaried — Government / PSU,Salaried,,No
416,Nagaraj,Acharya,AFL-RET-000416,PQ Campaign,Ghar Ka Sapna SEP26,CMP-2026-0037,2026-09-01 11:00:00,151061640,9538760771,,nagaraj.acharya35@rediffmail.com,1976-11-06,,,Bengaluru,Bengaluru Urban,Karnataka,560082,India,Retail Home Loans,Home Purchase Loan,7000000,2026-10-16,Nandini Rao,Bengaluru — Jayanagar,Karnataka Region,South Zone,Rejected,REJ-12,GST / ITR not available,,,2026-09-04 11:00:00,No,Nandini Rao,2026-09-04 11:00:00,Salaried — Private Sector,Salaried,,No
417,Subhankar,Bhattacharya,AFL-RET-000417,Landing page,Shiksha Education AUG26,CMP-2026-0034,2026-08-01 15:58:00,,7279628431,,subhankar.bhattacharya@gmail.com,1990-01-01,,,Kolkata,Kolkata,West Bengal,700016,India,Vehicle & Consumer Loans,Consumer Durable Loan,45000,2026-08-31,Debolina Banerjee,Kolkata — Park Street,West Bengal Region,East Zone,Rejected,REJ-04,Negative / restricted profile,,,2026-08-10 11:13:00,No,Debolina Banerjee,2026-08-10 11:13:00,Salaried — MNC,Salaried,,No
418,Tejas,Shinde,AFL-RET-000418,PQ Campaign,Shiksha Education MAY26,CMP-2026-0026,2026-05-26 15:12:00,751719526,9174930117,,tejas.shinde@gmail.com,1984-11-11,WCZPX9179T,PAN_Tejas_Shinde.pdf,Vadodara,Vadodara,Gujarat,390007,India,Retail Personal Loans,Medical Emergency Loan,225000,2026-06-25,Chirag Vora,Vadodara — Alkapuri,Gujarat Region,West Zone,Sanctioned,,,,AFLRET26000083,2026-06-14 09:06:00,No,Chirag Vora,2026-06-14 09:06:00,Self-Employed Professional,Self-Employed,1.5,No
419,Chirag,Parikh,AFL-RET-000419,PQ Campaign,Shiksha Education AUG26,CMP-2026-0034,2026-08-27 20:18:00,783185720,6143254405,,chirag.parikh@yahoo.com,1986-08-18,,,Mumbai,Mumbai Suburban,Maharashtra,400064,India,Business & MSME Loans,Machinery Purchase Loan,6500000,2026-10-11,Mihir Bhatt,Mumbai — Andheri,Maharashtra Region,West Zone,Not interested,NI-06,Family / spouse declined,,,2026-09-01 10:14:00,No,Mihir Bhatt,2026-09-01 10:14:00,Self-Employed Non-Professional,Self-Employed,0.2,No
420,Amit,Sethi,AFL-RET-000420,Landing page,Shiksha Education JUN26,CMP-2026-0028,2026-06-08 09:23:00,,7919201751,7318396062,amit.sethi64@hotmail.com,1986-04-28,FRRPU9222L,PAN_Amit_Sethi.pdf,Faridabad,Faridabad,Haryana,121003,India,Retail Home Loans,Plot + Construction Loan,1800000,2026-07-08,Sumit Sinha,Faridabad — Sector 15,Delhi NCR Region,North Zone,Sanctioned,,,,AFLRET26000084,2026-06-28 10:40:00,No,Sumit Sinha,2026-06-28 10:40:00,Salaried — MNC,Salaried,0.2,No
421,Mihir,Shinde,AFL-RET-000421,Website,Property Power JUN26,CMP-2026-0029,2026-06-10 10:37:00,,9901989311,,mihir.shinde@hotmail.com,1975-10-17,TEFPU4171R,PAN_Mihir_Shinde.pdf,Pune,Pune,Maharashtra,411033,India,Business & MSME Loans,MSME Growth Loan,750000,2026-08-09,Sagar Vora,Pune — Wakad,Maharashtra Region,West Zone,Disbursed,,,,AFLRET26000085,2026-06-23 10:52:00,No,Sagar Vora,2026-06-23 10:52:00,Business Owner,Self-Employed,2.5,Yes
422,Amit,Dua,AFL-RET-000422,Website,Swasthya Care JUL26,CMP-2026-0032,2026-07-05 18:23:00,,8348248416,,amit.dua@gmail.com,1993-04-15,,,New Delhi,South Delhi,Delhi,110048,India,Retail Personal Loans,Kushal Personal Loan,300000,2026-08-04,Rajat Chopra,Delhi — Saket,Delhi NCR Region,North Zone,Rejected,REJ-04,Negative / restricted profile,,,2026-07-07 11:38:00,No,Rajat Chopra,2026-07-07 11:38:00,Salaried — Private Sector,Salaried,,No
423,Abhijit,Banerjee,AFL-RET-000423,Social media,Property Power MAY26,CMP-2026-0027,2026-05-27 16:37:00,,9106731642,6116437768,abhijit.banerjee12@gmail.com,1982-07-04,PJWPM2844G,PAN_Abhijit_Banerjee.pdf,Kolkata,Kolkata,West Bengal,700016,India,Retail Personal Loans,Debt Consolidation Loan,725000,2026-06-26,Debolina Banerjee,Kolkata — Park Street,West Bengal Region,East Zone,Rejected,REJ-07,Existing obligations too high (FOIR),,,2026-06-06 18:52:00,No,Debolina Banerjee,2026-06-06 18:52:00,Salaried — Government / PSU,Salaried,,No
424,Omkar,Joshi,AFL-RET-000424,Landing page,Property Power APR26,CMP-2026-0023,2026-04-27 18:23:00,,9859917959,,omkar.joshi71@outlook.com,1982-01-08,,,Surat,Surat,Gujarat,395007,India,Retail Personal Loans,Debt Consolidation Loan,1000000,2026-06-26,Omkar Shah,Surat — Adajan,Gujarat Region,West Zone,Rejected,REJ-11,Business vintage below minimum,,,2026-05-06 15:38:00,No,Omkar Shah,2026-05-06 15:38:00,Salaried — MNC,Salaried,,No
425,Chetan,Hegde,AFL-RET-000425,Social media,Swasthya Care AUG26,CMP-2026-0035,2026-08-16 09:05:00,770754994,8795825461,,chetan.hegde@gmail.com,2002-10-28,DBFPA7371S,PAN_Chetan_Hegde.pdf,Bengaluru,Bengaluru Urban,Karnataka,560047,India,Retail Personal Loans,Medical Emergency Loan,170000,2026-09-15,Manoj Nair,Bengaluru — Koramangala,Karnataka Region,South Zone,Sanctioned,,,,AFLRET26000086,2026-09-02 09:10:00,No,Manoj Nair,2026-09-02 09:10:00,Salaried — Private Sector,Salaried,0.2,No
426,Ranjan,Mahto,AFL-RET-000426,Landing page,Diwali Dhamaka NOV25,CMP-2025-0006,2025-11-10 09:58:00,,6568936726,,ranjan.mahto95@gmail.com,1989-09-28,,,Jorhat,Jorhat,Assam,785001,India,Loan Against Property,MLAP (Shakti),1500000,2025-12-25,UNALLOCATED,UNALLOCATED,UNALLOCATED,UNALLOCATED,New,,,,,2025-11-10 10:10:00,No,System,2025-11-10 10:10:00,Self-Employed Professional,Self-Employed,,Yes
427,Parth,Jadhav,AFL-RET-000427,PQ Campaign,Vyapar Vriddhi FEB26,CMP-2026-0016,2026-02-06 19:00:00,116985870,9433188315,,parth.jadhav62@gmail.com,2002-08-03,DPCPW3797D,PAN_Parth_Jadhav.pdf,Mumbai,Mumbai,Maharashtra,400021,India,Business & MSME Loans,Working Capital Loan,5000000,2026-04-07,Omkar Patel,Mumbai — Fort,Maharashtra Region,West Zone,Disbursed,,,,AFLRET26000087,2026-03-09 09:32:00,No,Omkar Patel,2026-03-09 09:32:00,Self-Employed Professional,Self-Employed,1.2,No
428,Nandhini,Anand,AFL-RET-000428,Landing page,Swasthya Care AUG26,CMP-2026-0035,2026-08-10 19:44:00,538165483,9637522904,7234873421,nandhini.anand@hotmail.com,2002-06-20,,,Chennai,Chennai,Tamil Nadu,600090,India,Retail Home Loans,Disha Home Loan,600000,2026-09-24,Gokul Srinivasan,Chennai — Adyar,Tamil Nadu Region,South Zone,Follow-up,,,2026-09-17,,2026-08-14 09:41:00,No,Gokul Srinivasan,2026-08-14 09:41:00,Student,Salaried,4.6,Yes
429,Kavita,Kapoor,AFL-RET-000429,PQ Campaign,Vyapar Vriddhi JAN26,CMP-2026-0013,2026-01-09 17:37:00,275051906,6326886388,,kavita.kapoor@rediffmail.com,2003-07-14,,,Faridabad,Faridabad,Haryana,121007,India,Business & MSME Loans,Working Capital Loan,8500000,2026-02-08,Sumit Sinha,Faridabad — Sector 15,Delhi NCR Region,North Zone,Not interested,NI-02,Already availed loan elsewhere,,,2026-01-10 16:49:00,No,Sumit Sinha,2026-01-10 16:49:00,Self-Employed Non-Professional,Self-Employed,1.2,No
430,Trupti,Parikh,AFL-RET-000430,PQ Campaign,Safar Travel APR26,CMP-2026-0025,2026-04-19 20:23:00,243404913,8472016420,,trupti.parikh@outlook.com,1989-12-21,,,Mumbai,Mumbai,Maharashtra,400020,India,Retail Personal Loans,Debt Consolidation Loan,275000,2026-06-18,Rutuja Pawar,Mumbai — Fort,Maharashtra Region,West Zone,Rejected,REJ-10,Technical valuation below expectation,,,2026-04-24 11:31:00,No,Rutuja Pawar,2026-04-24 11:31:00,Salaried — Government / PSU,Salaried,,No
431,Sagar,Kulkarni,AFL-RET-000431,Website,Shubh Vivah DEC25,CMP-2025-0011,2025-12-05 16:37:00,827956109,9725293888,,sagar.kulkarni@gmail.com,1981-09-28,GQEPM1170C,PAN_Sagar_Kulkarni.pdf,Vadodara,Vadodara,Gujarat,390023,India,Retail Personal Loans,Medical Emergency Loan,275000,2026-01-19,Chirag Vora,Vadodara — Alkapuri,Gujarat Region,West Zone,Rejected,REJ-10,Technical valuation below expectation,,,2025-12-17 09:35:00,No,Chirag Vora,2025-12-17 09:35:00,Self-Employed Professional,Self-Employed,,No
432,Nisha,Sawant,AFL-RET-000432,Website,Ghar Ka Sapna NOV25,CMP-2025-0008,2025-11-23 13:12:00,844662855,8125659130,7660347645,nisha.sawant@outlook.com,1993-08-02,,,Mumbai,Mumbai Suburban,Maharashtra,400064,India,Business & MSME Loans,Machinery Purchase Loan,9500000,2026-01-22,Bhavesh Patil,Mumbai — Andheri,Maharashtra Region,West Zone,Not interested,NI-03,Only enquiring — no current need,,,2025-11-26 09:41:00,No,Bhavesh Patil,2025-11-26 09:41:00,Self-Employed Non-Professional,Self-Employed,0.9,No
433,Debashish,Guha,AFL-RET-000433,PQ Campaign,Property Power JUN26,CMP-2026-0029,2026-06-23 13:31:00,609892712,9960261603,6944538165,debashish.guha9@rediffmail.com,1998-09-26,FMJPS6538U,PAN_Debashish_Guha.pdf,Kolkata,Kolkata,West Bengal,700017,India,Business & MSME Loans,Machinery Purchase Loan,6500000,2026-08-22,Debolina Banerjee,Kolkata — Park Street,West Bengal Region,East Zone,Sanctioned,,,,AFLRET26000088,2026-07-11 09:59:00,No,Debolina Banerjee,2026-07-11 09:59:00,Self-Employed Professional,Self-Employed,0.2,No
434,Trupti,Rane,AFL-RET-000434,PQ Campaign,Diwali Dhamaka NOV25,CMP-2025-0006,2025-11-19 20:12:00,617482356,7475788880,9754624188,trupti.rane91@yahoo.com,1986-09-27,BTUPG6007K,PAN_Trupti_Rane.pdf,Pune,Pune,Maharashtra,411016,India,Retail Personal Loans,Diwali Special Loan,250000,2025-12-19,Nikhil Deshmukh,Pune — Shivajinagar,Maharashtra Region,West Zone,Not interested,NI-03,Only enquiring — no current need,,,2025-11-21 13:53:00,No,Nikhil Deshmukh,2025-11-21 13:53:00,Salaried — MNC,Salaried,0.2,No
435,Pankaj,Saxena,AFL-RET-000435,Social media,Shiksha Education MAY26,CMP-2026-0026,2026-05-14 12:31:00,,6732495036,6887567123,pankaj.saxena@gmail.com,1985-09-27,,,Ludhiana,Ludhiana,Punjab,141001,India,Professional Loans,Doctor Professional Loan,525000,2026-06-13,Swati Saxena,Ludhiana — Mall Road,North India Region,North Zone,Rejected,REJ-01,Credit / bureau issue (CIBIL below cut-off),,,2026-05-16 10:27:00,No,Swati Saxena,2026-05-16 10:27:00,Agriculturist,Self-Employed,,No
436,Praveen,Gowda,AFL-RET-000436,Social media,Safar Travel MAR26,CMP-2026-0022,2026-03-01 18:18:00,,7334352202,,praveen.gowda@outlook.com,2001-04-19,YRWPJ7210P,PAN_Praveen_Gowda.pdf,Bengaluru,Bengaluru Urban,Karnataka,560029,India,Vehicle & Consumer Loans,Used Car Loan,775000,2026-04-30,Vinay Nair,Bengaluru — Koramangala,Karnataka Region,South Zone,Rejected,REJ-09,Property title not clear,,,2026-03-14 11:55:00,No,Vinay Nair,2026-03-14 11:55:00,Self-Employed Non-Professional,Self-Employed,,No
437,Senthil,Kumaraswamy,AFL-RET-000437,Landing page,Property Power MAY26,CMP-2026-0027,2026-05-09 15:44:00,,9525737660,7245707267,senthil.kumaraswamy@outlook.com,1979-04-21,JXHPG9892S,PAN_Senthil_Kumaraswamy.pdf,Chennai,Chennai,Tamil Nadu,600024,India,Business & MSME Loans,MSME Growth Loan,2000000,2026-06-23,Saravanan Rajan,Chennai — T Nagar,Tamil Nadu Region,South Zone,Rejected,REJ-10,Technical valuation below expectation,,,2026-05-15 13:59:00,No,Saravanan Rajan,2026-05-15 13:59:00,Self-Employed Non-Professional,Self-Employed,,No
438,Swapnil,Rane,AFL-RET-000438,Website,Ghar Ka Sapna MAR26,CMP-2026-0019,2026-03-21 20:18:00,,8711406013,,swapnil.rane@hotmail.com,1972-03-10,,,Surat,Surat,Gujarat,395009,India,Retail Home Loans,Plot + Construction Loan,4300000,2026-05-05,Omkar Shah,Surat — Adajan,Gujarat Region,West Zone,Not reachable,NR-01,Number switched off / unreachable,,,2026-03-24 09:09:00,No,Omkar Shah,2026-03-24 09:09:00,Self-Employed Professional,Self-Employed,0.2,No
439,Rashmi,Goel,AFL-RET-000439,Website,Shiksha Education MAY26,CMP-2026-0026,2026-05-19 12:37:00,,7907953335,,rashmi.goel26@rediffmail.com,1986-12-15,ZPNPW2887V,PAN_Rashmi_Goel.pdf,Lucknow,Lucknow,Uttar Pradesh,226003,India,Retail Personal Loans,Education Loan,130000,2026-07-03,Tarun Tiwari,Lucknow — Hazratganj,North India Region,North Zone,Not reachable,NR-02,Invalid / wrong number,,,2026-05-22 10:33:00,No,Tarun Tiwari,2026-05-22 10:33:00,Business Owner,Self-Employed,0.3,No
440,Rohit,Dua,AFL-RET-000440,Website,Professional Edge AUG26,CMP-2026-0036,2026-08-19 13:05:00,,9450465155,9154088117,rohit.dua@hotmail.com,1975-09-11,NFGPM4242Q,PAN_Rohit_Dua.pdf,Lucknow,Lucknow,Uttar Pradesh,226010,India,Gold & Secured Loans,Loan Against Securities,3200000,2026-09-18,Tarun Tiwari,Lucknow — Hazratganj,North India Region,North Zone,Disbursed,,,,AFLRET26000089,2026-08-30 10:39:00,No,Tarun Tiwari,2026-08-30 10:39:00,Self-Employed Non-Professional,Self-Employed,0.2,No
441,Siddharth,Sawant,AFL-RET-000441,Website,Vyapar Vriddhi FEB26,CMP-2026-0016,2026-02-23 20:18:00,,8510996643,,siddharth.sawant@rediffmail.com,1992-11-20,,,Surat,Surat,Gujarat,395001,India,Loan Against Property,MLAP (Shakti),2500000,2026-04-09,Omkar Shah,Surat — Adajan,Gujarat Region,West Zone,Not interested,NI-06,Family / spouse declined,,,2026-02-28 13:48:00,No,Omkar Shah,2026-02-28 13:48:00,Business Owner,Self-Employed,0.2,No
442,Nisha,Sawant,AFL-RET-000442,Landing page,Professional Edge AUG26,CMP-2026-0036,2026-08-03 14:51:00,,9545847953,,nisha.sawant72@gmail.com,1969-03-12,QEGPP6851T,PAN_Nisha_Sawant.pdf,Pune,Pune,Maharashtra,411061,India,Gold & Secured Loans,Loan Against Securities,1700000,2026-10-02,Sneha Parikh,Pune — Wakad,Maharashtra Region,West Zone,Not interested,NI-06,Family / spouse declined,,,2026-08-08 11:27:00,No,Sneha Parikh,2026-08-08 11:27:00,Business Owner,Self-Employed,1.6,No
443,Tanvi,Thakkar,AFL-RET-000443,Social media,Safar Travel APR26,CMP-2026-0025,2026-04-28 14:58:00,,7428316590,,tanvi.thakkar@rediffmail.com,1973-05-18,DWQPE2533J,PAN_Tanvi_Thakkar.pdf,Ahmedabad,Ahmedabad,Gujarat,380059,India,Retail Home Loans,Disha Home Loan,3000000,2026-05-28,Parth Joshi,Ahmedabad — Satellite,Gujarat Region,West Zone,Disbursed,,,,AFLRET26000090,2026-05-22 10:45:00,No,Parth Joshi,2026-05-22 10:45:00,Salaried — Government / PSU,Salaried,3.5,Yes
444,Pallavi,Murthy,AFL-RET-000444,Website,Safar Travel MAR26,CMP-2026-0022,2026-03-09 20:44:00,891872930,9720315199,,,1996-11-16,XDZPF5627K,PAN_Pallavi_Murthy.pdf,Bengaluru,Bengaluru Urban,Karnataka,560070,India,Retail Personal Loans,Travel Loan,375000,2026-04-23,Nandini Rao,Bengaluru — Jayanagar,Karnataka Region,South Zone,Disbursed,,,,AFLRET26000091,2026-04-08 09:19:00,No,Nandini Rao,2026-04-08 09:19:00,Salaried — Private Sector,Salaried,0.3,No
445,Shalini,Goel,AFL-RET-000445,Website,Swasthya Care JUL26,CMP-2026-0032,2026-07-23 16:37:00,,9243432231,,shalini.goel@rediffmail.com,1972-05-01,BAEPM3641Y,PAN_Shalini_Goel.pdf,Ludhiana,Ludhiana,Punjab,141010,India,Gold & Secured Loans,Loan Against Securities,2200000,2026-09-21,Swati Saxena,Ludhiana — Mall Road,North India Region,North Zone,Rejected,REJ-01,Credit / bureau issue (CIBIL below cut-off),,,2026-08-05 11:36:00,No,Swati Saxena,2026-08-05 11:36:00,Salaried — Private Sector,Salaried,,No
446,Tanvi,Deshmukh,AFL-RET-000446,Website,Balance Transfer Bonanza JAN26,CMP-2026-0014,2026-01-29 18:58:00,,9760308724,9767275159,tanvi.deshmukh44@gmail.com,1995-06-27,HTAPN7193P,PAN_Tanvi_Deshmukh.pdf,Mumbai,Mumbai,Maharashtra,400020,India,Loan Against Property,Loan Against Property,3000000,2026-02-28,Rutuja Pawar,Mumbai — Fort,Maharashtra Region,West Zone,Disbursed,,,,AFLRET26000092,2026-02-20 10:27:00,No,Rutuja Pawar,2026-02-20 10:27:00,Salaried — Private Sector,Salaried,13.1,Yes
447,Divya,Rathore,AFL-RET-000447,PQ Campaign,Balance Transfer Bonanza JUL26,CMP-2026-0033,2026-07-21 11:37:00,542702983,6786177724,,divya.rathore97@gmail.com,1987-06-10,,,Amritsar,Amritsar,Punjab,143005,India,Retail Personal Loans,Debt Consolidation Loan,1000000,2026-09-19,Rahul Malhotra,Amritsar — Lawrence Road,North India Region,North Zone,Rejected,REJ-10,Technical valuation below expectation,,,2026-07-30 15:52:00,No,Rahul Malhotra,2026-07-30 15:52:00,Salaried — Private Sector,Salaried,,No
448,Kalyani,Desai,AFL-RET-000448,Website,Vyapar Vriddhi JAN26,CMP-2026-0013,2026-01-14 11:51:00,,7135634807,,kalyani.desai@gmail.com,1996-08-22,XJEPL2878R,PAN_Kalyani_Desai.pdf,Mumbai,Mumbai,Maharashtra,400020,India,Business & MSME Loans,Vyapar Business Loan,2100000,2026-03-15,Rutuja Pawar,Mumbai — Fort,Maharashtra Region,West Zone,Not interested,NI-04,Requirement postponed,,,2026-01-19 11:25:00,No,Rutuja Pawar,2026-01-19 11:25:00,Self-Employed Professional,Self-Employed,0.2,No
449,Amit,Verma,AFL-RET-000449,Website,Property Power MAY26,CMP-2026-0027,2026-05-17 14:31:00,,6155955313,,amit.verma@outlook.com,1992-03-10,,,Faridabad,Faridabad,Haryana,121007,India,Loan Against Property,Loan Against Property,12000000,2026-07-16,Sumit Sinha,Faridabad — Sector 15,Delhi NCR Region,North Zone,Not interested,NI-01,Rate of interest too high,,,2026-05-21 10:41:00,No,Sumit Sinha,2026-05-21 10:41:00,Self-Employed Professional,Self-Employed,3,Yes
450,Isha,Yadav,AFL-RET-000450,Landing page,Swasthya Care JUL26,CMP-2026-0032,2026-07-19 19:18:00,,6103532267,,isha.yadav36@rediffmail.com,2000-03-06,LYMPJ1966K,PAN_Isha_Yadav.pdf,Amritsar,Amritsar,Punjab,143001,India,Professional Loans,Doctor Professional Loan,1300000,2026-09-17,Rahul Malhotra,Amritsar — Lawrence Road,North India Region,North Zone,Disbursed,,,,AFLRET26000093,2026-08-13 11:30:00,No,Rahul Malhotra,2026-08-13 11:30:00,Agriculturist,Self-Employed,2.2,Yes
451,Pranav,Deshmukh,AFL-RET-000451,Social media,Swasthya Care JUL26,CMP-2026-0032,2026-07-29 20:44:00,,8407411917,,pranav.deshmukh@gmail.com,1994-02-15,,,Vadodara,Vadodara,Gujarat,390020,India,Business & MSME Loans,Vyapar Business Loan,2800000,2026-09-12,Chirag Vora,Vadodara — Alkapuri,Gujarat Region,West Zone,Rejected,REJ-01,Credit / bureau issue (CIBIL below cut-off),,,2026-08-02 12:59:00,No,Chirag Vora,2026-08-02 12:59:00,Business Owner,Self-Employed,,No
452,Manish,Mishra,AFL-RET-000452,Landing page,Vyapar Vriddhi MAR26,CMP-2026-0020,2026-03-09 17:44:00,,7318667145,,manish.mishra78@outlook.com,1974-01-26,ULZPW5213M,PAN_Manish_Mishra.pdf,New Delhi,South Delhi,Delhi,110025,India,Gold & Secured Loans,Loan Against Securities,975000,2026-04-23,Rajat Chopra,Delhi — Saket,Delhi NCR Region,North Zone,Not interested,NI-03,Only enquiring — no current need,,,2026-03-11 10:04:00,No,Rajat Chopra,2026-03-11 10:04:00,Salaried — MNC,Salaried,3.8,Yes
453,Divya,Gowda,AFL-RET-000453,Landing page,Vyapar Vriddhi FEB26,CMP-2026-0016,2026-02-23 15:23:00,,6659882452,,divya.gowda@hotmail.com,1982-09-25,,,Mysuru,Mysuru,Karnataka,570009,India,Business & MSME Loans,Working Capital Loan,6000000,2026-04-09,Deepa Nair,Mysuru — Saraswathipuram,Karnataka Region,South Zone,Not interested,NI-03,Only enquiring — no current need,,,2026-02-25 13:29:00,No,Deepa Nair,2026-02-25 13:29:00,Business Owner,Self-Employed,1.1,No
454,Chandra,Pillai,AFL-RET-000454,Social media,Ghar Ka Sapna MAR26,CMP-2026-0019,2026-03-03 19:05:00,396208265,9705239685,8608491758,chandra.pillai@gmail.com,1958-02-03,XKCPJ8537C,PAN_Chandra_Pillai.pdf,Hyderabad,Rangareddy,Telangana,500049,India,Retail Personal Loans,Marriage Loan,1200000,2026-04-17,Swapna Gupta,Hyderabad — Gachibowli,Telangana Region,South Zone,Rejected,REJ-13,Others,,,2026-03-14 10:10:00,No,Swapna Gupta,2026-03-14 10:10:00,Retired / Pensioner,Salaried,,No
455,Debolina,Mukherjee,AFL-RET-000455,PQ Campaign,Shubh Vivah DEC25,CMP-2025-0011,2025-12-26 15:23:00,483213499,6668292740,,debolina.mukherjee@gmail.com,1994-09-26,KFHPU7780K,PAN_Debolina_Mukherjee.pdf,Kolkata,Kolkata,West Bengal,700017,India,Retail Personal Loans,Marriage Loan,900000,2026-02-24,Debolina Banerjee,Kolkata — Park Street,West Bengal Region,East Zone,Disbursed,,,,AFLRET25000094,2026-01-13 17:33:00,No,Debolina Banerjee,2026-01-13 17:33:00,Business Owner,Self-Employed,1,No
456,Rahul,Aggarwal,AFL-RET-000456,Landing page,Safar Travel APR26,CMP-2026-0025,2026-04-20 15:58:00,642914881,8559003558,7993551012,rahul.aggarwal@outlook.com,1977-01-21,BYLPA7291M,PAN_Rahul_Aggarwal.pdf,New Delhi,New Delhi,Delhi,110002,India,Retail Home Loans,Plot + Construction Loan,7500000,2026-05-20,Ritika Mishra,Delhi — Connaught Place,Delhi NCR Region,North Zone,Disbursed,,,,AFLRET26000095,2026-05-18 11:41:00,No,Ritika Mishra,2026-05-18 11:41:00,Business Owner,Self-Employed,2.2,Yes
457,Divya,Venkatesh,AFL-RET-000457,PQ Campaign,Diwali Dhamaka NOV25,CMP-2025-0006,2025-11-12 18:05:00,680283742,8919904902,,divya.venkatesh@rediffmail.com,1971-02-02,PNCPE6396T,PAN_Divya_Venkatesh.pdf,Chennai,Chennai,Tamil Nadu,600033,India,Vehicle & Consumer Loans,Two-Wheeler Loan,50000,2025-12-27,Saravanan Rajan,Chennai — T Nagar,Tamil Nadu Region,South Zone,Login Initiated,,,,,2025-11-15 10:11:00,No,Saravanan Rajan,2025-11-15 10:11:00,Business Owner,Self-Employed,16.1,Yes
458,Bikash,Chatterjee,AFL-RET-000458,PQ Campaign,Shiksha Education MAY26,CMP-2026-0026,2026-05-31 11:31:00,833051840,9313948905,,bikash.chatterjee@hotmail.com,1981-07-25,JKHPE4564Y,PAN_Bikash_Chatterjee.pdf,Kolkata,Kolkata,West Bengal,700017,India,Retail Personal Loans,Education Loan,400000,2026-06-30,Rajib Chatterjee,Kolkata — Park Street,West Bengal Region,East Zone,Rejected,REJ-04,Negative / restricted profile,,,2026-06-06 14:46:00,No,Rajib Chatterjee,2026-06-06 14:46:00,Salaried — Government / PSU,Salaried,,No
459,Revathi,Raman,AFL-RET-000459,Landing page,Shiksha Education MAY26,CMP-2026-0026,2026-05-20 18:31:00,628367153,6465446092,6233995659,revathi.raman69@gmail.com,1993-09-07,SZUPK9223D,PAN_Revathi_Raman.pdf,Coimbatore,Coimbatore,Tamil Nadu,641037,India,Retail Home Loans,Plot + Construction Loan,1300000,2026-07-04,Muthu Krishnan,Coimbatore — RS Puram,Tamil Nadu Region,South Zone,Rejected,REJ-04,Negative / restricted profile,,,2026-05-22 18:46:00,No,Muthu Krishnan,2026-05-22 18:46:00,Salaried — Government / PSU,Salaried,,No
460,Ashwin,Kumaraswamy,AFL-RET-000460,Landing page,Property Power APR26,CMP-2026-0023,2026-04-19 16:44:00,,9110951397,,,1971-11-11,,,Chennai,Chennai,Tamil Nadu,600041,India,Loan Against Property,MLAP (Shakti),3900000,2026-06-03,Gokul Srinivasan,Chennai — Adyar,Tamil Nadu Region,South Zone,Rejected,REJ-07,Existing obligations too high (FOIR),,,2026-04-21 11:56:00,No,Gokul Srinivasan,2026-04-21 11:56:00,Self-Employed Non-Professional,Self-Employed,,No
461,Sandesh,Jain,AFL-RET-000461,Website,Shiksha Education AUG26,CMP-2026-0034,2026-08-28 11:51:00,,7983878896,9526869684,sandesh.jain@rediffmail.com,1987-05-15,YLPPY9506E,PAN_Sandesh_Jain.pdf,Bengaluru,Bengaluru Urban,Karnataka,560103,India,Retail Home Loans,Home Loan Balance Transfer,3600000,2026-09-27,Deepa Iyengar,Bengaluru — Whitefield,Karnataka Region,South Zone,Login Initiated,,,,,2026-09-01 09:45:00,No,Deepa Iyengar,2026-09-01 09:45:00,Salaried — Government / PSU,Salaried,0.9,No
462,Archana,Jena,AFL-RET-000462,Social media,Gold Utsav NOV25,CMP-2025-0009,2025-11-27 20:05:00,879480837,6468574018,,archana.jena72@gmail.com,1988-10-09,EQQPT9228L,PAN_Archana_Jena.pdf,Guwahati,Kamrup Metro,Assam,781005,India,Vehicle & Consumer Loans,Used Car Loan,225000,2026-01-26,Sunita Saikia,Guwahati — GS Road,East India Region,East Zone,Disbursed,,,,AFLRET25000096,2025-12-17 12:55:00,No,Sunita Saikia,2025-12-17 12:55:00,Salaried — Government / PSU,Salaried,10,Yes
463,Amit,Chopra,AFL-RET-000463,Landing page,Ghar Ka Sapna MAR26,CMP-2026-0019,2026-03-31 18:51:00,,9741386751,,amit.chopra84@yahoo.com,1980-12-07,,,New Delhi,New Delhi,Delhi,110001,India,Business & MSME Loans,Machinery Purchase Loan,8000000,2026-05-30,Nidhi Sharma,Delhi — Connaught Place,Delhi NCR Region,North Zone,Not interested,NI-07,Tenure offered not suitable,,,2026-04-03 16:09:00,No,Nidhi Sharma,2026-04-03 16:09:00,Self-Employed Professional,Self-Employed,0.4,No
464,Nilesh,Joshi,AFL-RET-000464,Landing page,Property Power JUN26,CMP-2026-0029,2026-06-02 12:00:00,,9337789467,,nilesh.joshi40@hotmail.com,1972-03-07,GTJPP2701B,PAN_Nilesh_Joshi.pdf,Ahmedabad,Ahmedabad,Gujarat,380001,India,Retail Home Loans,Plot + Construction Loan,9000000,2026-08-01,Payal Vora,Ahmedabad — CG Road,Gujarat Region,West Zone,Rejected,REJ-13,Others,,,2026-06-12 10:22:00,No,Payal Vora,2026-06-12 10:22:00,Salaried — Government / PSU,Salaried,,No
465,Chirag,Wagh,AFL-RET-000465,Website,Vyapar Vriddhi FEB26,CMP-2026-0016,2026-02-14 15:44:00,,7162784830,8253382446,chirag.wagh58@outlook.com,1988-12-23,TYRPP5073D,PAN_Chirag_Wagh.pdf,Rajkot,Rajkot,Gujarat,360004,India,Business & MSME Loans,Vyapar Business Loan,3700000,2026-03-16,Siddharth Trivedi,Rajkot — Kalawad Road,Gujarat Region,West Zone,Disbursed,,,,AFLRET26000097,2026-03-15 11:02:00,No,Siddharth Trivedi,2026-03-15 11:02:00,Self-Employed Non-Professional,Self-Employed,5.8,Yes
466,Hardik,Rane,AFL-RET-000466,Website,Professional Edge FEB26,CMP-2026-0018,2026-02-14 09:37:00,,7563789781,,hardik.rane85@gmail.com,1974-04-08,,,Pune,Pune,Maharashtra,411057,India,Loan Against Property,MLAP (Shakti),625000,2026-04-15,Sneha Parikh,Pune — Wakad,Maharashtra Region,West Zone,Rejected,REJ-08,Employer / company not approved,,,2026-02-25 09:17:00,No,Sneha Parikh,2026-02-25 09:17:00,Business Owner,Self-Employed,,No
467,Krupa,Joshi,AFL-RET-000467,Social media,Shubh Vivah FEB26,CMP-2026-0015,2026-02-09 15:00:00,946976610,6342570089,,krupa.joshi@rediffmail.com,1983-08-08,TRRPZ4209U,PAN_Krupa_Joshi.pdf,Rajkot,Rajkot,Gujarat,360004,India,Retail Home Loans,Disha Home Loan,525000,2026-03-26,Siddharth Trivedi,Rajkot — Kalawad Road,Gujarat Region,West Zone,Rejected,REJ-13,Others,,,2026-02-16 11:16:00,No,Siddharth Trivedi,2026-02-16 11:16:00,Self-Employed Professional,Self-Employed,,No
468,Abhijit,Ghosh,AFL-RET-000468,PQ Campaign,Vyapar Vriddhi JAN26,CMP-2026-0013,2026-01-05 19:58:00,329468014,7955616034,7870745606,abhijit.ghosh@rediffmail.com,1978-09-23,REXPA8270M,PAN_Abhijit_Ghosh.pdf,Kolkata,Kolkata,West Bengal,700091,India,Retail Personal Loans,Medical Emergency Loan,375000,2026-02-04,Tanmoy Chakraborty,Kolkata — Salt Lake,West Bengal Region,East Zone,Disbursed,,,,AFLRET26000098,2026-01-20 10:05:00,No,Tanmoy Chakraborty,2026-01-20 10:05:00,Salaried — Government / PSU,Salaried,0.7,No
469,Rashmi,Shenoy,AFL-RET-000469,Social media,Shiksha Education MAY26,CMP-2026-0026,2026-05-17 18:12:00,,6977626655,,rashmi.shenoy@outlook.com,1998-03-24,XEUPB3494Y,PAN_Rashmi_Shenoy.pdf,Bengaluru,Bengaluru Urban,Karnataka,560037,India,Retail Personal Loans,Education Loan,1000000,2026-07-01,Deepa Iyengar,Bengaluru — Whitefield,Karnataka Region,South Zone,Not interested,NI-03,Only enquiring — no current need,,,2026-05-20 10:40:00,No,Deepa Iyengar,2026-05-20 10:40:00,Salaried — MNC,Salaried,2,No
470,Lavanya,Babu,AFL-RET-000470,Social media,Grah Sajawat SEP26,CMP-2026-0040,2026-09-10 14:05:00,,9192718356,,lavanya.babu@rediffmail.com,1984-11-14,RFUPX9649N,PAN_Lavanya_Babu.pdf,Warangal,Warangal,Telangana,506002,India,Retail Home Loans,Home Loan Balance Transfer,5000000,2026-10-25,Aruna Reddy,Warangal — Hanamkonda,Telangana Region,South Zone,New,,,,,2026-09-10 14:20:00,No,Aruna Reddy,2026-09-10 14:20:00,Business Owner,Self-Employed,,No
471,Aditi,Patil,AFL-RET-000471,Social media,Shiksha Education AUG26,CMP-2026-0034,2026-08-08 16:44:00,,6115893530,,aditi.patil52@gmail.com,1990-01-13,,,Mumbai,Mumbai,Maharashtra,400001,India,Retail Personal Loans,Debt Consolidation Loan,1000000,2026-09-22,Omkar Patel,Mumbai — Fort,Maharashtra Region,West Zone,Not interested,NI-01,Rate of interest too high,,,2026-08-10 10:09:00,No,Omkar Patel,2026-08-10 10:09:00,Salaried — MNC,Salaried,4.4,Yes
472,Sagar,Chavan,AFL-RET-000472,Landing page,Property Power JUN26,CMP-2026-0029,2026-06-08 18:18:00,,7927654721,,sagar.chavan28@outlook.com,1983-04-18,YXMPQ5559S,PAN_Sagar_Chavan.pdf,Mumbai,Mumbai Suburban,Maharashtra,400064,India,Loan Against Property,MLAP (Shakti),1100000,2026-08-07,Bhavesh Patil,Mumbai — Andheri,Maharashtra Region,West Zone,Not interested,NI-03,Only enquiring — no current need,,,2026-06-13 10:49:00,No,Bhavesh Patil,2026-06-13 10:49:00,Self-Employed Professional,Self-Employed,0.2,No
473,Girish,Rai,AFL-RET-000473,PQ Campaign,Property Power APR26,CMP-2026-0023,2026-04-08 14:12:00,668626325,7143009698,,girish.rai97@gmail.com,2000-01-22,QMNPY3517K,PAN_Girish_Rai.pdf,Bengaluru,Bengaluru Urban,Karnataka,560041,India,Retail Home Loans,Disha Home Loan,675000,2026-06-07,Vinay Jain,Bengaluru — Jayanagar,Karnataka Region,South Zone,Rejected,REJ-12,GST / ITR not available,,,2026-04-17 11:46:00,No,Vinay Jain,2026-04-17 11:46:00,Self-Employed Non-Professional,Self-Employed,,No
474,Jyothi,Rao,AFL-RET-000474,Social media,Shubh Vivah DEC25,CMP-2025-0011,2025-12-28 13:37:00,,6281308049,9905551543,jyothi.rao@hotmail.com,1975-02-18,,,Warangal,Warangal,Telangana,506004,India,Retail Personal Loans,Marriage Loan,1200000,2026-02-26,Aruna Reddy,Warangal — Hanamkonda,Telangana Region,South Zone,Rejected,REJ-13,Others,,,2026-01-06 10:52:00,No,Aruna Reddy,2026-01-06 10:52:00,Salaried — Private Sector,Salaried,,No
475,Arindam,Dutta,AFL-RET-000475,Website,Shiksha Education AUG26,CMP-2026-0034,2026-08-26 18:44:00,,9239134023,,arindam.dutta78@rediffmail.com,1972-04-26,,,Kolkata,Kolkata,West Bengal,700020,India,Retail Personal Loans,Education Loan,475000,2026-10-25,Debolina Banerjee,Kolkata — Park Street,West Bengal Region,East Zone,Not reachable,NR-01,Number switched off / unreachable,,,2026-08-29 12:12:00,No,Debolina Banerjee,2026-08-29 12:12:00,Business Owner,Self-Employed,1.2,No
476,Ashwini,Mehta,AFL-RET-000476,Landing page,Ghar Ka Sapna MAR26,CMP-2026-0019,2026-03-11 18:31:00,,8301440033,,ashwini.mehta@hotmail.com,1986-12-23,,,Pune,Pune,Maharashtra,411045,India,Business & MSME Loans,Machinery Purchase Loan,1100000,2026-05-10,Sneha Parikh,Pune — Wakad,Maharashtra Region,West Zone,Rejected,REJ-07,Existing obligations too high (FOIR),,,2026-03-22 09:57:00,No,Sneha Parikh,2026-03-22 09:57:00,Business Owner,Self-Employed,,No
477,Meenakshi,Arora,AFL-RET-000477,Website,Balance Transfer Bonanza JUL26,CMP-2026-0033,2026-07-19 14:18:00,,8320967877,,meenakshi.arora74@outlook.com,1980-05-27,,,Lucknow,Lucknow,Uttar Pradesh,226003,India,Retail Home Loans,Plot + Construction Loan,1200000,2026-08-18,Tarun Tiwari,Lucknow — Hazratganj,North India Region,North Zone,Not reachable,NR-03,No response after 3 attempts,,,2026-07-21 11:03:00,No,Tarun Tiwari,2026-07-21 11:03:00,Self-Employed Non-Professional,Self-Employed,0.2,No
478,Trupti,Parikh,AFL-RET-000478,Social media,Property Power APR26,CMP-2026-0023,2026-04-19 13:58:00,,8464120405,,trupti.parikh@gmail.com,1981-04-24,,,Mumbai,Mumbai Suburban,Maharashtra,400069,India,Loan Against Property,Lease Rental Discounting,25500000,2026-06-03,Bhavesh Patil,Mumbai — Andheri,Maharashtra Region,West Zone,Not interested,NI-05,Processing fee not acceptable,,,2026-04-21 18:16:00,No,Bhavesh Patil,2026-04-21 18:16:00,Business Owner,Self-Employed,0.2,No
479,Deepa,Hegde,AFL-RET-000479,Landing page,Diwali Dhamaka NOV25,CMP-2025-0006,2025-11-19 14:23:00,,7378530439,,deepa.hegde@gmail.com,1986-05-01,HSYPE1835V,PAN_Deepa_Hegde.pdf,Bengaluru,Bengaluru Urban,Karnataka,560037,India,Vehicle & Consumer Loans,Two-Wheeler Loan,105000,2026-01-03,Deepa Iyengar,Bengaluru — Whitefield,Karnataka Region,South Zone,Sanctioned,,,,AFLRET25000099,2025-12-02 11:56:00,No,Deepa Iyengar,2025-12-02 11:56:00,Salaried — Private Sector,Salaried,0.2,No
480,Rituparna,Bhattacharya,AFL-RET-000480,Landing page,Balance Transfer Bonanza JAN26,CMP-2026-0014,2026-01-21 19:05:00,750936716,9486096371,,rituparna.bhattacharya@yahoo.com,1991-06-27,UCNPW4822L,PAN_Rituparna_Bhattacharya.pdf,Siliguri,Darjeeling,West Bengal,734003,India,Loan Against Property,MLAP (Shakti),825000,2026-03-22,Srabani Chatterjee,Siliguri — Sevoke Road,West Bengal Region,East Zone,Rejected,REJ-02,Income below minimum,,,2026-01-28 10:19:00,No,Srabani Chatterjee,2026-01-28 10:19:00,Business Owner,Self-Employed,,No
481,Priya,Sethi,AFL-RET-000481,Social media,Vyapar Vriddhi MAR26,CMP-2026-0020,2026-03-14 18:31:00,,7854647806,,,1984-10-15,PEMPB3966P,PAN_Priya_Sethi.pdf,Lucknow,Lucknow,Uttar Pradesh,226024,India,Retail Personal Loans,Medical Emergency Loan,100000,2026-05-13,Tarun Tiwari,Lucknow — Hazratganj,North India Region,North Zone,Disbursed,,,,AFLRET26000100,2026-03-28 10:09:00,No,Tarun Tiwari,2026-03-28 10:09:00,Salaried — Government / PSU,Salaried,9.5,Yes
482,Mihir,Wagh,AFL-RET-000482,Social media,Diwali Dhamaka NOV25,CMP-2025-0006,2025-11-08 14:51:00,,7191858499,9825397255,,1993-09-19,TFWPL7554Y,PAN_Mihir_Wagh.pdf,Surat,Surat,Gujarat,395010,India,Vehicle & Consumer Loans,Two-Wheeler Loan,70000,2026-01-07,Omkar Shah,Surat — Adajan,Gujarat Region,West Zone,Disbursed,,,,AFLRET25000101,2025-12-11 13:04:00,No,Omkar Shah,2025-12-11 13:04:00,Self-Employed Non-Professional,Self-Employed,0.8,No
483,Chandra,Varma,AFL-RET-000483,PQ Campaign,Shubh Vivah FEB26,CMP-2026-0015,2026-02-23 09:37:00,951597269,6299949157,8971841944,chandra.varma@outlook.com,1979-09-21,WXPPX8764F,PAN_Chandra_Varma.pdf,Warangal,Warangal,Telangana,506007,India,Retail Personal Loans,Medical Emergency Loan,900000,2026-04-24,Aruna Reddy,Warangal — Hanamkonda,Telangana Region,South Zone,Not interested,NI-06,Family / spouse declined,,,2026-02-27 11:36:00,No,Aruna Reddy,2026-02-27 11:36:00,Business Owner,Self-Employed,6.8,Yes
484,Hardik,Panchal,AFL-RET-000484,Landing page,Shiksha Education MAY26,CMP-2026-0026,2026-05-24 14:51:00,,8868012257,7780860597,hardik.panchal@gmail.com,1989-09-21,,,Surat,Surat,Gujarat,395010,India,Retail Home Loans,Disha Home Loan,4200000,2026-06-23,Omkar Shah,Surat — Adajan,Gujarat Region,West Zone,Not interested,NI-05,Processing fee not acceptable,,,2026-05-28 14:09:00,No,Omkar Shah,2026-05-28 14:09:00,Business Owner,Self-Employed,0.2,No
485,Sowmya,Nair,AFL-RET-000485,Website,Property Power MAY26,CMP-2026-0027,2026-05-22 15:05:00,,7152300001,,sowmya.nair@gmail.com,1972-09-20,YFSPY3828K,PAN_Sowmya_Nair.pdf,Bengaluru,Bengaluru Urban,Karnataka,560103,India,Loan Against Property,Loan Against Property,18500000,2026-07-06,Deepa Iyengar,Bengaluru — Whitefield,Karnataka Region,South Zone,Login Initiated,,,,,2026-05-27 11:55:00,No,Deepa Iyengar,2026-05-27 11:55:00,Salaried — Private Sector,Salaried,7.2,Yes
486,Anand,Pai,AFL-RET-000486,PQ Campaign,Shubh Vivah DEC25,CMP-2025-0011,2025-12-31 17:18:00,801776285,6426655883,,anand.pai@yahoo.com,1985-07-25,,,Bengaluru,Bengaluru Urban,Karnataka,560011,India,Professional Loans,CA / Professional Loan,1700000,2026-01-30,Nandini Rao,Bengaluru — Jayanagar,Karnataka Region,South Zone,Not interested,NI-02,Already availed loan elsewhere,,,2026-01-04 15:01:00,No,Nandini Rao,2026-01-04 15:01:00,Business Owner,Self-Employed,13.4,Yes
487,Padmaja,Babu,AFL-RET-000487,Landing page,Shiksha Education JUN26,CMP-2026-0028,2026-06-08 09:44:00,,6887967201,,padmaja.babu92@rediffmail.com,1981-11-05,,,Anantapur,Anantapur,Andhra Pradesh,515001,India,Loan Against Property,Lease Rental Discounting,37500000,2026-08-07,UNALLOCATED,UNALLOCATED,UNALLOCATED,UNALLOCATED,New,,,,,2026-06-08 09:56:00,No,System,2026-06-08 09:56:00,Business Owner,Self-Employed,,Yes
488,Srinivas,Babu,AFL-RET-000488,Social media,Swasthya Care AUG26,CMP-2026-0035,2026-08-13 19:23:00,492632429,6626012458,,srinivas.babu29@gmail.com,1976-01-13,ZHBPW9686F,PAN_Srinivas_Babu.pdf,Warangal,Warangal,Telangana,506004,India,Business & MSME Loans,Machinery Purchase Loan,8500000,2026-09-12,Aruna Reddy,Warangal — Hanamkonda,Telangana Region,South Zone,Rejected,REJ-05,OGL — outside the geo location,,,2026-08-19 09:23:00,No,Aruna Reddy,2026-08-19 09:23:00,Self-Employed Non-Professional,Self-Employed,,No
489,Payal,Bhatt,AFL-RET-000489,Social media,Shubh Vivah DEC25,CMP-2025-0011,2025-12-02 10:00:00,,9545107116,,,1992-08-03,LFMPP2325S,PAN_Payal_Bhatt.pdf,Pune,Pune,Maharashtra,411027,India,Retail Home Loans,Home Purchase Loan,9500000,2026-01-16,Sagar Vora,Pune — Wakad,Maharashtra Region,West Zone,Sanctioned,,,,AFLRET25000102,2025-12-19 11:01:00,No,Sagar Vora,2025-12-19 11:01:00,Business Owner,Self-Employed,0.2,No
490,Rajitha,Achari,AFL-RET-000490,Social media,Balance Transfer Bonanza FEB26,CMP-2026-0017,2026-02-21 13:12:00,582487145,7873796034,,rajitha.achari@outlook.com,1975-05-23,QTPPH9628Y,PAN_Rajitha_Achari.pdf,Hyderabad,Hyderabad,Telangana,500034,India,Retail Home Loans,Plot + Construction Loan,3300000,2026-04-22,Rajitha Reddy,Hyderabad — Banjara Hills,Telangana Region,South Zone,Disbursed,,,,AFLRET26000103,2026-03-18 11:22:00,No,Rajitha Reddy,2026-03-18 11:22:00,Salaried — Private Sector,Salaried,0.6,No
491,Priya,Kapoor,AFL-RET-000491,Landing page,Shubh Vivah FEB26,CMP-2026-0015,2026-02-10 12:58:00,,7429992663,7221199967,priya.kapoor@outlook.com,1982-12-20,DLGPD5975P,PAN_Priya_Kapoor.pdf,Ludhiana,Ludhiana,Punjab,141002,India,Retail Personal Loans,Kushal Personal Loan,2900000,2026-04-11,Swati Saxena,Ludhiana — Mall Road,North India Region,North Zone,Not reachable,NR-02,Invalid / wrong number,,,2026-02-12 18:22:00,No,Swati Saxena,2026-02-12 18:22:00,Salaried — Private Sector,Salaried,0.4,No
492,Prashanth,Rai,AFL-RET-000492,Website,Shiksha Education AUG26,CMP-2026-0034,2026-08-27 16:05:00,,9132171593,9430310325,prashanth.rai89@yahoo.com,2002-01-19,RCUPL4930Q,PAN_Prashanth_Rai.pdf,Hubballi,Dharwad,Karnataka,580021,India,Retail Personal Loans,Education Loan,2000000,2026-09-26,Suhas Pai,Hubballi — Vidyanagar,Karnataka Region,South Zone,Sanctioned,,,,AFLRET26000104,2026-09-10 18:30:00,No,Suhas Pai,2026-09-10 18:30:00,Salaried — MNC,Salaried,0.2,No
493,Ramya,Jain,AFL-RET-000493,Social media,Shubh Vivah DEC25,CMP-2025-0011,2025-12-27 11:37:00,,6131462006,,ramya.jain@rediffmail.com,1974-04-14,PAPPW2599Z,PAN_Ramya_Jain.pdf,Hubballi,Dharwad,Karnataka,580020,India,Retail Home Loans,Plot + Construction Loan,10000000,2026-02-25,Suhas Pai,Hubballi — Vidyanagar,Karnataka Region,South Zone,Disbursed,,,,AFLRET25000105,2026-01-31 09:07:00,No,Suhas Pai,2026-01-31 09:07:00,Self-Employed Professional,Self-Employed,0.4,No
494,Nikhil,Shah,AFL-RET-000494,Website,Shiksha Education JUN26,CMP-2026-0028,2026-06-02 10:18:00,215141608,7581610020,,nikhil.shah@outlook.com,2003-03-15,,,Mumbai,Mumbai,Maharashtra,400001,India,Retail Personal Loans,Education Loan,900000,2026-08-01,Rutuja Pawar,Mumbai — Fort,Maharashtra Region,West Zone,Rejected,REJ-10,Technical valuation below expectation,,,2026-06-08 11:22:00,No,Rutuja Pawar,2026-06-08 11:22:00,Salaried — Government / PSU,Salaried,,No
495,Kunal,Kulkarni,AFL-RET-000495,PQ Campaign,Diwali Dhamaka OCT25,CMP-2025-0001,2025-10-02 14:31:00,951185699,7986105711,,kunal.kulkarni@gmail.com,1990-11-25,,,Mumbai,Mumbai,Maharashtra,400021,India,Retail Personal Loans,Diwali Special Loan,325000,2025-12-01,Omkar Patel,Mumbai — Fort,Maharashtra Region,West Zone,Rejected,REJ-07,Existing obligations too high (FOIR),,,2025-10-12 14:46:00,No,Omkar Patel,2025-10-12 14:46:00,Salaried — Private Sector,Salaried,,No
496,Mamata,Mohanty,AFL-RET-000496,Website,Shiksha Education JUL26,CMP-2026-0031,2026-07-27 11:00:00,,7973354949,6984857334,mamata.mohanty34@rediffmail.com,1976-05-09,FLCPA3822X,PAN_Mamata_Mohanty.pdf,Cuttack,Cuttack,Odisha,753001,India,Retail Home Loans,Plot + Construction Loan,7000000,2026-09-25,Prakash Saikia,Cuttack — Buxi Bazaar,East India Region,East Zone,Login Initiated,,,,,2026-07-31 11:18:00,No,Prakash Saikia,2026-07-31 11:18:00,Salaried — Government / PSU,Salaried,0.2,No
497,Suresh,Sundaram,AFL-RET-000497,Landing page,Vyapar Vriddhi MAR26,CMP-2026-0020,2026-03-30 12:51:00,,8643128276,,,1980-03-08,ZPSPT7079M,PAN_Suresh_Sundaram.pdf,Coimbatore,Coimbatore,Tamil Nadu,641045,India,Business & MSME Loans,Vyapar Business Loan,500000,2026-05-14,Muthu Krishnan,Coimbatore — RS Puram,Tamil Nadu Region,South Zone,Not interested,NI-05,Processing fee not acceptable,,,2026-04-02 09:40:00,No,Muthu Krishnan,2026-04-02 09:40:00,Business Owner,Self-Employed,0.2,No
498,Ankit,Khanna,AFL-RET-000498,Social media,Vyapar Vriddhi MAR26,CMP-2026-0020,2026-03-22 09:58:00,,9712880445,8892250407,,1978-09-23,VTMPW2933L,PAN_Ankit_Khanna.pdf,New Delhi,West Delhi,Delhi,110026,India,Business & MSME Loans,Vyapar Business Loan,1700000,2026-05-21,Arjun Sethi,Delhi — Rajouri Garden,Delhi NCR Region,North Zone,Rejected,REJ-03,Policy restriction,,,2026-04-02 13:13:00,No,Arjun Sethi,2026-04-02 13:13:00,Business Owner,Self-Employed,,No
499,Prosenjit,Sen,AFL-RET-000499,Website,Diwali Dhamaka OCT25,CMP-2025-0001,2025-10-12 15:44:00,,7763061308,6213884761,prosenjit.sen@outlook.com,1971-10-14,RAEPR1415Z,PAN_Prosenjit_Sen.pdf,Kolkata,Kolkata,West Bengal,700017,India,Vehicle & Consumer Loans,Two-Wheeler Loan,120000,2025-11-11,Debolina Banerjee,Kolkata — Park Street,West Bengal Region,East Zone,Not interested,NI-04,Requirement postponed,,,2025-10-14 10:02:00,No,Debolina Banerjee,2025-10-14 10:02:00,Salaried — Private Sector,Salaried,0.2,No
500,Sandesh,Gowda,AFL-RET-000500,Landing page,Balance Transfer Bonanza JAN26,CMP-2026-0014,2026-01-24 18:51:00,916943859,7744441233,,sandesh.gowda36@gmail.com,1985-03-24,,,Bengaluru,Bengaluru Urban,Karnataka,560070,India,Loan Against Property,Loan Against Property,33000000,2026-03-25,Nandini Rao,Bengaluru — Jayanagar,Karnataka Region,South Zone,Follow-up,,,2026-09-07,,2026-01-26 10:50:00,No,Nandini Rao,2026-01-26 10:50:00,Salaried — Government / PSU,Salaried,9.1,Yes
501,Sameer,Patel,AFL-RET-000501,Website,Grah Sajawat NOV25,CMP-2025-0010,2025-11-08 19:51:00,,6425491012,8966605444,sameer.patel@yahoo.com,1976-03-04,MCDPW3999F,PAN_Sameer_Patel.pdf,Ahmedabad,Ahmedabad,Gujarat,380009,India,Retail Personal Loans,Home Renovation Loan,475000,2025-12-08,Swapnil Vora,Ahmedabad — CG Road,Gujarat Region,West Zone,Disbursed,,,,AFLRET25000106,2025-11-28 11:10:00,No,Swapnil Vora,2025-11-28 11:10:00,Self-Employed Professional,Self-Employed,0.8,No
502,Arindam,Guha,AFL-RET-000502,Website,Balance Transfer Bonanza JUN26,CMP-2026-0030,2026-06-25 20:37:00,931183252,6302653011,,arindam.guha@rediffmail.com,1971-12-25,ZMTPM2443D,PAN_Arindam_Guha.pdf,Kolkata,Kolkata,West Bengal,700091,India,Professional Loans,Doctor Professional Loan,525000,2026-07-25,Tanmoy Chakraborty,Kolkata — Salt Lake,West Bengal Region,East Zone,Follow-up,,,2026-09-21,,2026-06-28 11:57:00,No,Tanmoy Chakraborty,2026-06-28 11:57:00,Business Owner,Self-Employed,4.9,Yes
503,Arun,Mathew,AFL-RET-000503,Landing page,Swasthya Care AUG26,CMP-2026-0035,2026-08-13 18:00:00,,7759707559,6153827663,arun.mathew@yahoo.com,1975-05-20,,,Thiruvananthapuram,Thiruvananthapuram,Kerala,695014,India,Loan Against Property,Lease Rental Discounting,42500000,2026-09-12,Vivek Kurup,Trivandrum — Vazhuthacaud,Kerala & AP Region,South Zone,Rejected,REJ-06,Documentation — unable to provide,,,2026-08-21 09:15:00,No,Vivek Kurup,2026-08-21 09:15:00,Business Owner,Self-Employed,,No
504,Subhankar,Sarkar,AFL-RET-000504,Landing page,Diwali Dhamaka NOV25,CMP-2025-0006,2025-11-23 11:18:00,,6220807756,,subhankar.sarkar@gmail.com,1991-11-27,YSHPW3482R,PAN_Subhankar_Sarkar.pdf,Kolkata,Kolkata,West Bengal,700105,India,Vehicle & Consumer Loans,Consumer Durable Loan,150000,2025-12-23,Tanmoy Chakraborty,Kolkata — Salt Lake,West Bengal Region,East Zone,Disbursed,,,,AFLRET25000107,2025-12-16 10:22:00,No,Tanmoy Chakraborty,2025-12-16 10:22:00,Salaried — MNC,Salaried,0.2,No
505,Lakshmi,Rajan,AFL-RET-000505,Website,Vyapar Vriddhi FEB26,CMP-2026-0016,2026-02-05 19:00:00,,6629233854,9385309421,lakshmi.rajan@yahoo.com,1997-02-15,,,Coimbatore,Coimbatore,Tamil Nadu,641045,India,Business & MSME Loans,Working Capital Loan,8000000,2026-03-22,Muthu Krishnan,Coimbatore — RS Puram,Tamil Nadu Region,South Zone,Not interested,NI-01,Rate of interest too high,,,2026-02-09 11:03:00,No,Muthu Krishnan,2026-02-09 11:03:00,Self-Employed Professional,Self-Employed,0.2,No
506,Dhiraj,Kumar,AFL-RET-000506,Website,Vyapar Vriddhi MAR26,CMP-2026-0020,2026-03-17 09:18:00,,8895902016,,dhiraj.kumar@yahoo.com,1979-07-21,TFBPB4461P,PAN_Dhiraj_Kumar.pdf,Guwahati,Kamrup Metro,Assam,781001,India,Business & MSME Loans,Vyapar Business Loan,525000,2026-05-16,Sunita Saikia,Guwahati — GS Road,East India Region,East Zone,Disbursed,,,,AFLRET26000108,2026-04-26 10:02:00,No,Sunita Saikia,2026-04-26 10:02:00,Self-Employed Non-Professional,Self-Employed,9.8,Yes
507,Hetal,Sawant,AFL-RET-000507,Landing page,Gold Utsav OCT25,CMP-2025-0003,2025-10-16 10:12:00,,7959097707,,,2003-03-26,QWSPB4453N,PAN_Hetal_Sawant.pdf,Mumbai,Mumbai Suburban,Maharashtra,400101,India,Vehicle & Consumer Loans,Used Car Loan,700000,2025-11-30,Aniket Modi,Mumbai — Powai,Maharashtra Region,West Zone,Rejected,REJ-09,Property title not clear,,,2025-10-26 09:07:00,No,Aniket Modi,2025-10-26 09:07:00,Salaried — Government / PSU,Salaried,,No
508,Shruthi,Acharya,AFL-RET-000508,Social media,Balance Transfer Bonanza JUN26,CMP-2026-0030,2026-06-05 16:00:00,,6362932421,,shruthi.acharya@outlook.com,1979-09-12,ATXPG7624L,PAN_Shruthi_Acharya.pdf,Bengaluru,Bengaluru Urban,Karnataka,560103,India,Business & MSME Loans,Machinery Purchase Loan,1700000,2026-08-04,Kiran Udupa,Bengaluru — Whitefield,Karnataka Region,South Zone,Sanctioned,,,,AFLRET26000109,2026-06-14 09:49:00,No,Kiran Udupa,2026-06-14 09:49:00,Business Owner,Self-Employed,0.2,No
509,Naresh,Achari,AFL-RET-000509,Website,Shubh Vivah DEC25,CMP-2025-0011,2025-12-17 13:31:00,,7325550673,,naresh.achari@gmail.com,2001-09-02,,,Adilabad,Adilabad,Telangana,504001,India,Vehicle & Consumer Loans,Consumer Durable Loan,35000,2026-02-15,UNALLOCATED,UNALLOCATED,UNALLOCATED,UNALLOCATED,New,,,,,2025-12-17 13:43:00,No,System,2025-12-17 13:43:00,Salaried — Government / PSU,Salaried,,Yes
510,Payal,Thakkar,AFL-RET-000510,Social media,Shubh Vivah DEC25,CMP-2025-0011,2025-12-24 10:00:00,,7840558735,,payal.thakkar@rediffmail.com,1974-07-07,,,Mumbai,Mumbai Suburban,Maharashtra,400069,India,Business & MSME Loans,Vyapar Business Loan,5000000,2026-02-22,Bhavesh Patil,Mumbai — Andheri,Maharashtra Region,West Zone,Rejected,REJ-08,Employer / company not approved,,,2025-12-30 11:31:00,No,Bhavesh Patil,2025-12-30 11:31:00,Self-Employed Non-Professional,Self-Employed,,No
511,Revathi,Krishnan,AFL-RET-000511,Website,Property Power JUN26,CMP-2026-0029,2026-06-26 18:51:00,436074271,8621696022,,revathi.krishnan@rediffmail.com,1982-11-18,WCXPB5844R,PAN_Revathi_Krishnan.pdf,Chennai,Chennai,Tamil Nadu,600020,India,Retail Home Loans,Disha Home Loan,2400000,2026-08-25,Suresh Raman,Chennai — Adyar,Tamil Nadu Region,South Zone,Disbursed,,,,AFLRET26000110,2026-07-23 10:36:00,No,Suresh Raman,2026-07-23 10:36:00,Business Owner,Self-Employed,0.2,No
512,Rushabh,Gaikwad,AFL-RET-000512,Landing page,Safar Travel APR26,CMP-2026-0025,2026-04-28 19:12:00,,7593692347,,rushabh.gaikwad@gmail.com,1993-08-20,DRTPC4886J,PAN_Rushabh_Gaikwad.pdf,Pune,Pune,Maharashtra,411061,India,Retail Personal Loans,Travel Loan,75000,2026-05-28,Sneha Parikh,Pune — Wakad,Maharashtra Region,West Zone,Disbursed,,,,AFLRET26000111,2026-06-02 16:54:00,No,Sneha Parikh,2026-06-02 16:54:00,Salaried — Private Sector,Salaried,0.2,No
513,Sagar,Pawar,AFL-RET-000513,Website,Shiksha Education AUG26,CMP-2026-0034,2026-08-30 17:51:00,,9828892789,,sagar.pawar@gmail.com,2003-03-10,,,Ahmedabad,Ahmedabad,Gujarat,380061,India,Loan Against Property,Lease Rental Discounting,45000000,2026-10-14,Parth Joshi,Ahmedabad — Satellite,Gujarat Region,West Zone,Follow-up,,,2026-09-13,,2026-09-02 13:09:00,No,Parth Joshi,2026-09-02 13:09:00,Self-Employed Non-Professional,Self-Employed,0.2,No
514,Bhakti,Sawant,AFL-RET-000514,Website,Swasthya Care AUG26,CMP-2026-0035,2026-08-10 16:18:00,,9407920876,,bhakti.sawant64@yahoo.com,1982-08-20,KJTPA6133D,PAN_Bhakti_Sawant.pdf,Ahmedabad,Ahmedabad,Gujarat,380051,India,Retail Personal Loans,Kushal Personal Loan,2000000,2026-10-09,Hardik Bhatt,Ahmedabad — Satellite,Gujarat Region,West Zone,Rejected,REJ-10,Technical valuation below expectation,,,2026-08-19 09:15:00,No,Hardik Bhatt,2026-08-19 09:15:00,Salaried — Government / PSU,Salaried,,No
515,Prabhu,Iyer,AFL-RET-000515,PQ Campaign,Balance Transfer Bonanza JAN26,CMP-2026-0014,2026-01-07 09:37:00,898245985,9898159099,7130509414,prabhu.iyer@outlook.com,2001-09-13,,,Coimbatore,Coimbatore,Tamil Nadu,641045,India,Retail Personal Loans,Kushal Personal Loan,1600000,2026-02-21,Muthu Krishnan,Coimbatore — RS Puram,Tamil Nadu Region,South Zone,Not interested,NI-05,Processing fee not acceptable,,,2026-01-10 11:55:00,No,Muthu Krishnan,2026-01-10 11:55:00,Salaried — Private Sector,Salaried,0.2,No
516,Kalyani,Jadhav,AFL-RET-000516,Social media,Property Power JUN26,CMP-2026-0029,2026-06-30 15:12:00,,9639915312,,kalyani.jadhav@outlook.com,1998-01-15,,,Pune,Pune,Maharashtra,411057,India,Vehicle & Consumer Loans,Used Car Loan,300000,2026-07-30,Sneha Parikh,Pune — Wakad,Maharashtra Region,West Zone,Follow-up,,,2026-09-15,,2026-07-04 09:37:00,No,Sneha Parikh,2026-07-04 09:37:00,Homemaker,Self-Employed,6.5,Yes
517,Prakash,Behera,AFL-RET-000517,Website,Swasthya Care AUG26,CMP-2026-0035,2026-08-06 18:05:00,,9906463523,,prakash.behera@outlook.com,1989-01-21,,,Guwahati,Kamrup Metro,Assam,781001,India,Business & MSME Loans,MSME Growth Loan,3800000,2026-09-20,Sunita Saikia,Guwahati — GS Road,East India Region,East Zone,Rejected,REJ-01,Credit / bureau issue (CIBIL below cut-off),,,2026-08-13 11:20:00,No,Sunita Saikia,2026-08-13 11:20:00,Business Owner,Self-Employed,,No
518,Rushabh,Kulkarni,AFL-RET-000518,Landing page,Shiksha Education MAY26,CMP-2026-0026,2026-05-12 13:51:00,,7108411608,,rushabh.kulkarni@yahoo.com,2003-04-25,EMPPW6810S,PAN_Rushabh_Kulkarni.pdf,Mumbai,Mumbai,Maharashtra,400001,India,Retail Personal Loans,Education Loan,110000,2026-06-11,Rutuja Pawar,Mumbai — Fort,Maharashtra Region,West Zone,Sanctioned,,,,AFLRET26000112,2026-05-27 11:52:00,No,Rutuja Pawar,2026-05-27 11:52:00,Self-Employed Non-Professional,Self-Employed,0.2,No
519,Kalyani,Kulkarni,AFL-RET-000519,Website,Property Power JUN26,CMP-2026-0029,2026-06-15 19:12:00,,9286757719,,kalyani.kulkarni@rediffmail.com,1971-11-15,DVXPV8082H,PAN_Kalyani_Kulkarni.pdf,Pune,Pune,Maharashtra,411005,India,Business & MSME Loans,Machinery Purchase Loan,3400000,2026-07-15,Parth Parikh,Pune — Shivajinagar,Maharashtra Region,West Zone,Login Initiated,,,,,2026-06-22 09:11:00,No,Parth Parikh,2026-06-22 09:11:00,Self-Employed Professional,Self-Employed,0.5,No
520,Alok,Patnaik,AFL-RET-000520,PQ Campaign,Property Power MAY26,CMP-2026-0027,2026-05-11 17:58:00,444827254,7562145211,,alok.patnaik@outlook.com,1983-12-11,,,Patna,Patna,Bihar,800013,India,Retail Personal Loans,Debt Consolidation Loan,850000,2026-06-25,Sanjay Singh,Patna — Boring Road,East India Region,East Zone,Rejected,REJ-13,Others,,,2026-05-19 11:29:00,No,Sanjay Singh,2026-05-19 11:29:00,Salaried — Government / PSU,Salaried,,No
521,Kiran,Shetty,AFL-RET-000521,Social media,Diwali Dhamaka OCT25,CMP-2025-0001,2025-10-21 16:31:00,810303424,6877048406,,kiran.shetty@outlook.com,1982-12-04,TUAPU4529K,PAN_Kiran_Shetty.pdf,Mysuru,Mysuru,Karnataka,570023,India,Vehicle & Consumer Loans,Two-Wheeler Loan,45000,2025-11-20,Deepa Nair,Mysuru — Saraswathipuram,Karnataka Region,South Zone,Not interested,NI-06,Family / spouse declined,,,2025-10-22 10:49:00,No,Deepa Nair,2025-10-22 10:49:00,Salaried — Private Sector,Salaried,0.2,No
522,Omkar,Rane,AFL-RET-000522,Landing page,Balance Transfer Bonanza JUL26,CMP-2026-0033,2026-07-28 19:12:00,,6624307014,,omkar.rane@yahoo.com,1988-12-05,,,Mumbai,Mumbai Suburban,Maharashtra,400058,India,Business & MSME Loans,MSME Growth Loan,675000,2026-09-11,Bhavesh Patil,Mumbai — Andheri,Maharashtra Region,West Zone,Not interested,NI-06,Family / spouse declined,,,2026-08-01 10:13:00,No,Bhavesh Patil,2026-08-01 10:13:00,Business Owner,Self-Employed,0.4,No
523,Bhakti,Modi,AFL-RET-000523,PQ Campaign,Grah Sajawat NOV25,CMP-2025-0010,2025-11-17 09:58:00,813455937,9871530015,6247536012,bhakti.modi8@rediffmail.com,1987-11-22,,,Mumbai,Mumbai Suburban,Maharashtra,400059,India,Retail Personal Loans,Home Renovation Loan,300000,2026-01-16,Mihir Bhatt,Mumbai — Andheri,Maharashtra Region,West Zone,Not interested,NI-01,Rate of interest too high,,,2025-11-21 09:35:00,No,Mihir Bhatt,2025-11-21 09:35:00,Business Owner,Self-Employed,2.1,Yes
524,Naresh,Prasad,AFL-RET-000524,PQ Campaign,Diwali Dhamaka NOV25,CMP-2025-0006,2025-11-21 18:51:00,174056593,6239032123,,naresh.prasad@hotmail.com,1986-12-28,JKZPX9625Y,PAN_Naresh_Prasad.pdf,Visakhapatnam,Visakhapatnam,Andhra Pradesh,530002,India,Vehicle & Consumer Loans,Two-Wheeler Loan,150000,2025-12-21,Chandra Naidu,Vizag — Dwaraka Nagar,Kerala & AP Region,South Zone,Disbursed,,,,AFLRET25000113,2025-12-19 11:51:00,No,Chandra Naidu,2025-12-19 11:51:00,Self-Employed Professional,Self-Employed,0.8,No
525,Lavanya,Prasad,AFL-RET-000525,Landing page,Professional Edge AUG26,CMP-2026-0036,2026-08-17 17:00:00,566102775,8866232771,,lavanya.prasad@gmail.com,1958-09-18,KEEPE4634N,PAN_Lavanya_Prasad.pdf,Anantapur,Anantapur,Andhra Pradesh,515001,India,Retail Home Loans,Disha Home Loan,3900000,2026-10-01,UNALLOCATED,UNALLOCATED,UNALLOCATED,UNALLOCATED,New,,,,,2026-08-17 17:12:00,No,System,2026-08-17 17:12:00,Retired / Pensioner,Salaried,,Yes
526,Rituparna,Roy,AFL-RET-000526,Landing page,Property Power JUN26,CMP-2026-0029,2026-06-20 15:44:00,,7231668283,7983135306,rituparna.roy@rediffmail.com,1975-02-11,ABTPT9440N,PAN_Rituparna_Roy.pdf,Kolkata,Kolkata,West Bengal,700102,India,Business & MSME Loans,Vyapar Business Loan,1500000,2026-08-19,Tanmoy Chakraborty,Kolkata — Salt Lake,West Bengal Region,East Zone,Disbursed,,,,AFLRET26000114,2026-07-13 09:45:00,No,Tanmoy Chakraborty,2026-07-13 09:45:00,Business Owner,Self-Employed,0.4,No
527,Saravanan,Murugan,AFL-RET-000527,Website,Shubh Vivah DEC25,CMP-2025-0011,2025-12-13 20:58:00,,7383987375,7409110748,saravanan.murugan@outlook.com,1975-01-21,,,Chennai,Chennai,Tamil Nadu,600020,India,Retail Home Loans,Plot + Construction Loan,5500000,2026-01-27,Suresh Raman,Chennai — Adyar,Tamil Nadu Region,South Zone,Not interested,NI-01,Rate of interest too high,,,2025-12-19 11:47:00,No,Suresh Raman,2025-12-19 11:47:00,Self-Employed Professional,Self-Employed,0.2,No
528,Abhijit,Mitra,AFL-RET-000528,Website,Vyapar Vriddhi FEB26,CMP-2026-0016,2026-02-16 18:51:00,314367696,6495236797,,abhijit.mitra32@rediffmail.com,1983-02-20,,,Siliguri,Darjeeling,West Bengal,734001,India,Business & MSME Loans,Working Capital Loan,4800000,2026-04-17,Srabani Chatterjee,Siliguri — Sevoke Road,West Bengal Region,East Zone,Follow-up,,,2026-09-18,,2026-02-18 12:26:00,No,Srabani Chatterjee,2026-02-18 12:26:00,Business Owner,Self-Employed,12.7,Yes
529,Kavya,Murugan,AFL-RET-000529,Website,Shubh Vivah DEC25,CMP-2025-0011,2025-12-29 18:37:00,,6915124154,9444535888,kavya.murugan@rediffmail.com,1979-03-01,,,Coimbatore,Coimbatore,Tamil Nadu,641045,India,Retail Home Loans,Plot + Construction Loan,3300000,2026-02-12,Muthu Krishnan,Coimbatore — RS Puram,Tamil Nadu Region,South Zone,Not interested,NI-01,Rate of interest too high,,,2026-01-01 09:04:00,No,Muthu Krishnan,2026-01-01 09:04:00,Salaried — Private Sector,Salaried,0.2,No
530,Hardik,Chavan,AFL-RET-000530,Website,Vyapar Vriddhi JAN26,CMP-2026-0013,2026-01-03 15:37:00,,9109496959,,hardik.chavan@rediffmail.com,1979-04-25,KFHPU5708G,PAN_Hardik_Chavan.pdf,Surat,Surat,Gujarat,395007,India,Retail Home Loans,Plot + Construction Loan,4100000,2026-02-02,Omkar Shah,Surat — Adajan,Gujarat Region,West Zone,Not interested,NI-02,Already availed loan elsewhere,,,2026-01-04 11:57:00,No,Omkar Shah,2026-01-04 11:57:00,Salaried — MNC,Salaried,0.2,No
531,Priya,Sinha,AFL-RET-000531,Website,Vyapar Vriddhi FEB26,CMP-2026-0016,2026-02-24 16:51:00,,6254888275,,priya.sinha@yahoo.com,1977-09-06,BESPQ8559V,PAN_Priya_Sinha.pdf,New Delhi,West Delhi,Delhi,110027,India,Business & MSME Loans,Working Capital Loan,8000000,2026-04-25,Nitin Mishra,Delhi — Rajouri Garden,Delhi NCR Region,North Zone,Sanctioned,,,,AFLRET26000115,2026-03-13 11:52:00,No,Nitin Mishra,2026-03-13 11:52:00,Business Owner,Self-Employed,6.9,Yes
532,Trupti,Sawant,AFL-RET-000532,PQ Campaign,Balance Transfer Bonanza JUN26,CMP-2026-0030,2026-06-05 10:12:00,681587914,6762380855,7246070562,trupti.sawant@outlook.com,1982-12-06,UTNPN2871J,PAN_Trupti_Sawant.pdf,Pune,Pune,Maharashtra,411030,India,Retail Personal Loans,Kushal Personal Loan,400000,2026-07-20,Nikhil Deshmukh,Pune — Shivajinagar,Maharashtra Region,West Zone,Sanctioned,,,,AFLRET26000116,2026-06-17 12:13:00,No,Nikhil Deshmukh,2026-06-17 12:13:00,Salaried — MNC,Salaried,1.1,No
533,Siddharth,Patel,AFL-RET-000533,Website,Swasthya Care AUG26,CMP-2026-0035,2026-08-16 12:18:00,918180124,9902759207,,siddharth.patel@rediffmail.com,1993-11-15,,,Ahmedabad,Ahmedabad,Gujarat,380006,India,Retail Home Loans,Plot + Construction Loan,7000000,2026-09-15,Swapnil Vora,Ahmedabad — CG Road,Gujarat Region,West Zone,Follow-up,,,2026-09-07,,2026-08-19 10:52:00,No,Swapnil Vora,2026-08-19 10:52:00,Self-Employed Non-Professional,Self-Employed,0.4,No
534,Puja,Oraon,AFL-RET-000534,Landing page,Property Power APR26,CMP-2026-0023,2026-04-12 10:51:00,,9756257339,,puja.oraon39@outlook.com,1989-01-19,RCKPX6194V,PAN_Puja_Oraon.pdf,Ranchi,Ranchi,Jharkhand,834002,India,Retail Personal Loans,Education Loan,550000,2026-05-27,Anita Bora,Ranchi — Main Road,East India Region,East Zone,Login Initiated,,,,,2026-04-16 15:27:00,No,Anita Bora,2026-04-16 15:27:00,Salaried — Government / PSU,Salaried,0.6,No
535,Janani,Sundaram,AFL-RET-000535,Social media,Balance Transfer Bonanza JUN26,CMP-2026-0030,2026-06-08 19:05:00,672523862,6936748163,9101397008,janani.sundaram@hotmail.com,1999-04-16,,,Chennai,Chennai,Tamil Nadu,600090,India,Retail Home Loans,Home Loan Balance Transfer,3600000,2026-07-08,Suresh Raman,Chennai — Adyar,Tamil Nadu Region,South Zone,Rejected,REJ-03,Policy restriction,,,2026-06-10 09:20:00,No,Suresh Raman,2026-06-10 09:20:00,Salaried — MNC,Salaried,,No
536,Pallavi,Jain,AFL-RET-000536,Website,Diwali Dhamaka OCT25,CMP-2025-0001,2025-10-18 14:51:00,,8723552403,,pallavi.jain@gmail.com,1991-12-25,ZPQPP9123J,PAN_Pallavi_Jain.pdf,Mysuru,Mysuru,Karnataka,570001,India,Vehicle & Consumer Loans,Used Car Loan,925000,2025-12-17,Deepa Nair,Mysuru — Saraswathipuram,Karnataka Region,South Zone,Disbursed,,,,AFLRET25000117,2025-10-31 10:50:00,No,Deepa Nair,2025-10-31 10:50:00,Salaried — MNC,Salaried,0.2,No
537,Sunita,Mohanty,AFL-RET-000537,Website,Gold Utsav NOV25,CMP-2025-0009,2025-11-24 16:44:00,,7626884953,8680695917,sunita.mohanty@rediffmail.com,1991-02-22,,,Jorhat,Jorhat,Assam,785001,India,Vehicle & Consumer Loans,Used Car Loan,575000,2026-01-08,UNALLOCATED,UNALLOCATED,UNALLOCATED,UNALLOCATED,New,,,,,2025-11-24 16:56:00,No,System,2025-11-24 16:56:00,Business Owner,Self-Employed,,Yes
538,Manoj,Rao,AFL-RET-000538,PQ Campaign,Shubh Vivah DEC25,CMP-2025-0011,2025-12-08 16:31:00,472965218,9855192135,,manoj.rao@outlook.com,1984-01-02,VATPL2830K,PAN_Manoj_Rao.pdf,Bengaluru,Bengaluru Urban,Karnataka,560066,India,Retail Personal Loans,Medical Emergency Loan,60000,2026-01-07,Kiran Udupa,Bengaluru — Whitefield,Karnataka Region,South Zone,Not reachable,NR-01,Number switched off / unreachable,,,2025-12-09 18:49:00,No,Kiran Udupa,2025-12-09 18:49:00,Salaried — Government / PSU,Salaried,0.2,No
539,Omkar,Shinde,AFL-RET-000539,PQ Campaign,Grah Sajawat NOV25,CMP-2025-0010,2025-11-25 09:23:00,484906600,7496181115,,omkar.shinde@gmail.com,1996-08-10,,,Pune,Pune,Maharashtra,411045,India,Business & MSME Loans,Working Capital Loan,2100000,2025-12-25,Sagar Vora,Pune — Wakad,Maharashtra Region,West Zone,Follow-up,,,2026-09-08,,2025-11-27 11:04:00,No,Sagar Vora,2025-11-27 11:04:00,Self-Employed Non-Professional,Self-Employed,0.8,No
540,Rituparna,Chakraborty,AFL-RET-000540,Landing page,Vyapar Vriddhi MAR26,CMP-2026-0020,2026-03-09 20:23:00,,9525069702,,rituparna.chakraborty@rediffmail.com,1994-06-04,,,Kolkata,Kolkata,West Bengal,700016,India,Retail Home Loans,Home Loan Balance Transfer,6000000,2026-04-23,Rajib Chatterjee,Kolkata — Park Street,West Bengal Region,East Zone,Not interested,NI-01,Rate of interest too high,,,2026-03-11 09:01:00,No,Rajib Chatterjee,2026-03-11 09:01:00,Salaried — MNC,Salaried,0.2,No
541,Sudeshna,Mukherjee,AFL-RET-000541,Website,Vyapar Vriddhi MAR26,CMP-2026-0020,2026-03-18 19:51:00,,6895625263,,sudeshna.mukherjee@yahoo.com,1996-08-25,GCZPR4218Q,PAN_Sudeshna_Mukherjee.pdf,Kolkata,Kolkata,West Bengal,700106,India,Business & MSME Loans,Vyapar Business Loan,800000,2026-05-17,Paromita Majumdar,Kolkata — Salt Lake,West Bengal Region,East Zone,Disbursed,,,,AFLRET26000118,2026-04-05 11:53:00,No,Paromita Majumdar,2026-04-05 11:53:00,Self-Employed Professional,Self-Employed,1.9,No
542,Manish,Kapoor,AFL-RET-000542,Website,Balance Transfer Bonanza FEB26,CMP-2026-0017,2026-02-23 20:51:00,,8570131007,,manish.kapoor2@yahoo.com,1985-05-17,DMDPK4548Y,PAN_Manish_Kapoor.pdf,Faridabad,Faridabad,Haryana,121001,India,Retail Personal Loans,Debt Consolidation Loan,2200000,2026-04-09,Sumit Sinha,Faridabad — Sector 15,Delhi NCR Region,North Zone,Disbursed,,,,AFLRET26000119,2026-03-12 09:33:00,No,Sumit Sinha,2026-03-12 09:33:00,Salaried — Private Sector,Salaried,4.1,Yes
543,Omkar,Shinde,AFL-RET-000543,Website,Diwali Dhamaka OCT25,CMP-2025-0001,2025-10-30 20:51:00,948849963,9490585620,,omkar.shinde81@hotmail.com,1986-05-06,CKFPW6377N,PAN_Omkar_Shinde.pdf,Mumbai,Mumbai,Maharashtra,400020,India,Retail Personal Loans,Diwali Special Loan,195000,2025-12-14,Omkar Patel,Mumbai — Fort,Maharashtra Region,West Zone,Not interested,NI-01,Rate of interest too high,,,2025-11-03 10:49:00,No,Omkar Patel,2025-11-03 10:49:00,Self-Employed Non-Professional,Self-Employed,0.7,No
544,Jyothi,Murthy,AFL-RET-000544,Website,Grah Sajawat NOV25,CMP-2025-0010,2025-11-27 15:18:00,,8743339867,,jyothi.murthy@rediffmail.com,1989-12-03,QAUPW2603N,PAN_Jyothi_Murthy.pdf,Hyderabad,Hyderabad,Telangana,500082,India,Vehicle & Consumer Loans,Used Car Loan,1200000,2026-01-26,Rajitha Reddy,Hyderabad — Banjara Hills,Telangana Region,South Zone,Disbursed,,,,AFLRET25000120,2025-12-23 10:05:00,No,Rajitha Reddy,2025-12-23 10:05:00,Business Owner,Self-Employed,0.3,No
545,Vishal,Kapoor,AFL-RET-000545,Website,Property Power MAY26,CMP-2026-0027,2026-05-04 18:18:00,,6337792093,,vishal.kapoor@hotmail.com,1980-02-12,TLPPT7475F,PAN_Vishal_Kapoor.pdf,New Delhi,West Delhi,Delhi,110026,India,Loan Against Property,MLAP (Shakti),3900000,2026-06-18,Nitin Mishra,Delhi — Rajouri Garden,Delhi NCR Region,North Zone,Not reachable,NR-01,Number switched off / unreachable,,,2026-05-07 18:36:00,No,Nitin Mishra,2026-05-07 18:36:00,Agriculturist,Self-Employed,0.2,No
546,Aruna,Prasad,AFL-RET-000546,Landing page,Swasthya Care JUL26,CMP-2026-0032,2026-07-05 18:12:00,,7144922076,,aruna.prasad@gmail.com,1985-09-05,AWBPJ7956E,PAN_Aruna_Prasad.pdf,Vijayawada,Krishna,Andhra Pradesh,520001,India,Retail Home Loans,Plot + Construction Loan,5000000,2026-08-04,Sirisha Chowdary,Vijayawada — MG Road,Kerala & AP Region,South Zone,Rejected,REJ-05,OGL — outside the geo location,,,2026-07-18 11:08:00,No,Sirisha Chowdary,2026-07-18 11:08:00,Self-Employed Non-Professional,Self-Employed,,No
547,Deepak,Jain,AFL-RET-000547,Website,Shiksha Education JUN26,CMP-2026-0028,2026-06-11 14:05:00,,6714788856,,deepak.jain@gmail.com,1974-02-18,ZHKPU8930N,PAN_Deepak_Jain.pdf,Bengaluru,Bengaluru Urban,Karnataka,560082,India,Retail Home Loans,Plot + Construction Loan,3400000,2026-08-10,Vinay Jain,Bengaluru — Jayanagar,Karnataka Region,South Zone,Sanctioned,,,,AFLRET26000121,2026-06-27 09:35:00,No,Vinay Jain,2026-06-27 09:35:00,Salaried — Private Sector,Salaried,0.2,No
548,Chandra,Sarma,AFL-RET-000548,Social media,Shubh Vivah DEC25,CMP-2025-0011,2025-12-07 15:31:00,,8811419218,,chandra.sarma14@gmail.com,1991-12-01,,,Hyderabad,Rangareddy,Telangana,500019,India,Business & MSME Loans,MSME Growth Loan,1300000,2026-02-05,Swapna Gupta,Hyderabad — Gachibowli,Telangana Region,South Zone,Rejected,REJ-07,Existing obligations too high (FOIR),,,2025-12-14 12:46:00,No,Swapna Gupta,2025-12-14 12:46:00,Agriculturist,Self-Employed,,No
549,Naresh,Pillai,AFL-RET-000549,Website,Ghar Ka Sapna SEP26,CMP-2026-0037,2026-09-01 13:12:00,,8985173948,7464013516,naresh.pillai@yahoo.com,2001-04-15,,,Visakhapatnam,Visakhapatnam,Andhra Pradesh,530020,India,Retail Home Loans,Home Purchase Loan,13000000,2026-10-31,Chandra Naidu,Vizag — Dwaraka Nagar,Kerala & AP Region,South Zone,Rejected,REJ-03,Policy restriction,,,2026-09-05 17:27:00,No,Chandra Naidu,2026-09-05 17:27:00,Salaried — Private Sector,Salaried,,No
550,Aniket,Chavan,AFL-RET-000550,Landing page,Balance Transfer Bonanza JAN26,CMP-2026-0014,2026-01-18 20:00:00,,9650443551,8442490751,aniket.chavan8@yahoo.com,1973-09-05,KPAPE1158L,PAN_Aniket_Chavan.pdf,Rajkot,Rajkot,Gujarat,360001,India,Loan Against Property,MLAP (Shakti),3300000,2026-03-19,Siddharth Trivedi,Rajkot — Kalawad Road,Gujarat Region,West Zone,Not interested,NI-02,Already availed loan elsewhere,,,2026-01-22 17:17:00,No,Siddharth Trivedi,2026-01-22 17:17:00,Self-Employed Non-Professional,Self-Employed,0.2,No
551,Kunal,Patel,AFL-RET-000551,Website,Property Power APR26,CMP-2026-0023,2026-04-15 10:37:00,,7825905654,,kunal.patel34@outlook.com,1986-08-02,,,Ahmedabad,Ahmedabad,Gujarat,380061,India,Retail Personal Loans,Medical Emergency Loan,55000,2026-06-14,Parth Joshi,Ahmedabad — Satellite,Gujarat Region,West Zone,Rejected,REJ-12,GST / ITR not available,,,2026-04-27 13:52:00,No,Parth Joshi,2026-04-27 13:52:00,Business Owner,Self-Employed,,No
552,Divya,Ravichandran,AFL-RET-000552,PQ Campaign,Shubh Vivah DEC25,CMP-2025-0011,2025-12-23 13:18:00,459575247,6419836890,8903748375,divya.ravichandran14@yahoo.com,1979-12-21,KMTPK9420R,PAN_Divya_Ravichandran.pdf,Coimbatore,Coimbatore,Tamil Nadu,641037,India,Business & MSME Loans,Machinery Purchase Loan,11000000,2026-02-06,Muthu Krishnan,Coimbatore — RS Puram,Tamil Nadu Region,South Zone,Rejected,REJ-04,Negative / restricted profile,,,2025-12-29 09:52:00,No,Muthu Krishnan,2025-12-29 09:52:00,Business Owner,Self-Employed,,No
553,Harsh,Arora,AFL-RET-000553,Landing page,Shubh Vivah DEC25,CMP-2025-0011,2025-12-22 16:31:00,,6456866780,,harsh.arora20@gmail.com,1981-11-02,,,Lucknow,Lucknow,Uttar Pradesh,226024,India,Retail Personal Loans,Marriage Loan,200000,2026-01-21,Tarun Tiwari,Lucknow — Hazratganj,North India Region,North Zone,Duplicate,DUP-01,"Same campaign, same mobile",,,2025-12-22 17:46:00,Yes,Tarun Tiwari,2025-12-22 17:46:00,Salaried — Government / PSU,Salaried,,No
554,Pranav,Chavan,AFL-RET-000554,Landing page,Professional Edge SEP26,CMP-2026-0039,2026-09-09 15:37:00,,9466594288,7156196102,,1997-07-14,,,Mumbai,Mumbai,Maharashtra,400005,India,Retail Personal Loans,Debt Consolidation Loan,800000,2026-10-09,Rutuja Pawar,Mumbai — Fort,Maharashtra Region,West Zone,Not reachable,NR-02,Invalid / wrong number,,,2026-09-10 18:30:00,No,Rutuja Pawar,2026-09-10 18:30:00,Salaried — MNC,Salaried,0.6,No
555,Rashmi,Shetty,AFL-RET-000555,Landing page,Professional Edge AUG26,CMP-2026-0036,2026-08-30 16:31:00,,8283710785,,rashmi.shetty@hotmail.com,1994-04-06,YZMPB1204R,PAN_Rashmi_Shetty.pdf,Bengaluru,Bengaluru Urban,Karnataka,560095,India,Professional Loans,CA / Professional Loan,500000,2026-10-14,Manoj Nair,Bengaluru — Koramangala,Karnataka Region,South Zone,Follow-up,,,2026-09-15,,2026-08-31 10:49:00,No,Manoj Nair,2026-08-31 10:49:00,Self-Employed Professional,Self-Employed,0.2,No
556,Bhakti,Sawant,AFL-RET-000556,Website,Safar Travel MAR26,CMP-2026-0022,2026-03-15 12:05:00,,7154843109,,bhakti.sawant29@outlook.com,1986-05-11,BRFPM5469H,PAN_Bhakti_Sawant.pdf,Mumbai,Mumbai Suburban,Maharashtra,400053,India,Retail Personal Loans,Travel Loan,425000,2026-04-29,Shreya Desai,Mumbai — Bandra,Maharashtra Region,West Zone,Disbursed,,,,AFLRET26000122,2026-04-06 09:05:00,No,Shreya Desai,2026-04-06 09:05:00,Salaried — MNC,Salaried,4,Yes
557,Nandhini,Vaidyanathan,AFL-RET-000557,PQ Campaign,Shubh Vivah DEC25,CMP-2025-0011,2025-12-14 19:23:00,266517365,7187007035,,nandhini.vaidyanathan@hotmail.com,1971-04-13,HNFPQ2877A,PAN_Nandhini_Vaidyanathan.pdf,Chennai,Chennai,Tamil Nadu,600018,India,Business & MSME Loans,Machinery Purchase Loan,4100000,2026-01-13,Saravanan Rajan,Chennai — T Nagar,Tamil Nadu Region,South Zone,Not reachable,NR-01,Number switched off / unreachable,,,2025-12-17 14:14:00,No,Saravanan Rajan,2025-12-17 14:14:00,Business Owner,Self-Employed,0.3,No
558,Praveen,Rai,AFL-RET-000558,PQ Campaign,Balance Transfer Bonanza JUN26,CMP-2026-0030,2026-06-25 13:51:00,960278842,9801992231,,praveen.rai@hotmail.com,1998-04-06,DGKPL9277D,PAN_Praveen_Rai.pdf,Bengaluru,Bengaluru Urban,Karnataka,560071,India,Retail Home Loans,Plot + Construction Loan,6000000,2026-08-09,Vinay Nair,Bengaluru — Koramangala,Karnataka Region,South Zone,Not reachable,NR-02,Invalid / wrong number,,,2026-06-27 11:44:00,No,Vinay Nair,2026-06-27 11:44:00,Salaried — Private Sector,Salaried,0.2,No
559,Saravanan,Murugan,AFL-RET-000559,Social media,Ghar Ka Sapna NOV25,CMP-2025-0008,2025-11-11 16:58:00,,7549811174,7651374051,saravanan.murugan28@hotmail.com,1995-08-05,RVZPX8586G,PAN_Saravanan_Murugan.pdf,Chennai,Chennai,Tamil Nadu,600028,India,Retail Home Loans,Disha Home Loan,9000000,2026-01-10,Suresh Raman,Chennai — Adyar,Tamil Nadu Region,South Zone,Disbursed,,,,AFLRET25000123,2025-11-27 10:46:00,No,Suresh Raman,2025-11-27 10:46:00,Salaried — MNC,Salaried,1.8,No
560,Tanvi,Amin,AFL-RET-000560,Social media,Professional Edge MAR26,CMP-2026-0021,2026-03-15 13:58:00,,9380087419,,tanvi.amin3@rediffmail.com,1981-02-05,SKHPQ8405A,PAN_Tanvi_Amin.pdf,Ahmedabad,Ahmedabad,Gujarat,380001,India,Professional Loans,CA / Professional Loan,675000,2026-04-29,Payal Vora,Ahmedabad — CG Road,Gujarat Region,West Zone,Not interested,NI-04,Requirement postponed,,,2026-03-18 09:11:00,No,Payal Vora,2026-03-18 09:11:00,Self-Employed Non-Professional,Self-Employed,0.7,No
561,Suresh,Sundaram,AFL-RET-000561,Website,Grah Sajawat OCT25,CMP-2025-0005,2025-10-01 14:23:00,,8988770213,,suresh.sundaram@gmail.com,1986-08-21,,,Madurai,Madurai,Tamil Nadu,625020,India,Professional Loans,CA / Professional Loan,2100000,2025-11-30,Kavya Krishnan,Madurai — Anna Nagar,Tamil Nadu Region,South Zone,Not interested,NI-06,Family / spouse declined,,,2025-10-06 13:41:00,No,Kavya Krishnan,2025-10-06 13:41:00,Business Owner,Self-Employed,0.2,No
562,Nagaraj,Kulkarni,AFL-RET-000562,Website,Balance Transfer Bonanza JUN26,CMP-2026-0030,2026-06-21 20:31:00,794535332,6701306115,,nagaraj.kulkarni@yahoo.com,1982-04-26,RLGPF7857V,PAN_Nagaraj_Kulkarni.pdf,Bengaluru,Bengaluru Urban,Karnataka,560047,India,Retail Home Loans,Home Loan Balance Transfer,9500000,2026-07-21,Vinay Nair,Bengaluru — Koramangala,Karnataka Region,South Zone,Disbursed,,,,AFLRET26000124,2026-07-08 10:22:00,No,Vinay Nair,2026-07-08 10:22:00,Self-Employed Non-Professional,Self-Employed,2,No
563,Shashank,Kulkarni,AFL-RET-000563,Website,Swasthya Care AUG26,CMP-2026-0035,2026-08-01 18:05:00,215170757,8788906235,,shashank.kulkarni26@yahoo.com,1971-03-27,,,Bengaluru,Bengaluru Urban,Karnataka,560103,India,Retail Home Loans,Disha Home Loan,2600000,2026-08-31,Deepa Iyengar,Bengaluru — Whitefield,Karnataka Region,South Zone,Not interested,NI-06,Family / spouse declined,,,2026-08-03 09:31:00,No,Deepa Iyengar,2026-08-03 09:31:00,Salaried — Private Sector,Salaried,0.2,No
564,Nisha,Wagh,AFL-RET-000564,Social media,Shiksha Education JUN26,CMP-2026-0028,2026-06-08 11:12:00,,6986936385,,,1984-05-13,,,Mumbai,Mumbai Suburban,Maharashtra,400097,India,Retail Personal Loans,Education Loan,650000,2026-07-23,Bhavesh Modi,Mumbai — Powai,Maharashtra Region,West Zone,Rejected,REJ-08,Employer / company not approved,,,2026-06-12 10:59:00,No,Bhavesh Modi,2026-06-12 10:59:00,Salaried — Government / PSU,Salaried,,No
565,Manu,Varma,AFL-RET-000565,PQ Campaign,Professional Edge SEP26,CMP-2026-0039,2026-09-06 17:51:00,384594851,6515974152,,manu.varma80@gmail.com,1978-08-20,,,Kochi,Ernakulam,Kerala,682036,India,Professional Loans,CA / Professional Loan,4800000,2026-10-21,Anjana Menon,Kochi — Kaloor,Kerala & AP Region,South Zone,Not reachable,NR-02,Invalid / wrong number,,,2026-09-10 09:24:00,No,Anjana Menon,2026-09-10 09:24:00,Self-Employed Professional,Self-Employed,3.1,Yes
566,Muthu,Krishnan,AFL-RET-000566,Website,Shiksha Education JUL26,CMP-2026-0031,2026-07-07 19:44:00,524126122,9258885962,,muthu.krishnan@gmail.com,1981-03-02,PZPPL6242G,PAN_Muthu_Krishnan.pdf,Madurai,Madurai,Tamil Nadu,625014,India,Retail Personal Loans,Education Loan,375000,2026-08-21,Kavya Krishnan,Madurai — Anna Nagar,Tamil Nadu Region,South Zone,Not interested,NI-02,Already availed loan elsewhere,,,2026-07-11 16:15:00,No,Kavya Krishnan,2026-07-11 16:15:00,Business Owner,Self-Employed,0.2,No
567,Lavanya,Kumar,AFL-RET-000567,Social media,Ghar Ka Sapna MAR26,CMP-2026-0019,2026-03-30 20:23:00,602000117,8960102768,,lavanya.kumar71@gmail.com,1990-10-03,WXBPB9004C,PAN_Lavanya_Kumar.pdf,Hyderabad,Hyderabad,Telangana,500096,India,Retail Home Loans,Disha Home Loan,7500000,2026-04-29,Sirisha Prasad,Hyderabad — Banjara Hills,Telangana Region,South Zone,Not reachable,NR-01,Number switched off / unreachable,,,2026-04-02 14:13:00,No,Sirisha Prasad,2026-04-02 14:13:00,Salaried — MNC,Salaried,0.2,No
568,Srabani,Chakraborty,AFL-RET-000568,Landing page,Shubh Vivah JAN26,CMP-2026-0012,2026-01-16 09:31:00,,9111238554,,srabani.chakraborty2@gmail.com,1982-04-10,,,Howrah,Howrah,West Bengal,711106,India,Retail Personal Loans,Medical Emergency Loan,65000,2026-03-17,Ananya Das,Howrah — Shibpur,West Bengal Region,East Zone,Not interested,NI-01,Rate of interest too high,,,2026-01-20 11:50:00,No,Ananya Das,2026-01-20 11:50:00,Salaried — Private Sector,Salaried,16.4,Yes
569,Prosenjit,Majumdar,AFL-RET-000569,Website,Balance Transfer Bonanza FEB26,CMP-2026-0017,2026-02-16 14:23:00,800660066,7708529915,,prosenjit.majumdar@outlook.com,2001-02-22,,,Kolkata,Kolkata,West Bengal,700091,India,Retail Home Loans,Home Loan Balance Transfer,19000000,2026-04-02,Paromita Majumdar,Kolkata — Salt Lake,West Bengal Region,East Zone,Not interested,NI-05,Processing fee not acceptable,,,2026-02-20 10:09:00,No,Paromita Majumdar,2026-02-20 10:09:00,Salaried — MNC,Salaried,0.2,No
570,Deepak,Chopra,AFL-RET-000570,Landing page,Swasthya Care AUG26,CMP-2026-0035,2026-08-31 17:23:00,,6792809521,,,2003-05-01,VGHPG4196R,PAN_Deepak_Chopra.pdf,Jodhpur,Jodhpur,Rajasthan,342011,India,Business & MSME Loans,MSME Growth Loan,2400000,2026-10-30,Rohit Sharma,Jodhpur — Sardarpura,North India Region,North Zone,Not interested,NI-04,Requirement postponed,,,2026-09-01 10:24:00,No,Rohit Sharma,2026-09-01 10:24:00,Homemaker,Self-Employed,0.2,No
571,Nilima,Patnaik,AFL-RET-000571,Website,Shubh Vivah JAN26,CMP-2026-0012,2026-01-08 18:12:00,,7971365428,,nilima.patnaik55@outlook.com,1985-02-19,XCHPC6680B,PAN_Nilima_Patnaik.pdf,Bhubaneswar,Khordha,Odisha,751010,India,Retail Personal Loans,Marriage Loan,975000,2026-02-07,Rakesh Deka,Bhubaneswar — Saheed Nagar,East India Region,East Zone,Not interested,NI-02,Already availed loan elsewhere,,,2026-01-12 09:17:00,No,Rakesh Deka,2026-01-12 09:17:00,Business Owner,Self-Employed,0.2,No
572,Aniket,Doshi,AFL-RET-000572,Website,Safar Travel OCT25,CMP-2025-0004,2025-10-14 18:05:00,,7555287922,7652761108,aniket.doshi@outlook.com,1978-10-27,,,Ahmedabad,Ahmedabad,Gujarat,380059,India,Retail Personal Loans,Travel Loan,75000,2025-11-28,Hardik Bhatt,Ahmedabad — Satellite,Gujarat Region,West Zone,Not interested,NI-01,Rate of interest too high,,,2025-10-16 10:05:00,No,Hardik Bhatt,2025-10-16 10:05:00,Salaried — MNC,Salaried,1.2,No
573,Kalyani,Joshi,AFL-RET-000573,Social media,Balance Transfer Bonanza FEB26,CMP-2026-0017,2026-02-19 10:12:00,,8929275925,,kalyani.joshi@gmail.com,1981-06-19,SGBPM9647M,PAN_Kalyani_Joshi.pdf,Ahmedabad,Ahmedabad,Gujarat,380059,India,Retail Home Loans,Home Loan Balance Transfer,5500000,2026-04-05,Parth Joshi,Ahmedabad — Satellite,Gujarat Region,West Zone,Not interested,NI-02,Already availed loan elsewhere,,,2026-02-24 10:47:00,No,Parth Joshi,2026-02-24 10:47:00,Salaried — Private Sector,Salaried,0.3,No
574,Vaishnavi,Modi,AFL-RET-000574,Social media,Shiksha Education AUG26,CMP-2026-0034,2026-08-06 13:51:00,,9552272908,,vaishnavi.modi22@rediffmail.com,1985-11-09,,,Vadodara,Vadodara,Gujarat,390001,India,Retail Personal Loans,Education Loan,200000,2026-09-05,Chirag Vora,Vadodara — Alkapuri,Gujarat Region,West Zone,Rejected,REJ-13,Others,,,2026-08-11 11:28:00,No,Chirag Vora,2026-08-11 11:28:00,Salaried — Private Sector,Salaried,,No
575,Nidhi,Ahluwalia,AFL-RET-000575,Website,Ghar Ka Sapna MAR26,CMP-2026-0019,2026-03-23 09:44:00,,7276273534,,nidhi.ahluwalia@outlook.com,1992-05-24,MBFPN7728V,PAN_Nidhi_Ahluwalia.pdf,Jaipur,Jaipur,Rajasthan,302020,India,Retail Personal Loans,Kushal Personal Loan,650000,2026-04-22,Rajat Sethi,Jaipur — C Scheme,North India Region,North Zone,Disbursed,,,,AFLRET26000125,2026-04-23 15:09:00,No,Rajat Sethi,2026-04-23 15:09:00,Salaried — Government / PSU,Salaried,6.7,Yes
576,Shashank,Iyengar,AFL-RET-000576,Website,Property Power APR26,CMP-2026-0023,2026-04-05 09:05:00,579355131,6859535333,,shashank.iyengar@gmail.com,1977-04-10,FFFPZ5318A,PAN_Shashank_Iyengar.pdf,Bengaluru,Bengaluru Urban,Karnataka,560067,India,Retail Personal Loans,Debt Consolidation Loan,550000,2026-06-04,Kiran Udupa,Bengaluru — Whitefield,Karnataka Region,South Zone,Disbursed,,,,AFLRET26000126,2026-05-05 13:20:00,No,Kiran Udupa,2026-05-05 13:20:00,Salaried — MNC,Salaried,0.2,No
577,Bhavana,Jain,AFL-RET-000577,Landing page,Shiksha Education MAY26,CMP-2026-0026,2026-05-06 18:58:00,,9494924252,,bhavana.jain@outlook.com,2001-08-12,HMFPQ3493V,PAN_Bhavana_Jain.pdf,Bengaluru,Bengaluru Urban,Karnataka,560103,India,Business & MSME Loans,Machinery Purchase Loan,3000000,2026-06-20,Deepa Iyengar,Bengaluru — Whitefield,Karnataka Region,South Zone,Disbursed,,,,AFLRET26000127,2026-06-12 17:25:00,No,Deepa Iyengar,2026-06-12 17:25:00,Self-Employed Non-Professional,Self-Employed,0.4,No
578,Shashank,Pai,AFL-RET-000578,Landing page,Shiksha Education JUN26,CMP-2026-0028,2026-06-30 16:23:00,,7123580215,,shashank.pai@rediffmail.com,1995-07-26,,,Bengaluru,Bengaluru Urban,Karnataka,560070,India,Vehicle & Consumer Loans,Consumer Durable Loan,70000,2026-08-14,Nandini Rao,Bengaluru — Jayanagar,Karnataka Region,South Zone,Not interested,NI-01,Rate of interest too high,,,2026-07-03 09:51:00,No,Nandini Rao,2026-07-03 09:51:00,Salaried — Private Sector,Salaried,0.2,No
579,Payal,Kulkarni,AFL-RET-000579,Landing page,Ghar Ka Sapna NOV25,CMP-2025-0008,2025-11-26 14:31:00,,6675846871,,,1995-09-05,,,Rajkot,Rajkot,Gujarat,360005,India,Retail Home Loans,Home Loan Balance Transfer,9000000,2026-01-10,Siddharth Trivedi,Rajkot — Kalawad Road,Gujarat Region,West Zone,Rejected,REJ-12,GST / ITR not available,,,2025-11-29 09:46:00,No,Siddharth Trivedi,2025-11-29 09:46:00,Salaried — MNC,Salaried,,No
580,Deepika,Chandrasekar,AFL-RET-000580,Website,Gold Utsav APR26,CMP-2026-0024,2026-04-24 12:12:00,526594553,9560830545,6722305023,deepika.chandrasekar44@gmail.com,1996-05-25,,,Chennai,Chennai,Tamil Nadu,600017,India,Gold & Secured Loans,Gold Loan,625000,2026-06-23,Hariharan Krishnan,Chennai — T Nagar,Tamil Nadu Region,South Zone,Not reachable,NR-02,Invalid / wrong number,,,2026-04-28 09:43:00,No,Hariharan Krishnan,2026-04-28 09:43:00,Business Owner,Self-Employed,7.7,Yes
581,Praveen,Rai,AFL-RET-000581,Social media,Shubh Vivah JAN26,CMP-2026-0012,2026-01-23 19:00:00,,9869919104,,praveen.rai80@gmail.com,1989-09-09,RAKPR2074S,PAN_Praveen_Rai.pdf,Bengaluru,Bengaluru Urban,Karnataka,560041,India,Business & MSME Loans,Machinery Purchase Loan,4800000,2026-03-24,Vinay Jain,Bengaluru — Jayanagar,Karnataka Region,South Zone,Disbursed,,,,AFLRET26000128,2026-02-11 13:31:00,No,Vinay Jain,2026-02-11 13:31:00,Business Owner,Self-Employed,0.2,No
582,Prashanth,Acharya,AFL-RET-000582,Social media,Ghar Ka Sapna SEP26,CMP-2026-0037,2026-09-02 13:12:00,,8903120044,,prashanth.acharya@rediffmail.com,1983-04-05,LYAPX8767X,PAN_Prashanth_Acharya.pdf,Bengaluru,Bengaluru Urban,Karnataka,560066,India,Retail Home Loans,Home Loan Balance Transfer,8500000,2026-10-02,Kiran Udupa,Bengaluru — Whitefield,Karnataka Region,South Zone,Follow-up,,,2026-09-13,,2026-09-03 11:15:00,No,Kiran Udupa,2026-09-03 11:15:00,Business Owner,Self-Employed,1.1,No
583,Mrunal,Deshmukh,AFL-RET-000583,Website,Shiksha Education JUL26,CMP-2026-0031,2026-07-28 20:23:00,,6951490830,8913134923,mrunal.deshmukh34@rediffmail.com,1972-07-13,,,Mumbai,Mumbai,Maharashtra,400023,India,Retail Personal Loans,Education Loan,115000,2026-09-26,Omkar Patel,Mumbai — Fort,Maharashtra Region,West Zone,Follow-up,,,2026-09-17,,2026-07-30 10:39:00,No,Omkar Patel,2026-07-30 10:39:00,Salaried — Private Sector,Salaried,0.2,No
584,Padmaja,Babu,AFL-RET-000584,Landing page,Gold Utsav OCT25,CMP-2025-0003,2025-10-28 18:44:00,,7782106984,9708190379,padmaja.babu7@gmail.com,1973-10-10,,,Hyderabad,Rangareddy,Telangana,500049,India,Vehicle & Consumer Loans,Used Car Loan,1000000,2025-12-12,Swapna Gupta,Hyderabad — Gachibowli,Telangana Region,South Zone,Rejected,REJ-03,Policy restriction,,,2025-11-10 09:14:00,No,Swapna Gupta,2025-11-10 09:14:00,Business Owner,Self-Employed,,No
585,Rahul,Mathew,AFL-RET-000585,Social media,Professional Edge AUG26,CMP-2026-0036,2026-08-03 20:51:00,,9165046989,,rahul.mathew@hotmail.com,1981-10-05,,,Thiruvananthapuram,Thiruvananthapuram,Kerala,695024,India,Retail Home Loans,Home Purchase Loan,2200000,2026-09-02,Vivek Kurup,Trivandrum — Vazhuthacaud,Kerala & AP Region,South Zone,Not interested,NI-04,Requirement postponed,,,2026-08-07 17:55:00,No,Vivek Kurup,2026-08-07 17:55:00,Salaried — Government / PSU,Salaried,0.4,No
586,Vaishnavi,Rane,AFL-RET-000586,Website,Vyapar Vriddhi FEB26,CMP-2026-0016,2026-02-28 13:00:00,,7225969457,,vaishnavi.rane@outlook.com,1975-09-24,RWEPS2706B,PAN_Vaishnavi_Rane.pdf,Ahmedabad,Ahmedabad,Gujarat,380052,India,Business & MSME Loans,Vyapar Business Loan,4000000,2026-04-29,Hardik Bhatt,Ahmedabad — Satellite,Gujarat Region,West Zone,Disbursed,,,,AFLRET26000129,2026-03-30 17:23:00,No,Hardik Bhatt,2026-03-30 17:23:00,Self-Employed Non-Professional,Self-Employed,0.8,No
587,Amit,Saxena,AFL-RET-000587,Website,Vyapar Vriddhi FEB26,CMP-2026-0016,2026-02-28 10:12:00,,8762689354,,amit.saxena@outlook.com,1958-10-14,EBDPQ8362L,PAN_Amit_Saxena.pdf,Ludhiana,Ludhiana,Punjab,141001,India,Retail Personal Loans,Kushal Personal Loan,1400000,2026-03-30,Swati Saxena,Ludhiana — Mall Road,North India Region,North Zone,Not interested,NI-02,Already availed loan elsewhere,,,2026-03-01 10:58:00,No,Swati Saxena,2026-03-01 10:58:00,Retired / Pensioner,Salaried,2.2,Yes
588,Bhaskar,Gupta,AFL-RET-000588,Social media,Gold Utsav APR26,CMP-2026-0024,2026-04-06 11:12:00,,7862378555,,bhaskar.gupta@gmail.com,1986-03-07,JWNPZ1163F,PAN_Bhaskar_Gupta.pdf,Hyderabad,Rangareddy,Telangana,500019,India,Retail Personal Loans,Education Loan,1100000,2026-05-21,Swapna Gupta,Hyderabad — Gachibowli,Telangana Region,South Zone,Disbursed,,,,AFLRET26000130,2026-05-05 10:04:00,No,Swapna Gupta,2026-05-05 10:04:00,Business Owner,Self-Employed,0.2,No
589,Suhas,Bhat,AFL-RET-000589,Landing page,Ghar Ka Sapna NOV25,CMP-2025-0008,2025-11-27 10:18:00,,9476925723,,suhas.bhat@gmail.com,1972-06-07,,,Bengaluru,Bengaluru Urban,Karnataka,560037,India,Retail Home Loans,Disha Home Loan,3200000,2025-12-27,Deepa Iyengar,Bengaluru — Whitefield,Karnataka Region,South Zone,Follow-up,,,2026-09-20,,2025-11-30 11:41:00,No,Deepa Iyengar,2025-11-30 11:41:00,Salaried — Government / PSU,Salaried,0.3,No
590,Deepa,Naik,AFL-RET-000590,Website,Property Power MAY26,CMP-2026-0027,2026-05-01 15:12:00,,9253657571,,deepa.naik@yahoo.com,1972-08-23,,,Bengaluru,Bengaluru Urban,Karnataka,560070,India,Gold & Secured Loans,Gold Loan,775000,2026-06-30,Nandini Rao,Bengaluru — Jayanagar,Karnataka Region,South Zone,Not interested,NI-04,Requirement postponed,,,2026-05-05 10:08:00,No,Nandini Rao,2026-05-05 10:08:00,Salaried — MNC,Salaried,0.7,No
591,Sangeeta,Prasad,AFL-RET-000591,Landing page,Swasthya Care JUL26,CMP-2026-0032,2026-07-27 15:58:00,541471731,9831354935,8931507546,sangeeta.prasad7@outlook.com,1983-06-10,,,Guwahati,Kamrup Metro,Assam,781005,India,Professional Loans,CA / Professional Loan,1700000,2026-09-25,Sunita Saikia,Guwahati — GS Road,East India Region,East Zone,Not interested,NI-02,Already availed loan elsewhere,,,2026-07-28 11:56:00,No,Sunita Saikia,2026-07-28 11:56:00,Self-Employed Professional,Self-Employed,0.2,No
592,Vaishnavi,Kulkarni,AFL-RET-000592,Website,Swasthya Care AUG26,CMP-2026-0035,2026-08-11 10:18:00,554859421,8901479230,,vaishnavi.kulkarni64@hotmail.com,2000-06-07,,,Pune,Pune,Maharashtra,411016,India,Retail Personal Loans,Medical Emergency Loan,120000,2026-10-10,Nikhil Deshmukh,Pune — Shivajinagar,Maharashtra Region,West Zone,Not interested,NI-03,Only enquiring — no current need,,,2026-08-13 16:36:00,No,Nikhil Deshmukh,2026-08-13 16:36:00,Salaried — MNC,Salaried,1.3,No
593,Saravanan,Raman,AFL-RET-000593,Landing page,Ghar Ka Sapna OCT25,CMP-2025-0002,2025-10-06 16:23:00,,6917476381,9740108655,saravanan.raman@rediffmail.com,2003-11-23,,,Chennai,Chennai,Tamil Nadu,600090,India,Retail Home Loans,Home Purchase Loan,9000000,2025-12-05,Suresh Raman,Chennai — Adyar,Tamil Nadu Region,South Zone,Rejected,REJ-12,GST / ITR not available,,,2025-10-19 09:47:00,No,Suresh Raman,2025-10-19 09:47:00,Salaried — MNC,Salaried,,No
594,Ketan,Shinde,AFL-RET-000594,PQ Campaign,Ghar Ka Sapna SEP26,CMP-2026-0037,2026-09-09 10:31:00,517564689,9601803517,,ketan.shinde62@gmail.com,1990-07-27,,,Pune,Pune,Maharashtra,411027,India,Retail Home Loans,Home Purchase Loan,2700000,2026-10-24,Sneha Parikh,Pune — Wakad,Maharashtra Region,West Zone,New,,,,,2026-09-09 10:46:00,No,Sneha Parikh,2026-09-09 10:46:00,Salaried — Private Sector,Salaried,,No
595,Ravi,Raju,AFL-RET-000595,Social media,Safar Travel MAR26,CMP-2026-0022,2026-03-08 09:44:00,,6413618045,,ravi.raju@gmail.com,1980-03-08,FGLPV7759Z,PAN_Ravi_Raju.pdf,Hyderabad,Hyderabad,Telangana,500082,India,Retail Personal Loans,Travel Loan,325000,2026-05-07,Sirisha Prasad,Hyderabad — Banjara Hills,Telangana Region,South Zone,Disbursed,,,,AFLRET26000131,2026-04-03 14:26:00,No,Sirisha Prasad,2026-04-03 14:26:00,Salaried — Private Sector,Salaried,0.5,No
596,Manoj,Gogoi,AFL-RET-000596,Website,Swasthya Care AUG26,CMP-2026-0035,2026-08-11 10:12:00,520171634,6989339666,9631838975,manoj.gogoi@gmail.com,1991-11-01,PTYPJ3597J,PAN_Manoj_Gogoi.pdf,Cuttack,Cuttack,Odisha,753002,India,Business & MSME Loans,MSME Growth Loan,7500000,2026-10-10,Prakash Saikia,Cuttack — Buxi Bazaar,East India Region,East Zone,Disbursed,,,,AFLRET26000132,2026-09-03 13:41:00,No,Prakash Saikia,2026-09-03 13:41:00,Business Owner,Self-Employed,6.1,Yes
597,Swati,Chauhan,AFL-RET-000597,Website,Balance Transfer Bonanza JUN26,CMP-2026-0030,2026-06-15 15:44:00,,9619842295,,swati.chauhan@hotmail.com,1987-04-01,CXYPW5338R,PAN_Swati_Chauhan.pdf,New Delhi,South Delhi,Delhi,110017,India,Retail Home Loans,Home Loan Balance Transfer,11000000,2026-08-14,Aarav Kapoor,Delhi — Saket,Delhi NCR Region,North Zone,Follow-up,,,2026-09-19,,2026-06-18 09:33:00,No,Aarav Kapoor,2026-06-18 09:33:00,Homemaker,Self-Employed,0.2,No
598,Swati,Jain,AFL-RET-000598,PQ Campaign,Diwali Dhamaka NOV25,CMP-2025-0006,2025-11-18 09:05:00,647077725,9910634394,,swati.jain@rediffmail.com,1997-08-20,RWZPV7197D,PAN_Swati_Jain.pdf,Gurugram,Gurugram,Haryana,122001,India,Retail Personal Loans,Diwali Special Loan,55000,2026-01-17,Aarav Khanna,Gurugram — Cyber City,Delhi NCR Region,North Zone,Rejected,REJ-12,GST / ITR not available,,,2025-11-22 13:20:00,No,Aarav Khanna,2025-11-22 13:20:00,Salaried — Private Sector,Salaried,,No
599,Sneha,Singh,AFL-RET-000599,Website,Gold Utsav NOV25,CMP-2025-0009,2025-11-19 16:12:00,,7409513642,,sneha.singh@gmail.com,1993-10-15,,,Ludhiana,Ludhiana,Punjab,141003,India,Retail Personal Loans,Debt Consolidation Loan,2300000,2026-01-18,Swati Saxena,Ludhiana — Mall Road,North India Region,North Zone,Not reachable,NR-02,Invalid / wrong number,,,2025-11-20 16:30:00,No,Swati Saxena,2025-11-20 16:30:00,Salaried — Government / PSU,Salaried,0.2,No
600,Gokul,Krishnan,AFL-RET-000600,Landing page,Professional Edge AUG26,CMP-2026-0036,2026-08-02 13:31:00,,8577543516,6631702167,gokul.krishnan@gmail.com,1973-01-16,EATPP4117Z,PAN_Gokul_Krishnan.pdf,Madurai,Madurai,Tamil Nadu,625020,India,Professional Loans,CA / Professional Loan,650000,2026-10-01,Kavya Krishnan,Madurai — Anna Nagar,Tamil Nadu Region,South Zone,Follow-up,,,2026-09-18,,2026-08-05 09:49:00,No,Kavya Krishnan,2026-08-05 09:49:00,Business Owner,Self-Employed,0.3,No
601,Puja,Mohanty,AFL-RET-000601,Website,Ghar Ka Sapna NOV25,CMP-2025-0008,2025-11-23 18:31:00,457797345,8769420552,,puja.mohanty89@yahoo.com,1971-05-10,,,Guwahati,Kamrup Metro,Assam,781001,India,Retail Home Loans,Home Purchase Loan,7000000,2026-01-22,Sunita Saikia,Guwahati — GS Road,East India Region,East Zone,Rejected,REJ-01,Credit / bureau issue (CIBIL below cut-off),,,2025-12-06 11:27:00,No,Sunita Saikia,2025-12-06 11:27:00,Salaried — Private Sector,Salaried,,No
602,Sailaja,Sastry,AFL-RET-000602,Website,Shubh Vivah DEC25,CMP-2025-0011,2025-12-14 17:23:00,955623107,6274851933,8679314988,sailaja.sastry@gmail.com,2002-06-13,,,Hyderabad,Rangareddy,Telangana,500084,India,Retail Personal Loans,Debt Consolidation Loan,1200000,2026-01-13,Swapna Gupta,Hyderabad — Gachibowli,Telangana Region,South Zone,Rejected,REJ-01,Credit / bureau issue (CIBIL below cut-off),,,2025-12-19 10:38:00,No,Swapna Gupta,2025-12-19 10:38:00,Salaried — Government / PSU,Salaried,,No
603,Tejas,Shinde,AFL-RET-000603,Landing page,Balance Transfer Bonanza JUL26,CMP-2026-0033,2026-07-13 19:23:00,370749801,7716165185,6639326831,tejas.shinde83@hotmail.com,1996-01-24,HHSPT2562V,PAN_Tejas_Shinde.pdf,Mumbai,Mumbai Suburban,Maharashtra,400050,India,Retail Home Loans,Disha Home Loan,3600000,2026-08-27,Jayesh Chavan,Mumbai — Bandra,Maharashtra Region,West Zone,Rejected,REJ-05,OGL — outside the geo location,,,2026-07-22 11:08:00,No,Jayesh Chavan,2026-07-22 11:08:00,Salaried — MNC,Salaried,,No
604,Nikhil,Gaikwad,AFL-RET-000604,Social media,Shiksha Education MAY26,CMP-2026-0026,2026-05-24 17:44:00,,7750052499,,,1982-07-12,MBDPF9818J,PAN_Nikhil_Gaikwad.pdf,Pune,Pune,Maharashtra,411027,India,Loan Against Property,Lease Rental Discounting,5500000,2026-06-23,Sneha Parikh,Pune — Wakad,Maharashtra Region,West Zone,Disbursed,,,,AFLRET26000133,2026-06-15 11:57:00,No,Sneha Parikh,2026-06-15 11:57:00,Business Owner,Self-Employed,0.2,No
605,Omkar,Gaikwad,AFL-RET-000605,Landing page,Vyapar Vriddhi JAN26,CMP-2026-0013,2026-01-20 09:31:00,,6653042569,,omkar.gaikwad@gmail.com,1986-07-01,,,Ahmedabad,Ahmedabad,Gujarat,380009,India,Gold & Secured Loans,Loan Against Securities,2800000,2026-03-21,Swapnil Vora,Ahmedabad — CG Road,Gujarat Region,West Zone,Not interested,NI-01,Rate of interest too high,,,2026-01-21 12:01:00,No,Swapnil Vora,2026-01-21 12:01:00,Salaried — Private Sector,Salaried,0.5,No
606,Debolina,Roy,AFL-RET-000606,Social media,Safar Travel MAR26,CMP-2026-0022,2026-03-07 14:31:00,,8403236565,8502022479,debolina.roy83@gmail.com,1978-02-01,MKPPY7353A,PAN_Debolina_Roy.pdf,Kolkata,Kolkata,West Bengal,700019,India,Retail Home Loans,Home Loan Balance Transfer,3700000,2026-05-06,Rajib Chatterjee,Kolkata — Park Street,West Bengal Region,East Zone,Login Initiated,,,,,2026-03-11 15:49:00,No,Rajib Chatterjee,2026-03-11 15:49:00,Salaried — Government / PSU,Salaried,0.2,No
607,Rekha,Pradhan,AFL-RET-000607,PQ Campaign,Grah Sajawat NOV25,CMP-2025-0010,2025-11-06 14:12:00,633660005,7551957657,,rekha.pradhan71@outlook.com,1976-02-23,HHEPX8685E,PAN_Rekha_Pradhan.pdf,Patna,Patna,Bihar,800001,India,Business & MSME Loans,MSME Growth Loan,7000000,2025-12-21,Sanjay Singh,Patna — Boring Road,East India Region,East Zone,Not interested,NI-07,Tenure offered not suitable,,,2025-11-09 10:45:00,No,Sanjay Singh,2025-11-09 10:45:00,Self-Employed Professional,Self-Employed,3.3,Yes
608,Rajib,Majumdar,AFL-RET-000608,PQ Campaign,Property Power JUN26,CMP-2026-0029,2026-06-24 11:18:00,727885126,9157785811,,rajib.majumdar@gmail.com,2003-01-14,AKUPQ1441V,PAN_Rajib_Majumdar.pdf,Kolkata,Kolkata,West Bengal,700020,India,Business & MSME Loans,Machinery Purchase Loan,1200000,2026-08-23,Rajib Chatterjee,Kolkata — Park Street,West Bengal Region,East Zone,Login Initiated,,,,,2026-06-27 17:54:00,No,Rajib Chatterjee,2026-06-27 17:54:00,Agriculturist,Self-Employed,0.6,No
609,Rutuja,Shah,AFL-RET-000609,Social media,Property Power APR26,CMP-2026-0023,2026-04-15 10:31:00,746111784,7755552161,,rutuja.shah@rediffmail.com,1971-12-01,,,Mumbai,Mumbai Suburban,Maharashtra,400087,India,Loan Against Property,Lease Rental Discounting,19000000,2026-05-30,Aniket Modi,Mumbai — Powai,Maharashtra Region,West Zone,Not interested,NI-02,Already availed loan elsewhere,,,2026-04-16 14:13:00,No,Aniket Modi,2026-04-16 14:13:00,Self-Employed Professional,Self-Employed,4.7,Yes
610,Tanvi,Wagh,AFL-RET-000610,Website,Property Power MAY26,CMP-2026-0027,2026-05-12 20:31:00,,6440438672,,tanvi.wagh19@gmail.com,1990-04-21,,,Mumbai,Mumbai Suburban,Maharashtra,400076,India,Retail Personal Loans,Kushal Personal Loan,185000,2026-06-11,Bhavesh Modi,Mumbai — Powai,Maharashtra Region,West Zone,Rejected,REJ-10,Technical valuation below expectation,,,2026-05-24 09:03:00,No,Bhavesh Modi,2026-05-24 09:03:00,Salaried — MNC,Salaried,,No
611,Sohini,Sarkar,AFL-RET-000611,Social media,Balance Transfer Bonanza JUL26,CMP-2026-0033,2026-07-28 12:23:00,,7440868977,,sohini.sarkar@outlook.com,1997-06-01,DACPT2877Q,PAN_Sohini_Sarkar.pdf,Kolkata,Kolkata,West Bengal,700071,India,Retail Home Loans,Plot + Construction Loan,1500000,2026-08-27,Debolina Banerjee,Kolkata — Park Street,West Bengal Region,East Zone,Disbursed,,,,AFLRET26000134,2026-08-13 11:35:00,No,Debolina Banerjee,2026-08-13 11:35:00,Salaried — Private Sector,Salaried,0.2,No
612,Rajitha,Chowdary,AFL-RET-000612,PQ Campaign,Swasthya Care AUG26,CMP-2026-0035,2026-08-10 20:58:00,637728403,7869445477,,rajitha.chowdary@hotmail.com,1990-12-28,ACUPB9752G,PAN_Rajitha_Chowdary.pdf,Hyderabad,Rangareddy,Telangana,500032,India,Loan Against Property,Loan Against Property,4400000,2026-09-09,Swapna Gupta,Hyderabad — Gachibowli,Telangana Region,South Zone,Not interested,NI-01,Rate of interest too high,,,2026-08-15 11:15:00,No,Swapna Gupta,2026-08-15 11:15:00,Business Owner,Self-Employed,0.2,No
613,Debashish,Bose,AFL-RET-000613,Website,Shubh Vivah FEB26,CMP-2026-0015,2026-02-24 20:00:00,,9768971275,,debashish.bose@outlook.com,1971-08-13,FNBPX5768B,PAN_Debashish_Bose.pdf,Kolkata,Kolkata,West Bengal,700105,India,Retail Personal Loans,Marriage Loan,550000,2026-03-26,Paromita Majumdar,Kolkata — Salt Lake,West Bengal Region,East Zone,Not interested,NI-02,Already availed loan elsewhere,,,2026-02-26 15:56:00,No,Paromita Majumdar,2026-02-26 15:56:00,Salaried — Government / PSU,Salaried,0.2,No
614,Bhaskar,Prasad,AFL-RET-000614,Website,Grah Sajawat OCT25,CMP-2025-0005,2025-10-24 12:31:00,,9506922316,,bhaskar.prasad25@yahoo.com,1976-12-05,,,Hyderabad,Hyderabad,Telangana,500073,India,Gold & Secured Loans,Loan Against Securities,550000,2025-12-23,Rajitha Reddy,Hyderabad — Banjara Hills,Telangana Region,South Zone,Not reachable,NR-02,Invalid / wrong number,,,2025-10-26 12:49:00,No,Rajitha Reddy,2025-10-26 12:49:00,Salaried — MNC,Salaried,0.2,No
615,Pranav,Sawant,AFL-RET-000615,Social media,Balance Transfer Bonanza JUL26,CMP-2026-0033,2026-07-06 15:58:00,474780950,7743234453,,pranav.sawant@hotmail.com,1971-08-23,TVEPG3270X,PAN_Pranav_Sawant.pdf,Mumbai,Mumbai Suburban,Maharashtra,400052,India,Professional Loans,CA / Professional Loan,1000000,2026-08-20,Jayesh Chavan,Mumbai — Bandra,Maharashtra Region,West Zone,Not interested,NI-03,Only enquiring — no current need,,,2026-07-09 10:11:00,No,Jayesh Chavan,2026-07-09 10:11:00,Self-Employed Non-Professional,Self-Employed,2,No
616,Parth,Shinde,AFL-RET-000616,PQ Campaign,Shubh Vivah DEC25,CMP-2025-0011,2025-12-08 16:37:00,591332156,7149885358,,parth.shinde@gmail.com,1975-01-26,HFZPR3309A,PAN_Parth_Shinde.pdf,Nagpur,Nagpur,Maharashtra,440001,India,Business & MSME Loans,MSME Growth Loan,1700000,2026-02-06,Hardik Patel,Nagpur — Dharampeth,Maharashtra Region,West Zone,Disbursed,,,,AFLRET25000135,2026-01-02 10:57:00,No,Hardik Patel,2026-01-02 10:57:00,Business Owner,Self-Employed,0.3,No
617,Rakesh,Jena,AFL-RET-000617,Social media,Diwali Dhamaka OCT25,CMP-2025-0001,2025-10-31 19:05:00,,7733713377,8825740678,rakesh.jena45@yahoo.com,1984-12-12,KMCPX4707J,PAN_Rakesh_Jena.pdf,Ranchi,Ranchi,Jharkhand,834008,India,Vehicle & Consumer Loans,Consumer Durable Loan,35000,2025-12-30,Anita Bora,Ranchi — Main Road,East India Region,East Zone,Disbursed,,,,AFLRET25000136,2025-11-24 11:34:00,No,Anita Bora,2025-11-24 11:34:00,Salaried — Private Sector,Salaried,12.8,Yes
618,Sohini,Chatterjee,AFL-RET-000618,Landing page,Shiksha Education JUL26,CMP-2026-0031,2026-07-04 16:58:00,650824394,9884790362,8739232904,,1985-12-22,KWMPE5422K,PAN_Sohini_Chatterjee.pdf,Kolkata,Kolkata,West Bengal,700071,India,Loan Against Property,Loan Against Property,10500000,2026-08-18,Rajib Chatterjee,Kolkata — Park Street,West Bengal Region,East Zone,Rejected,REJ-13,Others,,,2026-07-11 14:13:00,No,Rajib Chatterjee,2026-07-11 14:13:00,Salaried — MNC,Salaried,,No
619,Debolina,Bose,AFL-RET-000619,Social media,Diwali Dhamaka NOV25,CMP-2025-0006,2025-11-08 09:37:00,593014051,6619984036,,debolina.bose14@gmail.com,1995-10-04,QSVPQ9374J,PAN_Debolina_Bose.pdf,Kolkata,Kolkata,West Bengal,700016,India,Vehicle & Consumer Loans,Two-Wheeler Loan,70000,2026-01-07,Debolina Banerjee,Kolkata — Park Street,West Bengal Region,East Zone,Rejected,REJ-02,Income below minimum,,,2025-11-14 14:52:00,No,Debolina Banerjee,2025-11-14 14:52:00,Salaried — Private Sector,Salaried,,No
620,Omkar,Parikh,AFL-RET-000620,Landing page,Professional Edge AUG26,CMP-2026-0036,2026-08-30 09:58:00,,8667415635,7189605943,omkar.parikh65@rediffmail.com,1981-05-12,RKGPX5917Z,PAN_Omkar_Parikh.pdf,Mumbai,Mumbai Suburban,Maharashtra,400097,India,Gold & Secured Loans,Loan Against Securities,1100000,2026-10-29,Bhavesh Modi,Mumbai — Powai,Maharashtra Region,West Zone,Login Initiated,,,,,2026-09-05 10:46:00,No,Bhavesh Modi,2026-09-05 10:46:00,Self-Employed Professional,Self-Employed,0.2,No
621,Ashwin,Anand,AFL-RET-000621,Social media,Property Power JUN26,CMP-2026-0029,2026-06-23 09:37:00,855064641,7931875729,8455961923,ashwin.anand55@gmail.com,1981-04-14,WGJPH5333J,PAN_Ashwin_Anand.pdf,Madurai,Madurai,Tamil Nadu,625014,India,Retail Home Loans,Disha Home Loan,650000,2026-08-07,Kavya Krishnan,Madurai — Anna Nagar,Tamil Nadu Region,South Zone,Disbursed,,,,AFLRET26000137,2026-07-19 14:37:00,No,Kavya Krishnan,2026-07-19 14:37:00,Salaried — Government / PSU,Salaried,5,Yes
622,Swati,Dua,AFL-RET-000622,Landing page,Vyapar Vriddhi JAN26,CMP-2026-0013,2026-01-19 11:51:00,,7841292074,,swati.dua76@hotmail.com,1975-12-09,JDLPZ1744B,PAN_Swati_Dua.pdf,Kanpur,Kanpur Nagar,Uttar Pradesh,208004,India,Business & MSME Loans,Vyapar Business Loan,3100000,2026-03-20,Nitin Bansal,Kanpur — Civil Lines,North India Region,North Zone,Not reachable,NR-03,No response after 3 attempts,,,2026-01-22 11:52:00,No,Nitin Bansal,2026-01-22 11:52:00,Homemaker,Self-Employed,3.8,Yes
623,Tejas,Patel,AFL-RET-000623,Social media,Balance Transfer Bonanza JUN26,CMP-2026-0030,2026-06-09 15:05:00,,8573789872,6294096999,tejas.patel@hotmail.com,1983-10-06,,,Mumbai,Mumbai Suburban,Maharashtra,400097,India,Retail Home Loans,Home Loan Balance Transfer,8500000,2026-08-08,Aniket Modi,Mumbai — Powai,Maharashtra Region,West Zone,Not interested,NI-05,Processing fee not acceptable,,,2026-06-11 11:33:00,No,Aniket Modi,2026-06-11 11:33:00,Self-Employed Non-Professional,Self-Employed,7.4,Yes
624,Sandeep,Chauhan,AFL-RET-000624,Website,Balance Transfer Bonanza JUL26,CMP-2026-0033,2026-07-13 11:18:00,847565793,9972982742,,sandeep.chauhan4@hotmail.com,1978-05-27,,,New Delhi,West Delhi,Delhi,110027,India,Gold & Secured Loans,Loan Against Securities,2900000,2026-08-27,Arjun Sethi,Delhi — Rajouri Garden,Delhi NCR Region,North Zone,Follow-up,,,2026-09-17,,2026-07-15 12:36:00,No,Arjun Sethi,2026-07-15 12:36:00,Salaried — MNC,Salaried,0.2,No
625,Vinay,Setty,AFL-RET-000625,Landing page,Balance Transfer Bonanza FEB26,CMP-2026-0017,2026-02-03 10:18:00,,9759771594,,vinay.setty@outlook.com,1986-01-27,PAHPB3992H,PAN_Vinay_Setty.pdf,Bengaluru,Bengaluru Urban,Karnataka,560070,India,Loan Against Property,MLAP (Shakti),1100000,2026-03-20,Vinay Jain,Bengaluru — Jayanagar,Karnataka Region,South Zone,Not reachable,NR-02,Invalid / wrong number,,,2026-02-06 09:10:00,No,Vinay Jain,2026-02-06 09:10:00,Self-Employed Professional,Self-Employed,11.4,Yes
626,Yash,Vora,AFL-RET-000626,Website,Shubh Vivah JAN26,CMP-2026-0012,2026-01-21 12:51:00,,8749098451,,yash.vora@outlook.com,1995-10-03,,,Mumbai,Mumbai Suburban,Maharashtra,400054,India,Retail Personal Loans,Medical Emergency Loan,145000,2026-03-07,Shreya Desai,Mumbai — Bandra,Maharashtra Region,West Zone,Not reachable,NR-01,Number switched off / unreachable,,,2026-01-24 13:09:00,No,Shreya Desai,2026-01-24 13:09:00,Salaried — MNC,Salaried,0.2,No
627,Madhavi,Gupta,AFL-RET-000627,Website,Shiksha Education AUG26,CMP-2026-0034,2026-08-31 11:44:00,,8134624914,6146912514,madhavi.gupta@outlook.com,1997-02-18,,,Adilabad,Adilabad,Telangana,504001,India,Retail Personal Loans,Education Loan,325000,2026-10-15,UNALLOCATED,UNALLOCATED,UNALLOCATED,UNALLOCATED,New,,,,,2026-08-31 11:56:00,No,System,2026-08-31 11:56:00,Salaried — Private Sector,Salaried,,Yes
628,Ashwin,Ravichandran,AFL-RET-000628,Landing page,Shubh Vivah DEC25,CMP-2025-0011,2025-12-10 16:23:00,,7839973595,,ashwin.ravichandran@outlook.com,1984-08-13,ZNSPT4553E,PAN_Ashwin_Ravichandran.pdf,Chennai,Chennai,Tamil Nadu,600017,India,Retail Personal Loans,Education Loan,190000,2026-01-24,Hariharan Krishnan,Chennai — T Nagar,Tamil Nadu Region,South Zone,Rejected,REJ-08,Employer / company not approved,,,2025-12-18 18:38:00,No,Hariharan Krishnan,2025-12-18 18:38:00,Salaried — MNC,Salaried,,No
629,Jayesh,Gaikwad,AFL-RET-000629,Social media,Shiksha Education JUL26,CMP-2026-0031,2026-07-11 14:00:00,854847431,6397291751,,jayesh.gaikwad56@gmail.com,1980-04-15,ZNNPQ2666X,PAN_Jayesh_Gaikwad.pdf,Vadodara,Vadodara,Gujarat,390001,India,Retail Personal Loans,Education Loan,800000,2026-08-25,Chirag Vora,Vadodara — Alkapuri,Gujarat Region,West Zone,Not interested,NI-06,Family / spouse declined,,,2026-07-12 11:17:00,No,Chirag Vora,2026-07-12 11:17:00,Business Owner,Self-Employed,0.2,No
630,Vaishnavi,Thakkar,AFL-RET-000630,Social media,Vyapar Vriddhi MAR26,CMP-2026-0020,2026-03-11 13:44:00,,9663106584,,vaishnavi.thakkar@gmail.com,1991-06-15,XHVPF7989M,PAN_Vaishnavi_Thakkar.pdf,Mumbai,Mumbai Suburban,Maharashtra,400050,India,Business & MSME Loans,Working Capital Loan,5000000,2026-05-10,Shreya Desai,Mumbai — Bandra,Maharashtra Region,West Zone,Not interested,NI-01,Rate of interest too high,,,2026-03-15 11:13:00,No,Shreya Desai,2026-03-15 11:13:00,Self-Employed Non-Professional,Self-Employed,0.2,No
631,Jyothi,Varma,AFL-RET-000631,Landing page,Vyapar Vriddhi FEB26,CMP-2026-0016,2026-02-15 16:31:00,,7822286493,,jyothi.varma@outlook.com,1995-11-08,,,Visakhapatnam,Visakhapatnam,Andhra Pradesh,530002,India,Business & MSME Loans,Vyapar Business Loan,550000,2026-03-17,Chandra Naidu,Vizag — Dwaraka Nagar,Kerala & AP Region,South Zone,Not interested,NI-07,Tenure offered not suitable,,,2026-02-20 11:38:00,No,Chandra Naidu,2026-02-20 11:38:00,Self-Employed Professional,Self-Employed,1,No
632,Ashwini,Joshi,AFL-RET-000632,Landing page,Balance Transfer Bonanza JUN26,CMP-2026-0030,2026-06-30 16:00:00,,8221626282,7654132953,ashwini.joshi@yahoo.com,1994-05-28,KUWPH5940H,PAN_Ashwini_Joshi.pdf,Ahmedabad,Ahmedabad,Gujarat,380001,India,Retail Home Loans,Disha Home Loan,1600000,2026-08-14,Payal Vora,Ahmedabad — CG Road,Gujarat Region,West Zone,Not reachable,NR-01,Number switched off / unreachable,,,2026-07-03 11:58:00,No,Payal Vora,2026-07-03 11:58:00,Salaried — MNC,Salaried,0.2,No
633,Rajat,Ahluwalia,AFL-RET-000633,Website,Shubh Vivah DEC25,CMP-2025-0011,2025-12-23 15:31:00,,8405198049,,rajat.ahluwalia@outlook.com,1996-05-08,,,Faridabad,Faridabad,Haryana,121007,India,Retail Personal Loans,Education Loan,925000,2026-02-06,Sumit Sinha,Faridabad — Sector 15,Delhi NCR Region,North Zone,Not interested,NI-06,Family / spouse declined,,,2025-12-27 13:49:00,No,Sumit Sinha,2025-12-27 13:49:00,Business Owner,Self-Employed,0.2,No
634,Karthik,Iyer,AFL-RET-000634,Social media,Shiksha Education MAY26,CMP-2026-0026,2026-05-25 19:05:00,,7459054555,,karthik.iyer@rediffmail.com,1991-04-27,,,Coimbatore,Coimbatore,Tamil Nadu,641012,India,Retail Home Loans,Plot + Construction Loan,4500000,2026-07-24,Muthu Krishnan,Coimbatore — RS Puram,Tamil Nadu Region,South Zone,Not reachable,NR-03,No response after 3 attempts,,,2026-05-29 11:18:00,No,Muthu Krishnan,2026-05-29 11:18:00,Salaried — MNC,Salaried,7.8,Yes
635,Jayesh,Jadhav,AFL-RET-000635,Website,Balance Transfer Bonanza JAN26,CMP-2026-0014,2026-01-18 10:23:00,604151434,7101964220,6625566192,jayesh.jadhav@outlook.com,1994-04-27,ZHUPY6702E,PAN_Jayesh_Jadhav.pdf,Mumbai,Mumbai Suburban,Maharashtra,400064,India,Retail Personal Loans,Diwali Special Loan,225000,2026-03-19,Mihir Bhatt,Mumbai — Andheri,Maharashtra Region,West Zone,Rejected,REJ-09,Property title not clear,,,2026-01-26 11:51:00,No,Mihir Bhatt,2026-01-26 11:51:00,Homemaker,Self-Employed,,No
636,Aarav,Ahluwalia,AFL-RET-000636,Website,Ghar Ka Sapna SEP26,CMP-2026-0037,2026-09-04 09:05:00,,6751913012,6977443460,aarav.ahluwalia94@rediffmail.com,1989-05-28,,,Lucknow,Lucknow,Uttar Pradesh,226010,India,Retail Home Loans,Home Purchase Loan,6000000,2026-10-19,Tarun Tiwari,Lucknow — Hazratganj,North India Region,North Zone,New,,,,,2026-09-04 09:20:00,No,Tarun Tiwari,2026-09-04 09:20:00,Business Owner,Self-Employed,,Yes
637,Rajitha,Murthy,AFL-RET-000637,Landing page,Vyapar Vriddhi JAN26,CMP-2026-0013,2026-01-02 17:18:00,,7263670366,,rajitha.murthy@hotmail.com,1978-06-03,UKFPV6290F,PAN_Rajitha_Murthy.pdf,Hyderabad,Hyderabad,Telangana,500096,India,Business & MSME Loans,MSME Growth Loan,2800000,2026-03-03,Sirisha Prasad,Hyderabad — Banjara Hills,Telangana Region,South Zone,Disbursed,,,,AFLRET26000138,2026-01-31 10:13:00,No,Sirisha Prasad,2026-01-31 10:13:00,Self-Employed Non-Professional,Self-Employed,0.2,No
638,Rakesh,Nath,AFL-RET-000638,Website,Balance Transfer Bonanza JUN26,CMP-2026-0030,2026-06-24 15:37:00,,6198317101,,,1996-10-06,PKZPW4092F,PAN_Rakesh_Nath.pdf,Guwahati,Kamrup Metro,Assam,781001,India,Retail Personal Loans,Marriage Loan,300000,2026-08-23,Sunita Saikia,Guwahati — GS Road,East India Region,East Zone,Disbursed,,,,AFLRET26000139,2026-07-09 11:36:00,No,Sunita Saikia,2026-07-09 11:36:00,Business Owner,Self-Employed,0.2,No
639,Rakesh,Choudhury,AFL-RET-000639,Social media,Shubh Vivah DEC25,CMP-2025-0011,2025-12-27 18:12:00,,6693267399,,rakesh.choudhury@gmail.com,1976-02-05,RLRPK9958Z,PAN_Rakesh_Choudhury.pdf,Ranchi,Ranchi,Jharkhand,834009,India,Loan Against Property,Lease Rental Discounting,38500000,2026-02-25,Anita Bora,Ranchi — Main Road,East India Region,East Zone,Follow-up,,,2026-09-10,,2025-12-29 14:16:00,No,Anita Bora,2025-12-29 14:16:00,Business Owner,Self-Employed,8,Yes
640,Pooja,Dua,AFL-RET-000640,PQ Campaign,Property Power MAY26,CMP-2026-0027,2026-05-07 14:00:00,923242382,7354184800,,,1982-01-11,QHUPF2261B,PAN_Pooja_Dua.pdf,Jaipur,Jaipur,Rajasthan,302004,India,Retail Home Loans,Home Loan Balance Transfer,13500000,2026-06-06,Rajat Sethi,Jaipur — C Scheme,North India Region,North Zone,Not interested,NI-03,Only enquiring — no current need,,,2026-05-12 10:23:00,No,Rajat Sethi,2026-05-12 10:23:00,Business Owner,Self-Employed,3.1,Yes
641,Rutuja,Trivedi,AFL-RET-000641,Website,Balance Transfer Bonanza FEB26,CMP-2026-0017,2026-02-22 19:37:00,,8431917245,,rutuja.trivedi74@outlook.com,1989-07-23,,,Pune,Pune,Maharashtra,411030,India,Retail Personal Loans,Medical Emergency Loan,300000,2026-04-23,Parth Parikh,Pune — Shivajinagar,Maharashtra Region,West Zone,Rejected,REJ-05,OGL — outside the geo location,,,2026-02-25 10:52:00,No,Parth Parikh,2026-02-25 10:52:00,Salaried — MNC,Salaried,,No
642,Shruthi,Pai,AFL-RET-000642,Social media,Vyapar Vriddhi MAR26,CMP-2026-0020,2026-03-07 18:00:00,,6606535029,,shruthi.pai@hotmail.com,1981-09-28,,,Bengaluru,Bengaluru Urban,Karnataka,560047,India,Business & MSME Loans,Vyapar Business Loan,1400000,2026-05-06,Vinay Nair,Bengaluru — Koramangala,Karnataka Region,South Zone,Not interested,NI-04,Requirement postponed,,,2026-03-11 10:40:00,No,Vinay Nair,2026-03-11 10:40:00,Business Owner,Self-Employed,10.5,Yes
643,Rohit,Kapoor,AFL-RET-000643,Landing page,Shiksha Education MAY26,CMP-2026-0026,2026-05-01 19:23:00,273003414,7762792474,8659212611,,1983-06-24,,,Ludhiana,Ludhiana,Punjab,141010,India,Retail Personal Loans,Education Loan,1800000,2026-06-30,Swati Saxena,Ludhiana — Mall Road,North India Region,North Zone,Not interested,NI-01,Rate of interest too high,,,2026-05-05 11:15:00,No,Swati Saxena,2026-05-05 11:15:00,Salaried — Government / PSU,Salaried,5,Yes
644,Pranav,Chavan,AFL-RET-000644,Social media,Diwali Dhamaka NOV25,CMP-2025-0006,2025-11-23 19:51:00,,9490105504,7397340724,pranav.chavan@hotmail.com,1983-02-04,,,Mumbai,Mumbai Suburban,Maharashtra,400087,India,Vehicle & Consumer Loans,Two-Wheeler Loan,75000,2026-01-07,Bhavesh Modi,Mumbai — Powai,Maharashtra Region,West Zone,Follow-up,,,2026-09-07,,2025-11-25 09:30:00,No,Bhavesh Modi,2025-11-25 09:30:00,Salaried — Private Sector,Salaried,9.3,Yes
645,Sourav,Chatterjee,AFL-RET-000645,Website,Shiksha Education JUN26,CMP-2026-0028,2026-06-07 11:05:00,,8264516122,,sourav.chatterjee@yahoo.com,1985-04-25,,,Kolkata,Kolkata,West Bengal,700019,India,Retail Personal Loans,Education Loan,175000,2026-07-07,Debolina Banerjee,Kolkata — Park Street,West Bengal Region,East Zone,Rejected,REJ-12,GST / ITR not available,,,2026-06-12 15:20:00,No,Debolina Banerjee,2026-06-12 15:20:00,Salaried — Private Sector,Salaried,,No
646,Harsha,Kulkarni,AFL-RET-000646,Website,Balance Transfer Bonanza JUL26,CMP-2026-0033,2026-07-17 10:18:00,,7789949535,6293073165,harsha.kulkarni@hotmail.com,1998-03-22,,,Bengaluru,Bengaluru Urban,Karnataka,560069,India,Retail Home Loans,Home Purchase Loan,2600000,2026-08-31,Nandini Rao,Bengaluru — Jayanagar,Karnataka Region,South Zone,Not interested,NI-02,Already availed loan elsewhere,,,2026-07-20 15:36:00,No,Nandini Rao,2026-07-20 15:36:00,Salaried — Government / PSU,Salaried,0.2,No
647,Vaishnavi,Vora,AFL-RET-000647,Website,Property Power MAY26,CMP-2026-0027,2026-05-06 10:05:00,,6244384897,7707925824,vaishnavi.vora@yahoo.com,1993-03-27,,,Pune,Pune,Maharashtra,411057,India,Retail Personal Loans,Medical Emergency Loan,725000,2026-07-05,Sagar Vora,Pune — Wakad,Maharashtra Region,West Zone,Rejected,REJ-07,Existing obligations too high (FOIR),,,2026-05-18 11:55:00,No,Sagar Vora,2026-05-18 11:55:00,Salaried — Government / PSU,Salaried,,No
648,Archana,Baruah,AFL-RET-000648,PQ Campaign,Shiksha Education AUG26,CMP-2026-0034,2026-08-19 13:23:00,290743177,9977235687,,archana.baruah@rediffmail.com,1992-12-19,BMCPV3063R,PAN_Archana_Baruah.pdf,Jorhat,Jorhat,Assam,785001,India,Retail Home Loans,Plot + Construction Loan,4800000,2026-10-18,UNALLOCATED,UNALLOCATED,UNALLOCATED,UNALLOCATED,New,,,,,2026-08-19 13:35:00,No,System,2026-08-19 13:35:00,Business Owner,Self-Employed,,Yes
649,Chandra,Pillai,AFL-RET-000649,Landing page,Vyapar Vriddhi FEB26,CMP-2026-0016,2026-02-24 13:12:00,165310441,8519280230,,chandra.pillai@outlook.com,1979-05-07,KLXPE6768Q,PAN_Chandra_Pillai.pdf,Hyderabad,Hyderabad,Telangana,500034,India,Business & MSME Loans,Working Capital Loan,1200000,2026-03-26,Sirisha Prasad,Hyderabad — Banjara Hills,Telangana Region,South Zone,Disbursed,,,,AFLRET26000140,2026-03-16 11:36:00,No,Sirisha Prasad,2026-03-16 11:36:00,Self-Employed Non-Professional,Self-Employed,0.3,No
650,Tanmoy,Dutta,AFL-RET-000650,PQ Campaign,Professional Edge AUG26,CMP-2026-0036,2026-08-11 19:23:00,126394393,7159544330,6251922332,tanmoy.dutta@yahoo.com,1985-04-03,CULPV2767G,PAN_Tanmoy_Dutta.pdf,Kolkata,Kolkata,West Bengal,700106,India,Retail Home Loans,Home Loan Balance Transfer,5500000,2026-09-10,Tanmoy Chakraborty,Kolkata — Salt Lake,West Bengal Region,East Zone,Login Initiated,,,,,2026-08-19 11:51:00,No,Tanmoy Chakraborty,2026-08-19 11:51:00,Self-Employed Professional,Self-Employed,0.3,No
651,Rutuja,Thakkar,AFL-RET-000651,Social media,Shubh Vivah JAN26,CMP-2026-0012,2026-01-31 17:18:00,,9831906425,,rutuja.thakkar@gmail.com,1986-12-05,WQLPN5898A,PAN_Rutuja_Thakkar.pdf,Mumbai,Mumbai,Maharashtra,400005,India,Retail Home Loans,Disha Home Loan,1800000,2026-04-01,Omkar Patel,Mumbai — Fort,Maharashtra Region,West Zone,Rejected,REJ-09,Property title not clear,,,2026-02-01 17:33:00,No,Omkar Patel,2026-02-01 17:33:00,Salaried — MNC,Salaried,,No
652,Kiran,Prasad,AFL-RET-000652,Website,Shiksha Education JUN26,CMP-2026-0028,2026-06-01 15:05:00,987889224,9727929009,,kiran.prasad@rediffmail.com,1993-08-13,XXSPJ3004G,PAN_Kiran_Prasad.pdf,Mysuru,Mysuru,Karnataka,570025,India,Retail Personal Loans,Education Loan,1400000,2026-07-31,Deepa Nair,Mysuru — Saraswathipuram,Karnataka Region,South Zone,Disbursed,,,,AFLRET26000141,2026-06-21 09:32:00,No,Deepa Nair,2026-06-21 09:32:00,Self-Employed Professional,Self-Employed,0.2,No
653,Aarav,Mishra,AFL-RET-000653,Social media,Swasthya Care JUL26,CMP-2026-0032,2026-07-16 13:12:00,,9200671110,,aarav.mishra@rediffmail.com,1992-10-17,ULXPC9291K,PAN_Aarav_Mishra.pdf,Ludhiana,Ludhiana,Punjab,141010,India,Retail Home Loans,Disha Home Loan,5500000,2026-08-30,Swati Saxena,Ludhiana — Mall Road,North India Region,North Zone,Sanctioned,,,,AFLRET26000142,2026-08-02 18:48:00,No,Swati Saxena,2026-08-02 18:48:00,Salaried — MNC,Salaried,0.2,No
654,Sumit,Verma,AFL-RET-000654,Landing page,Vyapar Vriddhi JAN26,CMP-2026-0013,2026-01-22 19:44:00,,6582019687,,sumit.verma@hotmail.com,1973-08-08,MEAPC1172S,PAN_Sumit_Verma.pdf,Amritsar,Amritsar,Punjab,143005,India,Business & MSME Loans,Vyapar Business Loan,1900000,2026-02-21,Rahul Malhotra,Amritsar — Lawrence Road,North India Region,North Zone,Disbursed,,,,AFLRET26000143,2026-02-21 09:58:00,No,Rahul Malhotra,2026-02-21 09:58:00,Business Owner,Self-Employed,0.2,No
655,Kalyani,Gaikwad,AFL-RET-000655,Social media,Shiksha Education MAY26,CMP-2026-0026,2026-05-02 09:18:00,,9859666978,,kalyani.gaikwad@outlook.com,1975-06-14,FSJPU3415X,PAN_Kalyani_Gaikwad.pdf,Mumbai,Mumbai Suburban,Maharashtra,400101,India,Retail Home Loans,Plot + Construction Loan,2300000,2026-06-16,Aniket Modi,Mumbai — Powai,Maharashtra Region,West Zone,Disbursed,,,,AFLRET26000144,2026-05-30 11:11:00,No,Aniket Modi,2026-05-30 11:11:00,Homemaker,Self-Employed,5.9,Yes
656,Sohini,Chatterjee,AFL-RET-000656,Social media,Professional Edge FEB26,CMP-2026-0018,2026-02-15 10:31:00,272538202,7945578420,,sohini.chatterjee@gmail.com,1978-06-11,,,Siliguri,Darjeeling,West Bengal,734004,India,Retail Personal Loans,Diwali Special Loan,55000,2026-04-01,Srabani Chatterjee,Siliguri — Sevoke Road,West Bengal Region,East Zone,Rejected,REJ-10,Technical valuation below expectation,,,2026-02-26 10:22:00,No,Srabani Chatterjee,2026-02-26 10:22:00,Salaried — Government / PSU,Salaried,,No
657,Pallavi,Acharya,AFL-RET-000657,Social media,Vyapar Vriddhi FEB26,CMP-2026-0016,2026-02-21 12:58:00,,6809043465,,pallavi.acharya@outlook.com,1992-12-14,,,Bengaluru,Bengaluru Urban,Karnataka,560029,India,Retail Personal Loans,Medical Emergency Loan,125000,2026-03-23,Manoj Nair,Bengaluru — Koramangala,Karnataka Region,South Zone,Rejected,REJ-02,Income below minimum,,,2026-03-02 14:13:00,No,Manoj Nair,2026-03-02 14:13:00,Business Owner,Self-Employed,,No
658,Meenakshi,Goel,AFL-RET-000658,Social media,Ghar Ka Sapna MAR26,CMP-2026-0019,2026-03-08 14:51:00,734120802,6426319607,,meenakshi.goel85@outlook.com,1977-09-12,,,Faridabad,Faridabad,Haryana,121002,India,Loan Against Property,Loan Against Property,18000000,2026-05-07,Sumit Sinha,Faridabad — Sector 15,Delhi NCR Region,North Zone,Rejected,REJ-11,Business vintage below minimum,,,2026-03-14 17:06:00,No,Sumit Sinha,2026-03-14 17:06:00,Business Owner,Self-Employed,,No
659,Janani,Kumaraswamy,AFL-RET-000659,Social media,Shiksha Education MAY26,CMP-2026-0026,2026-05-10 16:12:00,525183786,9303055107,,janani.kumaraswamy@gmail.com,1991-12-18,DJAPN7559A,PAN_Janani_Kumaraswamy.pdf,Coimbatore,Coimbatore,Tamil Nadu,641018,India,Business & MSME Loans,Machinery Purchase Loan,6000000,2026-06-09,Muthu Krishnan,Coimbatore — RS Puram,Tamil Nadu Region,South Zone,Disbursed,,,,AFLRET26000145,2026-06-01 16:30:00,No,Muthu Krishnan,2026-06-01 16:30:00,Business Owner,Self-Employed,0.2,No
660,Rashmi,Shenoy,AFL-RET-000660,Website,Ghar Ka Sapna OCT25,CMP-2025-0002,2025-10-29 10:37:00,,6341554194,,rashmi.shenoy40@yahoo.com,1992-11-19,,,Bengaluru,Bengaluru Urban,Karnataka,560067,India,Retail Home Loans,Home Purchase Loan,4200000,2025-12-28,Kiran Udupa,Bengaluru — Whitefield,Karnataka Region,South Zone,Not interested,NI-05,Processing fee not acceptable,,,2025-10-31 11:07:00,No,Kiran Udupa,2025-10-31 11:07:00,Salaried — Private Sector,Salaried,0.2,No
661,Swati,Chauhan,AFL-RET-000661,Social media,Shubh Vivah FEB26,CMP-2026-0015,2026-02-27 11:37:00,,6138117021,,swati.chauhan@outlook.com,2003-06-07,UXFPQ6473F,PAN_Swati_Chauhan.pdf,Lucknow,Lucknow,Uttar Pradesh,226024,India,Business & MSME Loans,Machinery Purchase Loan,2400000,2026-04-28,Tarun Tiwari,Lucknow — Hazratganj,North India Region,North Zone,Disbursed,,,,AFLRET26000146,2026-04-02 11:59:00,No,Tarun Tiwari,2026-04-02 11:59:00,Self-Employed Non-Professional,Self-Employed,3.1,Yes
662,Nisha,Pawar,AFL-RET-000662,Social media,Professional Edge AUG26,CMP-2026-0036,2026-08-26 20:00:00,809685222,8835782538,6788127523,nisha.pawar89@yahoo.com,1983-03-13,,,Mumbai,Mumbai Suburban,Maharashtra,400054,India,Loan Against Property,MLAP (Shakti),1200000,2026-10-25,Shreya Desai,Mumbai — Bandra,Maharashtra Region,West Zone,Not reachable,NR-02,Invalid / wrong number,,,2026-08-29 11:00:00,No,Shreya Desai,2026-08-29 11:00:00,Self-Employed Non-Professional,Self-Employed,0.2,No
663,Amit,Rathore,AFL-RET-000663,Landing page,Professional Edge MAR26,CMP-2026-0021,2026-03-25 17:00:00,991557254,7650907019,,amit.rathore65@hotmail.com,2002-05-02,HZLPL1891U,PAN_Amit_Rathore.pdf,New Delhi,New Delhi,Delhi,110011,India,Retail Home Loans,Home Loan Balance Transfer,9500000,2026-05-09,Nidhi Sharma,Delhi — Connaught Place,Delhi NCR Region,North Zone,Disbursed,,,,AFLRET26000147,2026-05-04 11:51:00,No,Nidhi Sharma,2026-05-04 11:51:00,Salaried — Government / PSU,Salaried,0.6,No
664,Sneha,Kapoor,AFL-RET-000664,Social media,Shubh Vivah NOV25,CMP-2025-0007,2025-11-07 19:00:00,,9323100208,,sneha.kapoor@hotmail.com,1973-05-27,,,Noida,Gautam Buddha Nagar,Uttar Pradesh,201304,India,Retail Personal Loans,Kushal Personal Loan,1500000,2026-01-06,Ritika Singh,Noida — Sector 62,Delhi NCR Region,North Zone,Not reachable,NR-03,No response after 3 attempts,,,2025-11-10 09:06:00,No,Ritika Singh,2025-11-10 09:06:00,Salaried — Private Sector,Salaried,4.2,Yes
665,Swapnil,Doshi,AFL-RET-000665,Website,Property Power MAY26,CMP-2026-0027,2026-05-27 18:00:00,,8941231578,,swapnil.doshi@gmail.com,2002-10-09,,,Rajkot,Rajkot,Gujarat,360002,India,Loan Against Property,Loan Against Property,2700000,2026-07-26,Siddharth Trivedi,Rajkot — Kalawad Road,Gujarat Region,West Zone,Not interested,NI-05,Processing fee not acceptable,,,2026-05-31 13:18:00,No,Siddharth Trivedi,2026-05-31 13:18:00,Self-Employed Professional,Self-Employed,0.2,No
666,Aditi,Parikh,AFL-RET-000666,PQ Campaign,Shiksha Education AUG26,CMP-2026-0034,2026-08-06 20:44:00,377751578,8732156169,,aditi.parikh@outlook.com,1998-02-22,XHWPK7730S,PAN_Aditi_Parikh.pdf,Ahmedabad,Ahmedabad,Gujarat,380001,India,Retail Home Loans,Plot + Construction Loan,3400000,2026-09-20,Payal Vora,Ahmedabad — CG Road,Gujarat Region,West Zone,Not interested,NI-07,Tenure offered not suitable,,,2026-08-12 10:11:00,No,Payal Vora,2026-08-12 10:11:00,Salaried — Private Sector,Salaried,0.2,No
667,Mrunal,Gaikwad,AFL-RET-000667,Landing page,Vyapar Vriddhi JAN26,CMP-2026-0013,2026-01-30 16:00:00,986537905,9851496128,,,1982-01-10,,,Thane,Thane,Maharashtra,400610,India,Business & MSME Loans,Working Capital Loan,6000000,2026-03-16,Kalyani Joshi,Thane — Ghodbunder,Maharashtra Region,West Zone,Follow-up,,,2026-09-20,,2026-02-01 09:01:00,No,Kalyani Joshi,2026-02-01 09:01:00,Self-Employed Professional,Self-Employed,0.2,No
668,Hardik,Panchal,AFL-RET-000668,Landing page,Professional Edge MAR26,CMP-2026-0021,2026-03-04 16:44:00,971034394,6671689429,,hardik.panchal@yahoo.com,2002-12-16,QTJPN2608C,PAN_Hardik_Panchal.pdf,Pune,Pune,Maharashtra,411061,India,Vehicle & Consumer Loans,Used Car Loan,275000,2026-04-03,Sneha Parikh,Pune — Wakad,Maharashtra Region,West Zone,Sanctioned,,,,AFLRET26000148,2026-03-18 11:34:00,No,Sneha Parikh,2026-03-18 11:34:00,Salaried — MNC,Salaried,0.2,No
669,Anand,Shetty,AFL-RET-000669,PQ Campaign,Gold Utsav APR26,CMP-2026-0024,2026-04-29 13:51:00,982351403,6318650524,8689267507,anand.shetty@hotmail.com,2002-09-05,,,Bengaluru,Bengaluru Urban,Karnataka,560067,India,Gold & Secured Loans,Gold Loan,125000,2026-06-13,Deepa Iyengar,Bengaluru — Whitefield,Karnataka Region,South Zone,Not interested,NI-03,Only enquiring — no current need,,,2026-04-30 10:09:00,No,Deepa Iyengar,2026-04-30 10:09:00,Salaried — Government / PSU,Salaried,0.2,No
670,Chirag,Jadhav,AFL-RET-000670,Landing page,Shubh Vivah FEB26,CMP-2026-0015,2026-02-28 16:05:00,,7195424131,6790902283,chirag.jadhav@outlook.com,1990-05-13,,,Mumbai,Mumbai,Maharashtra,400005,India,Retail Home Loans,Disha Home Loan,2900000,2026-04-29,Rutuja Pawar,Mumbai — Fort,Maharashtra Region,West Zone,Not reachable,NR-02,Invalid / wrong number,,,2026-03-03 09:20:00,No,Rutuja Pawar,2026-03-03 09:20:00,Salaried — Private Sector,Salaried,11.6,Yes
671,Kiran,Rai,AFL-RET-000671,Social media,Shiksha Education JUN26,CMP-2026-0028,2026-06-15 18:31:00,196089203,8141142007,9326052553,kiran.rai26@outlook.com,1980-01-13,,,Bengaluru,Bengaluru Urban,Karnataka,560047,India,Retail Personal Loans,Education Loan,675000,2026-07-30,Manoj Nair,Bengaluru — Koramangala,Karnataka Region,South Zone,Follow-up,,,2026-09-20,,2026-06-18 09:49:00,No,Manoj Nair,2026-06-18 09:49:00,Salaried — Private Sector,Salaried,3.8,Yes
672,Jyothi,Rao,AFL-RET-000672,Website,Professional Edge AUG26,CMP-2026-0036,2026-08-06 12:44:00,,8865120240,,jyothi.rao@rediffmail.com,2000-02-04,TUGPB1024W,PAN_Jyothi_Rao.pdf,Warangal,Warangal,Telangana,506007,India,Loan Against Property,Lease Rental Discounting,20000000,2026-09-20,Aruna Reddy,Warangal — Hanamkonda,Telangana Region,South Zone,Duplicate,DUP-01,"Same campaign, same mobile",,,2026-08-06 13:59:00,Yes,Aruna Reddy,2026-08-06 13:59:00,Self-Employed Professional,Self-Employed,,No
673,Manish,Sethi,AFL-RET-000673,Website,Swasthya Care AUG26,CMP-2026-0035,2026-08-22 10:37:00,,6795446890,,manish.sethi@hotmail.com,1999-06-22,JQUPP4989T,PAN_Manish_Sethi.pdf,Jaipur,Jaipur,Rajasthan,302001,India,Loan Against Property,Loan Against Property,5500000,2026-10-06,Rajat Sethi,Jaipur — C Scheme,North India Region,North Zone,Rejected,REJ-01,Credit / bureau issue (CIBIL below cut-off),,,2026-09-02 16:52:00,No,Rajat Sethi,2026-09-02 16:52:00,Salaried — Private Sector,Salaried,,No
674,Hardik,Wagh,AFL-RET-000674,Social media,Grah Sajawat SEP26,CMP-2026-0040,2026-09-03 16:05:00,,6314825190,,hardik.wagh93@hotmail.com,1982-08-09,XZBPG3296Q,PAN_Hardik_Wagh.pdf,Mumbai,Mumbai,Maharashtra,400005,India,Retail Personal Loans,Home Renovation Loan,800000,2026-10-03,Rutuja Pawar,Mumbai — Fort,Maharashtra Region,West Zone,New,,,,,2026-09-03 16:20:00,No,Rutuja Pawar,2026-09-03 16:20:00,Self-Employed Professional,Self-Employed,,Yes
675,Trupti,Shinde,AFL-RET-000675,Website,Ghar Ka Sapna MAR26,CMP-2026-0019,2026-03-17 16:44:00,,6887548834,,trupti.shinde@gmail.com,1986-08-24,,,Pune,Pune,Maharashtra,411001,India,Loan Against Property,MLAP (Shakti),4700000,2026-04-16,Parth Parikh,Pune — Shivajinagar,Maharashtra Region,West Zone,Not reachable,NR-01,Number switched off / unreachable,,,2026-03-20 16:08:00,No,Parth Parikh,2026-03-20 16:08:00,Self-Employed Non-Professional,Self-Employed,0.4,No
676,Sudeshna,Guha,AFL-RET-000676,Social media,Property Power MAY26,CMP-2026-0027,2026-05-15 19:00:00,,9535984716,9851999892,sudeshna.guha@rediffmail.com,1989-02-22,,,Kolkata,Kolkata,West Bengal,700071,India,Retail Personal Loans,Marriage Loan,500000,2026-06-14,Rajib Chatterjee,Kolkata — Park Street,West Bengal Region,East Zone,Not interested,NI-05,Processing fee not acceptable,,,2026-05-19 15:31:00,No,Rajib Chatterjee,2026-05-19 15:31:00,Self-Employed Professional,Self-Employed,0.2,No
677,Siddharth,Doshi,AFL-RET-000677,PQ Campaign,Vyapar Vriddhi JAN26,CMP-2026-0013,2026-01-17 14:31:00,450354262,6137790030,,siddharth.doshi@gmail.com,1958-04-27,APPPT9633N,PAN_Siddharth_Doshi.pdf,Mumbai,Mumbai Suburban,Maharashtra,400069,India,Retail Home Loans,Plot + Construction Loan,4100000,2026-02-16,Mihir Bhatt,Mumbai — Andheri,Maharashtra Region,West Zone,Not interested,NI-05,Processing fee not acceptable,,,2026-01-22 09:49:00,No,Mihir Bhatt,2026-01-22 09:49:00,Retired / Pensioner,Salaried,0.2,No
678,Jayesh,Patel,AFL-RET-000678,PQ Campaign,Professional Edge FEB26,CMP-2026-0018,2026-02-21 17:44:00,656441032,6524910137,,jayesh.patel@outlook.com,1979-06-03,ENLPS2237U,PAN_Jayesh_Patel.pdf,Ahmedabad,Ahmedabad,Gujarat,380001,India,Retail Personal Loans,Medical Emergency Loan,500000,2026-04-07,Payal Vora,Ahmedabad — CG Road,Gujarat Region,West Zone,Disbursed,,,,AFLRET26000149,2026-03-14 16:56:00,No,Payal Vora,2026-03-14 16:56:00,Salaried — MNC,Salaried,7.6,Yes
679,Nidhi,Sharma,AFL-RET-000679,Website,Shubh Vivah JAN26,CMP-2026-0012,2026-01-31 17:44:00,,7829776308,,nidhi.sharma79@outlook.com,1991-11-13,FNUPM7023W,PAN_Nidhi_Sharma.pdf,New Delhi,West Delhi,Delhi,110015,India,Retail Personal Loans,Marriage Loan,200000,2026-04-01,Nitin Mishra,Delhi — Rajouri Garden,Delhi NCR Region,North Zone,Sanctioned,,,,AFLRET26000150,2026-02-09 16:02:00,No,Nitin Mishra,2026-02-09 16:02:00,Salaried — MNC,Salaried,0.2,No
680,Pooja,Malhotra,AFL-RET-000680,Social media,Grah Sajawat NOV25,CMP-2025-0010,2025-11-13 11:51:00,,9257192446,7302037068,,1984-12-25,GZGPR8179Z,PAN_Pooja_Malhotra.pdf,Jodhpur,Jodhpur,Rajasthan,342003,India,Retail Personal Loans,Home Renovation Loan,225000,2025-12-28,Rohit Sharma,Jodhpur — Sardarpura,North India Region,North Zone,Disbursed,,,,AFLRET25000151,2025-11-30 09:07:00,No,Rohit Sharma,2025-11-30 09:07:00,Salaried — Private Sector,Salaried,2.2,Yes
681,Aniket,Wagh,AFL-RET-000681,Website,Shubh Vivah DEC25,CMP-2025-0011,2025-12-29 17:05:00,,8826776211,,aniket.wagh12@gmail.com,1975-11-24,BJFPT5103T,PAN_Aniket_Wagh.pdf,Ahmedabad,Ahmedabad,Gujarat,380009,India,Retail Home Loans,Plot + Construction Loan,4400000,2026-01-28,Swapnil Vora,Ahmedabad — CG Road,Gujarat Region,West Zone,Rejected,REJ-03,Policy restriction,,,2026-01-05 09:20:00,No,Swapnil Vora,2026-01-05 09:20:00,Salaried — MNC,Salaried,,No
682,Sumit,Khanna,AFL-RET-000682,PQ Campaign,Professional Edge FEB26,CMP-2026-0018,2026-02-06 17:37:00,676171076,8366995178,,sumit.khanna65@yahoo.com,1983-02-06,MDZPW8174T,PAN_Sumit_Khanna.pdf,Jaipur,Jaipur,Rajasthan,302005,India,Retail Personal Loans,Kushal Personal Loan,2300000,2026-03-23,Rajat Sethi,Jaipur — C Scheme,North India Region,North Zone,Disbursed,,,,AFLRET26000152,2026-02-21 14:00:00,No,Rajat Sethi,2026-02-21 14:00:00,Salaried — Government / PSU,Salaried,0.2,No
683,Omkar,Panchal,AFL-RET-000683,Landing page,Shubh Vivah JAN26,CMP-2026-0012,2026-01-17 15:23:00,,8731679471,,omkar.panchal@gmail.com,1991-12-03,,,Mumbai,Mumbai Suburban,Maharashtra,400061,India,Retail Personal Loans,Diwali Special Loan,110000,2026-03-03,Mihir Bhatt,Mumbai — Andheri,Maharashtra Region,West Zone,Rejected,REJ-11,Business vintage below minimum,,,2026-01-27 17:38:00,No,Mihir Bhatt,2026-01-27 17:38:00,Self-Employed Professional,Self-Employed,,No
684,Prakash,Jena,AFL-RET-000684,Social media,Vyapar Vriddhi MAR26,CMP-2026-0020,2026-03-30 19:00:00,,9741809209,7659952565,prakash.jena11@rediffmail.com,1977-01-01,,,Bhubaneswar,Khordha,Odisha,751010,India,Business & MSME Loans,Vyapar Business Loan,3100000,2026-05-14,Rakesh Deka,Bhubaneswar — Saheed Nagar,East India Region,East Zone,Rejected,REJ-07,Existing obligations too high (FOIR),,,2026-04-10 09:25:00,No,Rakesh Deka,2026-04-10 09:25:00,Business Owner,Self-Employed,,No
685,Bibhuti,Sahu,AFL-RET-000685,PQ Campaign,Shubh Vivah DEC25,CMP-2025-0011,2025-12-10 14:44:00,587952220,8328492294,9515507569,bibhuti.sahu@gmail.com,1975-08-14,,,Guwahati,Kamrup Metro,Assam,781005,India,Gold & Secured Loans,Loan Against Securities,4200000,2026-02-08,Sunita Saikia,Guwahati — GS Road,East India Region,East Zone,Not reachable,NR-03,No response after 3 attempts,,,2025-12-13 11:52:00,No,Sunita Saikia,2025-12-13 11:52:00,Business Owner,Self-Employed,14.2,Yes
686,Ritika,Arora,AFL-RET-000686,Website,Shiksha Education JUL26,CMP-2026-0031,2026-07-19 14:05:00,,7406711819,9578169994,ritika.arora26@gmail.com,1994-02-21,EVYPB6024B,PAN_Ritika_Arora.pdf,Lucknow,Lucknow,Uttar Pradesh,226003,India,Business & MSME Loans,MSME Growth Loan,1400000,2026-09-17,Tarun Tiwari,Lucknow — Hazratganj,North India Region,North Zone,Disbursed,,,,AFLRET26000153,2026-08-10 13:39:00,No,Tarun Tiwari,2026-08-10 13:39:00,Business Owner,Self-Employed,0.2,No
687,Parth,Mehta,AFL-RET-000687,PQ Campaign,Swasthya Care AUG26,CMP-2026-0035,2026-08-06 11:18:00,854575757,9124112908,9448370416,parth.mehta47@gmail.com,1972-12-07,,,Nashik,Nashik,Maharashtra,422011,India,Loan Against Property,MLAP (Shakti),975000,2026-10-05,Tanvi Mehta,Nashik — College Road,Maharashtra Region,West Zone,Not interested,NI-05,Processing fee not acceptable,,,2026-08-09 15:36:00,No,Tanvi Mehta,2026-08-09 15:36:00,Self-Employed Professional,Self-Employed,0.2,No
688,Abhijit,Ghosh,AFL-RET-000688,Social media,Swasthya Care JUL26,CMP-2026-0032,2026-07-30 15:44:00,609454786,9580517161,,abhijit.ghosh@outlook.com,1987-05-18,BXEPN6208L,PAN_Abhijit_Ghosh.pdf,Kolkata,Kolkata,West Bengal,700020,India,Retail Home Loans,Disha Home Loan,2300000,2026-08-29,Rajib Chatterjee,Kolkata — Park Street,West Bengal Region,East Zone,Sanctioned,,,,AFLRET26000154,2026-08-06 11:42:00,No,Rajib Chatterjee,2026-08-06 11:42:00,Salaried — Government / PSU,Salaried,0.2,No
689,Naresh,Prasad,AFL-RET-000689,PQ Campaign,Gold Utsav APR26,CMP-2026-0024,2026-04-06 09:51:00,499799068,8567106338,6811622983,naresh.prasad@outlook.com,1999-05-09,,,Hyderabad,Rangareddy,Telangana,500089,India,Retail Personal Loans,Marriage Loan,250000,2026-05-06,Mahesh Varma,Hyderabad — Gachibowli,Telangana Region,South Zone,Not interested,NI-06,Family / spouse declined,,,2026-04-08 11:51:00,No,Mahesh Varma,2026-04-08 11:51:00,Homemaker,Self-Employed,10.4,Yes
690,Pranav,Chavan,AFL-RET-000690,Website,Balance Transfer Bonanza JUL26,CMP-2026-0033,2026-07-13 09:31:00,395621158,7878740976,,pranav.chavan66@hotmail.com,1994-09-28,,,Surat,Surat,Gujarat,395009,India,Retail Personal Loans,Marriage Loan,900000,2026-08-27,Omkar Shah,Surat — Adajan,Gujarat Region,West Zone,Rejected,REJ-10,Technical valuation below expectation,,,2026-07-16 11:56:00,No,Omkar Shah,2026-07-16 11:56:00,Salaried — Private Sector,Salaried,,No
691,Srabani,Ghosh,AFL-RET-000691,Website,Swasthya Care AUG26,CMP-2026-0035,2026-08-11 18:23:00,746714096,7917225525,9930229053,srabani.ghosh@gmail.com,1990-11-11,AXQPJ3068E,PAN_Srabani_Ghosh.pdf,Kolkata,Kolkata,West Bengal,700102,India,Retail Personal Loans,Medical Emergency Loan,600000,2026-09-25,Paromita Majumdar,Kolkata — Salt Lake,West Bengal Region,East Zone,Sanctioned,,,,AFLRET26000155,2026-09-01 10:16:00,No,Paromita Majumdar,2026-09-01 10:16:00,Self-Employed Non-Professional,Self-Employed,6.1,Yes
692,Bibhuti,Baruah,AFL-RET-000692,Social media,Professional Edge AUG26,CMP-2026-0036,2026-08-09 09:31:00,,8907337679,,bibhuti.baruah@gmail.com,1979-08-20,,,Jorhat,Jorhat,Assam,785001,India,Retail Home Loans,Home Loan Balance Transfer,9500000,2026-09-08,UNALLOCATED,UNALLOCATED,UNALLOCATED,UNALLOCATED,New,,,,,2026-08-09 09:43:00,No,System,2026-08-09 09:43:00,Business Owner,Self-Employed,,Yes
693,Nikhil,Patil,AFL-RET-000693,Website,Shiksha Education JUN26,CMP-2026-0028,2026-06-09 20:31:00,,9939666539,,nikhil.patil@gmail.com,1978-11-23,,,Vadodara,Vadodara,Gujarat,390007,India,Professional Loans,CA / Professional Loan,850000,2026-07-09,Chirag Vora,Vadodara — Alkapuri,Gujarat Region,West Zone,Rejected,REJ-11,Business vintage below minimum,,,2026-06-11 11:29:00,No,Chirag Vora,2026-06-11 11:29:00,Business Owner,Self-Employed,,No
694,Prashanth,Bhat,AFL-RET-000694,Landing page,Vyapar Vriddhi JAN26,CMP-2026-0013,2026-01-05 11:05:00,422476881,9821049377,,,1984-09-10,,,Bengaluru,Bengaluru Urban,Karnataka,560103,India,Business & MSME Loans,Vyapar Business Loan,5500000,2026-02-19,Kiran Udupa,Bengaluru — Whitefield,Karnataka Region,South Zone,Rejected,REJ-10,Technical valuation below expectation,,,2026-01-09 10:26:00,No,Kiran Udupa,2026-01-09 10:26:00,Self-Employed Professional,Self-Employed,,No
695,Pooja,Chopra,AFL-RET-000695,PQ Campaign,Shiksha Education JUN26,CMP-2026-0028,2026-06-29 19:31:00,945281027,9304805213,,pooja.chopra91@gmail.com,1986-12-07,,,Faridabad,Faridabad,Haryana,121006,India,Retail Personal Loans,Education Loan,250000,2026-07-29,Sumit Sinha,Faridabad — Sector 15,Delhi NCR Region,North Zone,Rejected,REJ-11,Business vintage below minimum,,,2026-07-02 15:46:00,No,Sumit Sinha,2026-07-02 15:46:00,Business Owner,Self-Employed,,No
696,Abirami,Srinivasan,AFL-RET-000696,PQ Campaign,Safar Travel OCT25,CMP-2025-0004,2025-10-16 12:37:00,672163110,8375722012,8329451352,abirami.srinivasan@hotmail.com,1974-09-12,HKHPZ8120J,PAN_Abirami_Srinivasan.pdf,Chennai,Chennai,Tamil Nadu,600033,India,Retail Personal Loans,Debt Consolidation Loan,225000,2025-11-15,Hariharan Krishnan,Chennai — T Nagar,Tamil Nadu Region,South Zone,Disbursed,,,,AFLRET25000156,2025-11-13 09:12:00,No,Hariharan Krishnan,2025-11-13 09:12:00,Salaried — Government / PSU,Salaried,0.2,No
697,Kunal,Rane,AFL-RET-000697,Website,Shiksha Education AUG26,CMP-2026-0034,2026-08-21 17:23:00,208016785,9906233482,,kunal.rane77@yahoo.com,1990-12-02,,,Vadodara,Vadodara,Gujarat,390020,India,Retail Personal Loans,Education Loan,1700000,2026-09-20,Chirag Vora,Vadodara — Alkapuri,Gujarat Region,West Zone,Rejected,REJ-04,Negative / restricted profile,,,2026-08-23 10:21:00,No,Chirag Vora,2026-08-23 10:21:00,Self-Employed Professional,Self-Employed,,No
698,Rushabh,Rane,AFL-RET-000698,Social media,Ghar Ka Sapna SEP26,CMP-2026-0037,2026-09-09 17:23:00,218263236,6663752434,,rushabh.rane@outlook.com,1971-09-25,,,Mumbai,Mumbai Suburban,Maharashtra,400059,India,Loan Against Property,Lease Rental Discounting,8500000,2026-10-24,Bhavesh Patil,Mumbai — Andheri,Maharashtra Region,West Zone,Not reachable,NR-02,Invalid / wrong number,,,2026-09-10 18:30:00,No,Bhavesh Patil,2026-09-10 18:30:00,Business Owner,Self-Employed,5.2,Yes
699,Karthik,Ganesan,AFL-RET-000699,Website,Professional Edge AUG26,CMP-2026-0036,2026-08-04 17:23:00,,9926838920,,karthik.ganesan@gmail.com,1980-12-08,YZWPE6129T,PAN_Karthik_Ganesan.pdf,Chennai,Chennai,Tamil Nadu,600018,India,Professional Loans,Doctor Professional Loan,4100000,2026-10-03,Saravanan Rajan,Chennai — T Nagar,Tamil Nadu Region,South Zone,Not interested,NI-03,Only enquiring — no current need,,,2026-08-06 11:46:00,No,Saravanan Rajan,2026-08-06 11:46:00,Business Owner,Self-Employed,2.1,Yes
700,Tejas,Thakkar,AFL-RET-000700,Landing page,Balance Transfer Bonanza FEB26,CMP-2026-0017,2026-02-19 17:23:00,,8513662757,,tejas.thakkar@gmail.com,1975-12-27,,,Vadodara,Vadodara,Gujarat,390001,India,Retail Home Loans,Home Loan Balance Transfer,2700000,2026-04-05,Chirag Vora,Vadodara — Alkapuri,Gujarat Region,West Zone,Rejected,REJ-08,Employer / company not approved,,,2026-03-01 18:38:00,No,Chirag Vora,2026-03-01 18:38:00,Agriculturist,Self-Employed,,No
701,Nikhil,Desai,AFL-RET-000701,PQ Campaign,Shubh Vivah JAN26,CMP-2026-0012,2026-01-06 18:23:00,103012079,6310421488,,nikhil.desai@hotmail.com,1973-09-01,USUPL4318F,PAN_Nikhil_Desai.pdf,Ahmedabad,Ahmedabad,Gujarat,380059,India,Retail Personal Loans,Marriage Loan,300000,2026-02-20,Parth Joshi,Ahmedabad — Satellite,Gujarat Region,West Zone,Disbursed,,,,AFLRET26000157,2026-01-17 10:09:00,No,Parth Joshi,2026-01-17 10:09:00,Self-Employed Professional,Self-Employed,0.2,No
702,Ranjan,Pradhan,AFL-RET-000702,Landing page,Ghar Ka Sapna MAR26,CMP-2026-0019,2026-03-18 18:31:00,,9272701168,,ranjan.pradhan@hotmail.com,1981-02-10,MJHPT5539R,PAN_Ranjan_Pradhan.pdf,Cuttack,Cuttack,Odisha,753014,India,Retail Personal Loans,Debt Consolidation Loan,1700000,2026-04-17,Prakash Saikia,Cuttack — Buxi Bazaar,East India Region,East Zone,Rejected,REJ-08,Employer / company not approved,,,2026-03-23 17:46:00,No,Prakash Saikia,2026-03-23 17:46:00,Salaried — MNC,Salaried,,No
703,Sourav,Guha,AFL-RET-000703,Social media,Gold Utsav APR26,CMP-2026-0024,2026-04-09 15:05:00,872520566,7532777757,9202234078,sourav.guha@gmail.com,1990-03-11,,,Siliguri,Darjeeling,West Bengal,734004,India,Retail Personal Loans,Medical Emergency Loan,1100000,2026-05-24,Srabani Chatterjee,Siliguri — Sevoke Road,West Bengal Region,East Zone,Rejected,REJ-08,Employer / company not approved,,,2026-04-13 16:20:00,No,Srabani Chatterjee,2026-04-13 16:20:00,Self-Employed Non-Professional,Self-Employed,,No
704,Rushabh,Thakkar,AFL-RET-000704,Social media,Gold Utsav OCT25,CMP-2025-0003,2025-10-23 10:37:00,,6526510120,,rushabh.thakkar@rediffmail.com,1997-09-03,,,Ahmedabad,Ahmedabad,Gujarat,380051,India,Gold & Secured Loans,Gold Loan,800000,2025-11-22,Hardik Bhatt,Ahmedabad — Satellite,Gujarat Region,West Zone,Not interested,NI-02,Already availed loan elsewhere,,,2025-10-28 15:13:00,No,Hardik Bhatt,2025-10-28 15:13:00,Self-Employed Professional,Self-Employed,5.6,Yes
705,Praveen,Acharya,AFL-RET-000705,Social media,Vyapar Vriddhi JAN26,CMP-2026-0013,2026-01-10 20:23:00,,8502566720,9326944539,praveen.acharya@rediffmail.com,1991-08-15,,,Bengaluru,Bengaluru Urban,Karnataka,560082,India,Business & MSME Loans,Working Capital Loan,4000000,2026-03-11,Vinay Jain,Bengaluru — Jayanagar,Karnataka Region,South Zone,Not interested,NI-07,Tenure offered not suitable,,,2026-01-13 10:29:00,No,Vinay Jain,2026-01-13 10:29:00,Business Owner,Self-Employed,0.4,No
706,Meenakshi,Verma,AFL-RET-000706,PQ Campaign,Safar Travel MAR26,CMP-2026-0022,2026-03-19 09:00:00,307162515,8230327182,,meenakshi.verma96@yahoo.com,1988-06-21,,,New Delhi,West Delhi,Delhi,110063,India,Vehicle & Consumer Loans,Used Car Loan,325000,2026-05-03,Arjun Sethi,Delhi — Rajouri Garden,Delhi NCR Region,North Zone,Rejected,REJ-03,Policy restriction,,,2026-03-30 10:44:00,No,Arjun Sethi,2026-03-30 10:44:00,Salaried — Government / PSU,Salaried,,No
707,Arun,Vaidyanathan,AFL-RET-000707,Social media,Shiksha Education MAY26,CMP-2026-0026,2026-05-04 10:37:00,,7670967795,,arun.vaidyanathan@outlook.com,1984-03-08,,,Coimbatore,Coimbatore,Tamil Nadu,641037,India,Retail Home Loans,Plot + Construction Loan,3300000,2026-06-18,Muthu Krishnan,Coimbatore — RS Puram,Tamil Nadu Region,South Zone,Rejected,REJ-11,Business vintage below minimum,,,2026-05-16 10:11:00,No,Muthu Krishnan,2026-05-16 10:11:00,Business Owner,Self-Employed,,No
708,Suhas,Rai,AFL-RET-000708,PQ Campaign,Shiksha Education MAY26,CMP-2026-0026,2026-05-09 14:44:00,492203137,7418825873,,suhas.rai80@rediffmail.com,1989-12-26,RPWPQ2990J,PAN_Suhas_Rai.pdf,Bengaluru,Bengaluru Urban,Karnataka,560071,India,Retail Personal Loans,Education Loan,875000,2026-07-08,Vinay Nair,Bengaluru — Koramangala,Karnataka Region,South Zone,Rejected,REJ-02,Income below minimum,,,2026-05-13 09:59:00,No,Vinay Nair,2026-05-13 09:59:00,Salaried — Private Sector,Salaried,,No
709,Rohit,Gupta,AFL-RET-000709,PQ Campaign,Diwali Dhamaka OCT25,CMP-2025-0001,2025-10-19 20:58:00,309942779,6737296443,,rohit.gupta@gmail.com,1978-01-23,,,New Delhi,New Delhi,Delhi,110011,India,Vehicle & Consumer Loans,Two-Wheeler Loan,100000,2025-12-03,Nidhi Sharma,Delhi — Connaught Place,Delhi NCR Region,North Zone,Rejected,REJ-11,Business vintage below minimum,,,2025-10-22 16:13:00,No,Nidhi Sharma,2025-10-22 16:13:00,Business Owner,Self-Employed,,No
710,Srabani,Guha,AFL-RET-000710,Website,Shiksha Education JUL26,CMP-2026-0031,2026-07-25 20:23:00,496001347,9986066098,,,1973-12-14,,,Kolkata,Kolkata,West Bengal,700016,India,Retail Personal Loans,Education Loan,650000,2026-08-24,Rajib Chatterjee,Kolkata — Park Street,West Bengal Region,East Zone,Rejected,REJ-02,Income below minimum,,,2026-07-27 09:00:00,No,Rajib Chatterjee,2026-07-27 09:00:00,Salaried — Government / PSU,Salaried,,No
711,Tarun,Chauhan,AFL-RET-000711,Website,Property Power APR26,CMP-2026-0023,2026-04-09 16:58:00,298210933,8147661713,,tarun.chauhan85@hotmail.com,1972-01-21,CQPPD3169R,PAN_Tarun_Chauhan.pdf,Faridabad,Faridabad,Haryana,121003,India,Loan Against Property,Loan Against Property,24000000,2026-05-09,Sumit Sinha,Faridabad — Sector 15,Delhi NCR Region,North Zone,Not interested,NI-04,Requirement postponed,,,2026-04-10 14:16:00,No,Sumit Sinha,2026-04-10 14:16:00,Business Owner,Self-Employed,0.2,No
712,Abhijit,Chatterjee,AFL-RET-000712,Landing page,Safar Travel OCT25,CMP-2025-0004,2025-10-11 13:51:00,,6781311399,,abhijit.chatterjee@outlook.com,1989-07-22,,,Siliguri,Darjeeling,West Bengal,734001,India,Gold & Secured Loans,Loan Against Securities,3800000,2025-12-10,Srabani Chatterjee,Siliguri — Sevoke Road,West Bengal Region,East Zone,Not interested,NI-04,Requirement postponed,,,2025-10-14 11:43:00,No,Srabani Chatterjee,2025-10-14 11:43:00,Business Owner,Self-Employed,0.2,No
713,Tanvi,Sawant,AFL-RET-000713,PQ Campaign,Shubh Vivah JAN26,CMP-2026-0012,2026-01-06 19:12:00,239132617,8503305998,9908665502,tanvi.sawant43@rediffmail.com,1985-07-12,,,Rajkot,Rajkot,Gujarat,360005,India,Retail Personal Loans,Marriage Loan,1100000,2026-02-05,Siddharth Trivedi,Rajkot — Kalawad Road,Gujarat Region,West Zone,Not interested,NI-04,Requirement postponed,,,2026-01-09 09:36:00,No,Siddharth Trivedi,2026-01-09 09:36:00,Salaried — Private Sector,Salaried,7.8,Yes
714,Dhiraj,Baruah,AFL-RET-000714,PQ Campaign,Property Power JUN26,CMP-2026-0029,2026-06-27 10:23:00,249622620,8658782879,,dhiraj.baruah@hotmail.com,1982-04-24,UFLPR9048U,PAN_Dhiraj_Baruah.pdf,Patna,Patna,Bihar,800001,India,Retail Home Loans,Plot + Construction Loan,2900000,2026-08-26,Sanjay Singh,Patna — Boring Road,East India Region,East Zone,Sanctioned,,,,AFLRET26000158,2026-07-18 10:56:00,No,Sanjay Singh,2026-07-18 10:56:00,Salaried — Government / PSU,Salaried,3.9,Yes
715,Bhakti,Kulkarni,AFL-RET-000715,Social media,Diwali Dhamaka OCT25,CMP-2025-0001,2025-10-11 15:23:00,,9344550209,,,1979-02-16,,,Surat,Surat,Gujarat,395017,India,Vehicle & Consumer Loans,Two-Wheeler Loan,70000,2025-11-25,Omkar Shah,Surat — Adajan,Gujarat Region,West Zone,Not reachable,NR-01,Number switched off / unreachable,,,2025-10-13 11:55:00,No,Omkar Shah,2025-10-13 11:55:00,Self-Employed Professional,Self-Employed,3.3,Yes
716,Suhas,Acharya,AFL-RET-000716,Social media,Property Power JUN26,CMP-2026-0029,2026-06-20 15:44:00,690127635,7646844312,,suhas.acharya@yahoo.com,2002-08-24,PEKPK6431L,PAN_Suhas_Acharya.pdf,Bengaluru,Bengaluru Urban,Karnataka,560034,India,Business & MSME Loans,MSME Growth Loan,1900000,2026-07-20,Vinay Nair,Bengaluru — Koramangala,Karnataka Region,South Zone,Rejected,REJ-03,Policy restriction,,,2026-06-28 10:13:00,No,Vinay Nair,2026-06-28 10:13:00,Self-Employed Professional,Self-Employed,,No
717,Sailaja,Chowdary,AFL-RET-000717,PQ Campaign,Shubh Vivah FEB26,CMP-2026-0015,2026-02-21 14:23:00,532266004,7213707955,,sailaja.chowdary@yahoo.com,1976-09-25,,,Hyderabad,Rangareddy,Telangana,500049,India,Retail Personal Loans,Marriage Loan,200000,2026-03-23,Mahesh Varma,Hyderabad — Gachibowli,Telangana Region,South Zone,Rejected,REJ-02,Income below minimum,,,2026-02-25 15:38:00,No,Mahesh Varma,2026-02-25 15:38:00,Business Owner,Self-Employed,,No
718,Deepak,Naik,AFL-RET-000718,Website,Professional Edge AUG26,CMP-2026-0036,2026-08-01 14:23:00,796288936,9788615484,,deepak.naik@outlook.com,1977-09-28,KZYPJ5817T,PAN_Deepak_Naik.pdf,Mysuru,Mysuru,Karnataka,570023,India,Vehicle & Consumer Loans,Used Car Loan,400000,2026-09-15,Deepa Nair,Mysuru — Saraswathipuram,Karnataka Region,South Zone,Disbursed,,,,AFLRET26000159,2026-08-15 15:01:00,No,Deepa Nair,2026-08-15 15:01:00,Salaried — MNC,Salaried,0.8,No
719,Ashwini,Deshmukh,AFL-RET-000719,PQ Campaign,Ghar Ka Sapna OCT25,CMP-2025-0002,2025-10-18 18:37:00,792649438,8792700368,6508579250,ashwini.deshmukh98@gmail.com,1998-03-09,BNVPZ9970F,PAN_Ashwini_Deshmukh.pdf,Mumbai,Mumbai Suburban,Maharashtra,400064,India,Vehicle & Consumer Loans,Used Car Loan,400000,2025-12-17,Mihir Bhatt,Mumbai — Andheri,Maharashtra Region,West Zone,Not interested,NI-02,Already availed loan elsewhere,,,2025-10-21 09:30:00,No,Mihir Bhatt,2025-10-21 09:30:00,Salaried — Government / PSU,Salaried,0.3,No
720,Aniket,Thakkar,AFL-RET-000720,Social media,Diwali Dhamaka NOV25,CMP-2025-0006,2025-11-13 19:37:00,606697459,9919920455,,aniket.thakkar@outlook.com,1991-02-27,KNCPX9144D,PAN_Aniket_Thakkar.pdf,Mumbai,Mumbai Suburban,Maharashtra,400069,India,Vehicle & Consumer Loans,Two-Wheeler Loan,40000,2026-01-12,Bhavesh Patil,Mumbai — Andheri,Maharashtra Region,West Zone,Login Initiated,,,,,2025-11-19 14:01:00,No,Bhavesh Patil,2025-11-19 14:01:00,Salaried — Private Sector,Salaried,1.3,No
721,Swapnil,Patil,AFL-RET-000721,Social media,Shubh Vivah NOV25,CMP-2025-0007,2025-11-19 12:23:00,,9300896840,9521167108,,1983-05-08,,,Mumbai,Mumbai Suburban,Maharashtra,400101,India,Retail Home Loans,Home Loan Balance Transfer,2500000,2026-01-18,Aniket Modi,Mumbai — Powai,Maharashtra Region,West Zone,Not interested,NI-04,Requirement postponed,,,2025-11-22 10:55:00,No,Aniket Modi,2025-11-22 10:55:00,Salaried — Government / PSU,Salaried,3.7,Yes
722,Pallavi,Rao,AFL-RET-000722,Website,Ghar Ka Sapna MAR26,CMP-2026-0019,2026-03-30 19:00:00,,9542293594,,pallavi.rao@yahoo.com,1998-10-28,TMUPF6378Y,PAN_Pallavi_Rao.pdf,Bengaluru,Bengaluru Urban,Karnataka,560103,India,Retail Home Loans,Disha Home Loan,3600000,2026-05-14,Kiran Udupa,Bengaluru — Whitefield,Karnataka Region,South Zone,Not interested,NI-01,Rate of interest too high,,,2026-04-01 10:29:00,No,Kiran Udupa,2026-04-01 10:29:00,Salaried — Government / PSU,Salaried,4.1,Yes
723,Chetan,Reddy,AFL-RET-000723,Social media,Shubh Vivah DEC25,CMP-2025-0011,2025-12-14 17:31:00,,9272510738,9985590025,chetan.reddy@yahoo.com,1988-07-07,FEDPM3444J,PAN_Chetan_Reddy.pdf,Bengaluru,Bengaluru Urban,Karnataka,560011,India,Business & MSME Loans,MSME Growth Loan,4300000,2026-02-12,Vinay Jain,Bengaluru — Jayanagar,Karnataka Region,South Zone,Rejected,REJ-12,GST / ITR not available,,,2025-12-20 13:46:00,No,Vinay Jain,2025-12-20 13:46:00,Self-Employed Non-Professional,Self-Employed,,No
724,Anita,Patnaik,AFL-RET-000724,Landing page,Swasthya Care AUG26,CMP-2026-0035,2026-08-06 13:58:00,,9996671543,,anita.patnaik@gmail.com,1980-03-26,DWEPS7675S,PAN_Anita_Patnaik.pdf,Ranchi,Ranchi,Jharkhand,834002,India,Retail Personal Loans,Kushal Personal Loan,1600000,2026-09-05,Anita Bora,Ranchi — Main Road,East India Region,East Zone,Rejected,REJ-06,Documentation — unable to provide,,,2026-08-19 09:15:00,No,Anita Bora,2026-08-19 09:15:00,Salaried — Government / PSU,Salaried,,No
725,Harsha,Murthy,AFL-RET-000725,Website,Professional Edge AUG26,CMP-2026-0036,2026-08-26 09:37:00,,6243380279,8528204183,,1982-02-18,RGTPC3168S,PAN_Harsha_Murthy.pdf,Bengaluru,Bengaluru Urban,Karnataka,560037,India,Professional Loans,CA / Professional Loan,3900000,2026-10-25,Deepa Iyengar,Bengaluru — Whitefield,Karnataka Region,South Zone,Login Initiated,,,,,2026-09-01 16:55:00,No,Deepa Iyengar,2026-09-01 16:55:00,Business Owner,Self-Employed,0.2,No
726,Tanmoy,Majumdar,AFL-RET-000726,Landing page,Property Power MAY26,CMP-2026-0027,2026-05-22 19:44:00,,8782634892,,tanmoy.majumdar@gmail.com,1983-05-22,GMZPP4561L,PAN_Tanmoy_Majumdar.pdf,Siliguri,Darjeeling,West Bengal,734001,India,Retail Personal Loans,Medical Emergency Loan,70000,2026-07-06,Srabani Chatterjee,Siliguri — Sevoke Road,West Bengal Region,East Zone,Sanctioned,,,,AFLRET26000160,2026-06-07 09:13:00,No,Srabani Chatterjee,2026-06-07 09:13:00,Salaried — Private Sector,Salaried,0.3,No
727,Nitin,Yadav,AFL-RET-000727,Landing page,Balance Transfer Bonanza JUN26,CMP-2026-0030,2026-06-13 09:18:00,,8183331572,9425906323,nitin.yadav93@gmail.com,2002-09-24,,,Ludhiana,Ludhiana,Punjab,141002,India,Retail Home Loans,Plot + Construction Loan,10000000,2026-07-28,Swati Saxena,Ludhiana — Mall Road,North India Region,North Zone,Not interested,NI-03,Only enquiring — no current need,,,2026-06-14 18:00:00,No,Swati Saxena,2026-06-14 18:00:00,Self-Employed Professional,Self-Employed,7.7,Yes
728,Krupa,Kulkarni,AFL-RET-000728,PQ Campaign,Shubh Vivah DEC25,CMP-2025-0011,2025-12-25 20:37:00,599547527,9767092782,,krupa.kulkarni@outlook.com,1975-11-27,,,Mumbai,Mumbai Suburban,Maharashtra,400059,India,Vehicle & Consumer Loans,Used Car Loan,650000,2026-02-23,Bhavesh Patil,Mumbai — Andheri,Maharashtra Region,West Zone,Rejected,REJ-04,Negative / restricted profile,,,2026-01-06 11:09:00,No,Bhavesh Patil,2026-01-06 11:09:00,Salaried — Private Sector,Salaried,,No
729,Swapna,Reddy,AFL-RET-000729,Landing page,Balance Transfer Bonanza FEB26,CMP-2026-0017,2026-02-25 15:00:00,,8197992076,,swapna.reddy@yahoo.com,1992-07-04,,,Hyderabad,Hyderabad,Telangana,500082,India,Retail Personal Loans,Kushal Personal Loan,1400000,2026-04-11,Sirisha Prasad,Hyderabad — Banjara Hills,Telangana Region,South Zone,Not interested,NI-01,Rate of interest too high,,,2026-02-28 15:41:00,No,Sirisha Prasad,2026-02-28 15:41:00,Salaried — MNC,Salaried,4.4,Yes
730,Meenakshi,Chopra,AFL-RET-000730,Landing page,Shiksha Education JUL26,CMP-2026-0031,2026-07-18 19:44:00,527741857,7571415559,,meenakshi.chopra@yahoo.com,1991-06-05,PYRPE9095L,PAN_Meenakshi_Chopra.pdf,New Delhi,South Delhi,Delhi,110017,India,Retail Home Loans,Disha Home Loan,6000000,2026-09-01,Rajat Chopra,Delhi — Saket,Delhi NCR Region,North Zone,Sanctioned,,,,AFLRET26000161,2026-08-01 10:44:00,No,Rajat Chopra,2026-08-01 10:44:00,Salaried — MNC,Salaried,0.2,No
731,Mrunal,Thakkar,AFL-RET-000731,Website,Vyapar Vriddhi FEB26,CMP-2026-0016,2026-02-15 13:23:00,204204862,8479097707,,mrunal.thakkar@gmail.com,1972-07-27,KVZPY8204X,PAN_Mrunal_Thakkar.pdf,Ahmedabad,Ahmedabad,Gujarat,380058,India,Business & MSME Loans,Vyapar Business Loan,2500000,2026-04-01,Parth Joshi,Ahmedabad — Satellite,Gujarat Region,West Zone,Rejected,REJ-08,Employer / company not approved,,,2026-02-24 13:38:00,No,Parth Joshi,2026-02-24 13:38:00,Homemaker,Self-Employed,,No
732,Rajitha,Chowdary,AFL-RET-000732,PQ Campaign,Shiksha Education MAY26,CMP-2026-0026,2026-05-23 16:58:00,693719657,6541087723,,,1984-07-16,GKGPA1494L,PAN_Rajitha_Chowdary.pdf,Warangal,Warangal,Telangana,506002,India,Retail Personal Loans,Kushal Personal Loan,2700000,2026-06-22,Aruna Reddy,Warangal — Hanamkonda,Telangana Region,South Zone,Not interested,NI-07,Tenure offered not suitable,,,2026-05-25 09:35:00,No,Aruna Reddy,2026-05-25 09:35:00,Salaried — Private Sector,Salaried,0.2,No
733,Kunal,Patel,AFL-RET-000733,Website,Swasthya Care AUG26,CMP-2026-0035,2026-08-19 12:31:00,,8935097488,7499376216,kunal.patel@gmail.com,2003-01-09,,,Mumbai,Mumbai Suburban,Maharashtra,400097,India,Loan Against Property,Lease Rental Discounting,81500000,2026-10-18,Aniket Modi,Mumbai — Powai,Maharashtra Region,West Zone,Rejected,REJ-02,Income below minimum,,,2026-08-27 10:46:00,No,Aniket Modi,2026-08-27 10:46:00,Self-Employed Professional,Self-Employed,,No
734,Nimisha,Nair,AFL-RET-000734,PQ Campaign,Vyapar Vriddhi JAN26,CMP-2026-0013,2026-01-08 19:58:00,828326936,8313779891,,nimisha.nair@gmail.com,1994-02-09,TTTPR9781Y,PAN_Nimisha_Nair.pdf,Thiruvananthapuram,Thiruvananthapuram,Kerala,695014,India,Retail Home Loans,Disha Home Loan,550000,2026-02-22,Vivek Kurup,Trivandrum — Vazhuthacaud,Kerala & AP Region,South Zone,Disbursed,,,,AFLRET26000162,2026-01-24 13:16:00,No,Vivek Kurup,2026-01-24 13:16:00,Salaried — MNC,Salaried,0.2,No
735,Rakesh,Oraon,AFL-RET-000735,PQ Campaign,Shiksha Education JUL26,CMP-2026-0031,2026-07-11 11:37:00,821129140,9424149262,,rakesh.oraon47@outlook.com,1971-06-09,,,Guwahati,Kamrup Metro,Assam,781006,India,Retail Personal Loans,Education Loan,650000,2026-08-10,Sunita Saikia,Guwahati — GS Road,East India Region,East Zone,Not interested,NI-01,Rate of interest too high,,,2026-07-16 10:29:00,No,Sunita Saikia,2026-07-16 10:29:00,Business Owner,Self-Employed,0.2,No
736,Swati,Sharma,AFL-RET-000736,Social media,Vyapar Vriddhi JAN26,CMP-2026-0013,2026-01-22 13:05:00,,8798929944,,swati.sharma@hotmail.com,1995-01-28,PJVPQ3539J,PAN_Swati_Sharma.pdf,New Delhi,New Delhi,Delhi,110002,India,Business & MSME Loans,Vyapar Business Loan,3500000,2026-03-23,Ritika Mishra,Delhi — Connaught Place,Delhi NCR Region,North Zone,Rejected,REJ-06,Documentation — unable to provide,,,2026-01-25 12:20:00,No,Ritika Mishra,2026-01-25 12:20:00,Business Owner,Self-Employed,,No
737,Payal,Mehta,AFL-RET-000737,Landing page,Vyapar Vriddhi JAN26,CMP-2026-0013,2026-01-29 13:05:00,,8326039513,7958269703,payal.mehta75@rediffmail.com,1980-12-14,JLMPE2802U,PAN_Payal_Mehta.pdf,Ahmedabad,Ahmedabad,Gujarat,380009,India,Retail Personal Loans,Kushal Personal Loan,1100000,2026-03-15,Swapnil Vora,Ahmedabad — CG Road,Gujarat Region,West Zone,Disbursed,,,,AFLRET26000163,2026-02-23 10:36:00,No,Swapnil Vora,2026-02-23 10:36:00,Salaried — MNC,Salaried,0.2,No
738,Nitin,Grover,AFL-RET-000738,Social media,Safar Travel OCT25,CMP-2025-0004,2025-10-12 19:58:00,221900715,6850565790,8854963614,nitin.grover33@gmail.com,2002-10-25,JFQPX8149K,PAN_Nitin_Grover.pdf,Amritsar,Amritsar,Punjab,143008,India,Retail Personal Loans,Travel Loan,300000,2025-12-11,Rahul Malhotra,Amritsar — Lawrence Road,North India Region,North Zone,Rejected,REJ-12,GST / ITR not available,,,2025-10-14 10:07:00,No,Rahul Malhotra,2025-10-14 10:07:00,Salaried — MNC,Salaried,,No
739,Manoj,Hegde,AFL-RET-000739,Social media,Professional Edge SEP26,CMP-2026-0039,2026-09-10 12:12:00,,8607641294,,manoj.hegde62@hotmail.com,1978-10-01,,,Hubballi,Dharwad,Karnataka,580029,India,Retail Personal Loans,Travel Loan,375000,2026-10-25,Suhas Pai,Hubballi — Vidyanagar,Karnataka Region,South Zone,New,,,,,2026-09-10 12:27:00,No,Suhas Pai,2026-09-10 12:27:00,Salaried — Private Sector,Salaried,,No
740,Debolina,Mitra,AFL-RET-000740,PQ Campaign,Gold Utsav APR26,CMP-2026-0024,2026-04-29 12:05:00,802621692,9454134705,9760723497,debolina.mitra47@rediffmail.com,1981-09-11,PSPPN8476A,PAN_Debolina_Mitra.pdf,Kolkata,Kolkata,West Bengal,700105,India,Gold & Secured Loans,Gold Loan,425000,2026-05-29,Tanmoy Chakraborty,Kolkata — Salt Lake,West Bengal Region,East Zone,Disbursed,,,,AFLRET26000164,2026-05-23 11:08:00,No,Tanmoy Chakraborty,2026-05-23 11:08:00,Self-Employed Professional,Self-Employed,0.7,No
741,Mrunal,Patil,AFL-RET-000741,PQ Campaign,Property Power MAY26,CMP-2026-0027,2026-05-28 11:31:00,505399323,8281989884,,mrunal.patil@gmail.com,1983-03-27,GGTPC1841Y,PAN_Mrunal_Patil.pdf,Ahmedabad,Ahmedabad,Gujarat,380061,India,Retail Home Loans,Plot + Construction Loan,6500000,2026-07-12,Parth Joshi,Ahmedabad — Satellite,Gujarat Region,West Zone,Disbursed,,,,AFLRET26000165,2026-06-20 09:59:00,No,Parth Joshi,2026-06-20 09:59:00,Salaried — Government / PSU,Salaried,0.9,No
742,Sneha,Khanna,AFL-RET-000742,Website,Vyapar Vriddhi JAN26,CMP-2026-0013,2026-01-01 17:23:00,,9105262968,,sneha.khanna64@outlook.com,1977-09-06,,,New Delhi,New Delhi,Delhi,110002,India,Loan Against Property,MLAP (Shakti),3800000,2026-02-15,Ritika Mishra,Delhi — Connaught Place,Delhi NCR Region,North Zone,Not interested,NI-05,Processing fee not acceptable,,,2026-01-03 11:45:00,No,Ritika Mishra,2026-01-03 11:45:00,Business Owner,Self-Employed,4.4,Yes
743,Rakesh,Gogoi,AFL-RET-000743,Website,Professional Edge FEB26,CMP-2026-0018,2026-02-27 09:51:00,,7867543824,,rakesh.gogoi@gmail.com,1972-07-07,DCBPV7773U,PAN_Rakesh_Gogoi.pdf,Guwahati,Kamrup Metro,Assam,781005,India,Business & MSME Loans,Machinery Purchase Loan,11000000,2026-04-28,Sunita Saikia,Guwahati — GS Road,East India Region,East Zone,Sanctioned,,,,AFLRET26000166,2026-03-16 10:52:00,No,Sunita Saikia,2026-03-16 10:52:00,Business Owner,Self-Employed,2.7,Yes
744,Krupa,Panchal,AFL-RET-000744,Website,Vyapar Vriddhi JAN26,CMP-2026-0013,2026-01-05 09:23:00,,8470269682,,krupa.panchal85@yahoo.com,1991-05-15,SYLPW6124S,PAN_Krupa_Panchal.pdf,Pune,Pune,Maharashtra,411030,India,Business & MSME Loans,Working Capital Loan,15500000,2026-02-04,Nikhil Deshmukh,Pune — Shivajinagar,Maharashtra Region,West Zone,Disbursed,,,,AFLRET26000167,2026-02-04 11:12:00,No,Nikhil Deshmukh,2026-02-04 11:12:00,Homemaker,Self-Employed,0.2,No
745,Sanoj,Nair,AFL-RET-000745,Landing page,Balance Transfer Bonanza JAN26,CMP-2026-0014,2026-01-26 18:44:00,,7502888851,,sanoj.nair@gmail.com,1987-01-24,PLYPG2410C,PAN_Sanoj_Nair.pdf,Thiruvananthapuram,Thiruvananthapuram,Kerala,695035,India,Business & MSME Loans,Machinery Purchase Loan,2400000,2026-03-27,Vivek Kurup,Trivandrum — Vazhuthacaud,Kerala & AP Region,South Zone,Login Initiated,,,,,2026-01-29 10:20:00,No,Vivek Kurup,2026-01-29 10:20:00,Business Owner,Self-Employed,0.2,No
746,Hetal,Shinde,AFL-RET-000746,Website,Shiksha Education AUG26,CMP-2026-0034,2026-08-23 10:05:00,,7892641829,,,2000-02-05,,,Pune,Pune,Maharashtra,411030,India,Retail Personal Loans,Debt Consolidation Loan,1800000,2026-09-22,Nikhil Deshmukh,Pune — Shivajinagar,Maharashtra Region,West Zone,Not interested,NI-06,Family / spouse declined,,,2026-08-24 09:23:00,No,Nikhil Deshmukh,2026-08-24 09:23:00,Salaried — Government / PSU,Salaried,0.2,No
747,Sangeeta,Patnaik,AFL-RET-000747,Social media,Professional Edge SEP26,CMP-2026-0039,2026-09-02 09:12:00,,7741170717,8126881544,sangeeta.patnaik@gmail.com,1998-05-02,SUWPD1720H,PAN_Sangeeta_Patnaik.pdf,Ranchi,Ranchi,Jharkhand,834003,India,Gold & Secured Loans,Loan Against Securities,2700000,2026-10-02,Anita Bora,Ranchi — Main Road,East India Region,East Zone,Sanctioned,,,,AFLRET26000168,2026-09-10 18:30:00,No,Anita Bora,2026-09-10 18:30:00,Salaried — Government / PSU,Salaried,5,Yes
748,Sudeshna,Guha,AFL-RET-000748,Website,Ghar Ka Sapna MAR26,CMP-2026-0019,2026-03-10 09:00:00,,7809224795,6980634735,,1978-12-19,KWYPW1583D,PAN_Sudeshna_Guha.pdf,Siliguri,Darjeeling,West Bengal,734005,India,Vehicle & Consumer Loans,Used Car Loan,1500000,2026-05-09,Srabani Chatterjee,Siliguri — Sevoke Road,West Bengal Region,East Zone,Not interested,NI-07,Tenure offered not suitable,,,2026-03-12 11:36:00,No,Srabani Chatterjee,2026-03-12 11:36:00,Self-Employed Non-Professional,Self-Employed,1.3,No
749,Omkar,Amin,AFL-RET-000749,Social media,Professional Edge FEB26,CMP-2026-0018,2026-02-22 10:31:00,,6313960451,7927168423,omkar.amin@gmail.com,1974-08-07,CTKPM4851N,PAN_Omkar_Amin.pdf,Ahmedabad,Ahmedabad,Gujarat,380006,India,Loan Against Property,MLAP (Shakti),2900000,2026-04-08,Swapnil Vora,Ahmedabad — CG Road,Gujarat Region,West Zone,Disbursed,,,,AFLRET26000169,2026-03-25 10:24:00,No,Swapnil Vora,2026-03-25 10:24:00,Self-Employed Non-Professional,Self-Employed,0.3,No
750,Sangeeta,Patnaik,AFL-RET-000750,Website,Shiksha Education AUG26,CMP-2026-0034,2026-08-14 15:12:00,,9287531422,,sangeeta.patnaik@hotmail.com,1980-02-07,ZLMPY4886T,PAN_Sangeeta_Patnaik.pdf,Bhubaneswar,Khordha,Odisha,751001,India,Retail Home Loans,Home Loan Balance Transfer,5500000,2026-10-13,Rakesh Deka,Bhubaneswar — Saheed Nagar,East India Region,East Zone,Disbursed,,,,AFLRET26000170,2026-08-26 11:54:00,No,Rakesh Deka,2026-08-26 11:54:00,Salaried — Government / PSU,Salaried,1.7,No
751,Nisha,Joshi,AFL-RET-000751,Social media,Balance Transfer Bonanza JUN26,CMP-2026-0030,2026-06-01 20:23:00,665058879,7921089113,,nisha.joshi21@gmail.com,1993-04-05,UBTPX2278R,PAN_Nisha_Joshi.pdf,Pune,Pune,Maharashtra,411004,India,Gold & Secured Loans,Loan Against Securities,525000,2026-07-16,Parth Parikh,Pune — Shivajinagar,Maharashtra Region,West Zone,Disbursed,,,,AFLRET26000171,2026-07-02 11:15:00,No,Parth Parikh,2026-07-02 11:15:00,Salaried — Government / PSU,Salaried,0.2,No
752,Bala,Balaji,AFL-RET-000752,Social media,Shiksha Education JUL26,CMP-2026-0031,2026-07-17 12:05:00,,8485671794,,,1974-11-22,,,Chennai,Chennai,Tamil Nadu,600028,India,Retail Home Loans,Plot + Construction Loan,2800000,2026-08-16,Gokul Srinivasan,Chennai — Adyar,Tamil Nadu Region,South Zone,Follow-up,,,2026-09-19,,2026-07-18 10:16:00,No,Gokul Srinivasan,2026-07-18 10:16:00,Salaried — Private Sector,Salaried,0.2,No
753,Pooja,Bansal,AFL-RET-000753,Landing page,Vyapar Vriddhi FEB26,CMP-2026-0016,2026-02-12 13:58:00,471908199,6628962305,,pooja.bansal82@hotmail.com,1989-03-22,TEAPK4714T,PAN_Pooja_Bansal.pdf,New Delhi,New Delhi,Delhi,110011,India,Loan Against Property,MLAP (Shakti),1700000,2026-03-29,Nidhi Sharma,Delhi — Connaught Place,Delhi NCR Region,North Zone,Login Initiated,,,,,2026-02-13 14:28:00,No,Nidhi Sharma,2026-02-13 14:28:00,Self-Employed Professional,Self-Employed,0.5,No
754,Lakshmi,Sethuraman,AFL-RET-000754,Landing page,Swasthya Care AUG26,CMP-2026-0035,2026-08-12 09:51:00,,6402796849,,lakshmi.sethuraman@outlook.com,1984-03-15,,,Chennai,Chennai,Tamil Nadu,600090,India,Retail Personal Loans,Debt Consolidation Loan,1300000,2026-09-26,Gokul Srinivasan,Chennai — Adyar,Tamil Nadu Region,South Zone,Follow-up,,,2026-09-21,,2026-08-13 09:06:00,No,Gokul Srinivasan,2026-08-13 09:06:00,Salaried — MNC,Salaried,1.7,No
755,Ramya,Murthy,AFL-RET-000755,Landing page,Gold Utsav APR26,CMP-2026-0024,2026-04-21 20:58:00,,7204409897,,ramya.murthy@outlook.com,1993-12-24,,,Bengaluru,Bengaluru Urban,Karnataka,560037,India,Business & MSME Loans,Machinery Purchase Loan,10000000,2026-05-21,Deepa Iyengar,Bengaluru — Whitefield,Karnataka Region,South Zone,Not reachable,NR-01,Number switched off / unreachable,,,2026-04-24 15:47:00,No,Deepa Iyengar,2026-04-24 15:47:00,Business Owner,Self-Employed,1.1,No
756,Parth,Vora,AFL-RET-000756,Social media,Vyapar Vriddhi MAR26,CMP-2026-0020,2026-03-30 17:23:00,,6781911622,,parth.vora@yahoo.com,1977-08-06,,,Pune,Pune,Maharashtra,411016,India,Business & MSME Loans,Working Capital Loan,16000000,2026-04-29,Nikhil Deshmukh,Pune — Shivajinagar,Maharashtra Region,West Zone,Not interested,NI-02,Already availed loan elsewhere,,,2026-03-31 15:54:00,No,Nikhil Deshmukh,2026-03-31 15:54:00,Self-Employed Professional,Self-Employed,1.9,No
757,Chetan,Jain,AFL-RET-000757,Social media,Ghar Ka Sapna SEP26,CMP-2026-0037,2026-09-10 16:12:00,,7498667210,,chetan.jain@gmail.com,1971-03-27,PTMPF2554U,PAN_Chetan_Jain.pdf,Bengaluru,Bengaluru Urban,Karnataka,560082,India,Retail Home Loans,Disha Home Loan,575000,2026-10-25,Vinay Jain,Bengaluru — Jayanagar,Karnataka Region,South Zone,Not reachable,NR-03,No response after 3 attempts,,,2026-09-10 18:30:00,No,Vinay Jain,2026-09-10 18:30:00,Business Owner,Self-Employed,0.3,No
758,Kishore,Reddy,AFL-RET-000758,Website,Property Power JUN26,CMP-2026-0029,2026-06-26 11:31:00,,9826917297,,kishore.reddy@hotmail.com,1985-07-04,NBYPL5499R,PAN_Kishore_Reddy.pdf,Vijayawada,Krishna,Andhra Pradesh,520010,India,Loan Against Property,Loan Against Property,2900000,2026-08-25,Sirisha Chowdary,Vijayawada — MG Road,Kerala & AP Region,South Zone,Disbursed,,,,AFLRET26000172,2026-07-24 09:23:00,No,Sirisha Chowdary,2026-07-24 09:23:00,Salaried — Government / PSU,Salaried,0.6,No
759,Kalyani,Parikh,AFL-RET-000759,Website,Shiksha Education MAY26,CMP-2026-0026,2026-05-21 11:05:00,,8672032844,6469566458,kalyani.parikh48@yahoo.com,1972-11-14,,,Mumbai,Mumbai Suburban,Maharashtra,400061,India,Retail Personal Loans,Kushal Personal Loan,1900000,2026-07-05,Mihir Bhatt,Mumbai — Andheri,Maharashtra Region,West Zone,Rejected,REJ-12,GST / ITR not available,,,2026-05-23 12:20:00,No,Mihir Bhatt,2026-05-23 12:20:00,Salaried — Government / PSU,Salaried,,No
760,Kalyani,Rane,AFL-RET-000760,Landing page,Professional Edge SEP26,CMP-2026-0039,2026-09-01 12:23:00,,9191744292,,kalyani.rane@yahoo.com,1993-10-22,YCAPP9956F,PAN_Kalyani_Rane.pdf,Pune,Pune,Maharashtra,411004,India,Gold & Secured Loans,Loan Against Securities,4700000,2026-10-31,Nikhil Deshmukh,Pune — Shivajinagar,Maharashtra Region,West Zone,Not interested,NI-04,Requirement postponed,,,2026-09-05 09:00:00,No,Nikhil Deshmukh,2026-09-05 09:00:00,Self-Employed Non-Professional,Self-Employed,0.4,No
761,Aarav,Yadav,AFL-RET-000761,PQ Campaign,Vyapar Vriddhi MAR26,CMP-2026-0020,2026-03-14 10:05:00,663936088,6559468274,,aarav.yadav@gmail.com,1982-10-19,SHZPN8505K,PAN_Aarav_Yadav.pdf,New Delhi,South Delhi,Delhi,110048,India,Business & MSME Loans,Working Capital Loan,13000000,2026-04-13,Aarav Kapoor,Delhi — Saket,Delhi NCR Region,North Zone,Not interested,NI-03,Only enquiring — no current need,,,2026-03-17 11:28:00,No,Aarav Kapoor,2026-03-17 11:28:00,Business Owner,Self-Employed,2.9,Yes
762,Chirag,Bhatt,AFL-RET-000762,Website,Property Power JUN26,CMP-2026-0029,2026-06-27 10:37:00,793666866,7312007725,,chirag.bhatt7@gmail.com,1996-04-17,TQFPE3872E,PAN_Chirag_Bhatt.pdf,Ahmedabad,Ahmedabad,Gujarat,380009,India,Retail Home Loans,Plot + Construction Loan,3100000,2026-08-26,Payal Vora,Ahmedabad — CG Road,Gujarat Region,West Zone,Not interested,NI-02,Already availed loan elsewhere,,,2026-06-29 09:41:00,No,Payal Vora,2026-06-29 09:41:00,Salaried — Private Sector,Salaried,0.9,No
763,Vinod,Pillai,AFL-RET-000763,PQ Campaign,Ghar Ka Sapna MAR26,CMP-2026-0019,2026-03-16 17:18:00,924250667,6424924823,,vinod.pillai@gmail.com,1978-09-05,LZBPC1983D,PAN_Vinod_Pillai.pdf,Kochi,Ernakulam,Kerala,682024,India,Retail Home Loans,Plot + Construction Loan,1100000,2026-04-15,Anjana Menon,Kochi — Kaloor,Kerala & AP Region,South Zone,Rejected,REJ-07,Existing obligations too high (FOIR),,,2026-03-24 11:23:00,No,Anjana Menon,2026-03-24 11:23:00,Homemaker,Self-Employed,,No
764,Tanvi,Vora,AFL-RET-000764,Website,Vyapar Vriddhi JAN26,CMP-2026-0013,2026-01-14 16:51:00,,6439518338,,tanvi.vora@rediffmail.com,2002-01-05,,,Nagpur,Nagpur,Maharashtra,440001,India,Business & MSME Loans,Working Capital Loan,1500000,2026-03-15,Hardik Patel,Nagpur — Dharampeth,Maharashtra Region,West Zone,Not interested,NI-03,Only enquiring — no current need,,,2026-01-15 09:41:00,No,Hardik Patel,2026-01-15 09:41:00,Self-Employed Professional,Self-Employed,0.4,No
765,Kavita,Khanna,AFL-RET-000765,Website,Balance Transfer Bonanza JUN26,CMP-2026-0030,2026-06-20 20:18:00,780700187,6642036473,7428334469,kavita.khanna@yahoo.com,1995-08-01,DWGPW3350K,PAN_Kavita_Khanna.pdf,Jodhpur,Jodhpur,Rajasthan,342005,India,Vehicle & Consumer Loans,Two-Wheeler Loan,65000,2026-08-19,Rohit Sharma,Jodhpur — Sardarpura,North India Region,North Zone,Sanctioned,,,,AFLRET26000173,2026-06-30 17:20:00,No,Rohit Sharma,2026-06-30 17:20:00,Business Owner,Self-Employed,0.5,No
766,Trupti,Shinde,AFL-RET-000766,Website,Vyapar Vriddhi MAR26,CMP-2026-0020,2026-03-18 09:05:00,,8301807310,,trupti.shinde97@gmail.com,1973-03-08,VSXPF3052N,PAN_Trupti_Shinde.pdf,Mumbai,Mumbai Suburban,Maharashtra,400097,India,Business & MSME Loans,MSME Growth Loan,725000,2026-04-17,Bhavesh Modi,Mumbai — Powai,Maharashtra Region,West Zone,Follow-up,,,2026-09-17,,2026-03-20 09:39:00,No,Bhavesh Modi,2026-03-20 09:39:00,Self-Employed Professional,Self-Employed,3.9,Yes
767,Piyali,Chakraborty,AFL-RET-000767,Social media,Professional Edge MAR26,CMP-2026-0021,2026-03-06 10:31:00,,9531791562,,,1977-05-24,,,Siliguri,Darjeeling,West Bengal,734006,India,Gold & Secured Loans,Gold Loan,475000,2026-04-05,Srabani Chatterjee,Siliguri — Sevoke Road,West Bengal Region,East Zone,Not interested,NI-05,Processing fee not acceptable,,,2026-03-09 10:41:00,No,Srabani Chatterjee,2026-03-09 10:41:00,Salaried — Private Sector,Salaried,1.9,No
768,Rekha,Das,AFL-RET-000768,Landing page,Ghar Ka Sapna SEP26,CMP-2026-0037,2026-09-05 12:05:00,,8903684978,,rekha.das63@outlook.com,2003-01-11,KCWPR4929L,PAN_Rekha_Das.pdf,Ranchi,Ranchi,Jharkhand,834001,India,Retail Home Loans,Home Purchase Loan,6500000,2026-10-20,Anita Bora,Ranchi — Main Road,East India Region,East Zone,Not reachable,NR-03,No response after 3 attempts,,,2026-09-07 15:23:00,No,Anita Bora,2026-09-07 15:23:00,Salaried — Government / PSU,Salaried,0.2,No
769,Suhas,Hegde,AFL-RET-000769,Landing page,Ghar Ka Sapna MAR26,CMP-2026-0019,2026-03-16 18:58:00,653367732,9607809251,9759161785,suhas.hegde@gmail.com,1984-01-25,,,Bengaluru,Bengaluru Urban,Karnataka,560095,India,Loan Against Property,Lease Rental Discounting,7500000,2026-04-15,Manoj Nair,Bengaluru — Koramangala,Karnataka Region,South Zone,Not interested,NI-04,Requirement postponed,,,2026-03-19 11:24:00,No,Manoj Nair,2026-03-19 11:24:00,Self-Employed Non-Professional,Self-Employed,0.3,No
770,Sruthi,Unnikrishnan,AFL-RET-000770,PQ Campaign,Vyapar Vriddhi FEB26,CMP-2026-0016,2026-02-15 16:58:00,795371680,6928148106,,sruthi.unnikrishnan@hotmail.com,1986-11-03,,,Kochi,Ernakulam,Kerala,682036,India,Business & MSME Loans,Vyapar Business Loan,650000,2026-04-16,Anjana Menon,Kochi — Kaloor,Kerala & AP Region,South Zone,Rejected,REJ-06,Documentation — unable to provide,,,2026-02-24 11:13:00,No,Anjana Menon,2026-02-24 11:13:00,Homemaker,Self-Employed,,No
771,Priya,Grover,AFL-RET-000771,Landing page,Gold Utsav NOV25,CMP-2025-0009,2025-11-30 11:05:00,,7111670852,,priya.grover@yahoo.com,1993-03-01,CAZPT3465C,PAN_Priya_Grover.pdf,Kanpur,Kanpur Nagar,Uttar Pradesh,208005,India,Gold & Secured Loans,Gold Loan,575000,2026-01-14,Nitin Bansal,Kanpur — Civil Lines,North India Region,North Zone,Not reachable,NR-03,No response after 3 attempts,,,2025-12-03 11:29:00,No,Nitin Bansal,2025-12-03 11:29:00,Self-Employed Professional,Self-Employed,0.4,No
772,Neha,Dua,AFL-RET-000772,Landing page,Balance Transfer Bonanza JUN26,CMP-2026-0030,2026-06-10 18:12:00,,7300789843,,neha.dua@gmail.com,1974-02-22,,,Ludhiana,Ludhiana,Punjab,141010,India,Retail Personal Loans,Debt Consolidation Loan,400000,2026-07-10,Swati Saxena,Ludhiana — Mall Road,North India Region,North Zone,Not interested,NI-06,Family / spouse declined,,,2026-06-12 11:53:00,No,Swati Saxena,2026-06-12 11:53:00,Salaried — Private Sector,Salaried,6.4,Yes
773,Kalyani,Thakkar,AFL-RET-000773,Website,Professional Edge AUG26,CMP-2026-0036,2026-08-06 09:18:00,528003533,7653297501,9807336702,kalyani.thakkar56@gmail.com,1982-05-12,,,Surat,Surat,Gujarat,395017,India,Loan Against Property,Loan Against Property,5500000,2026-09-20,Omkar Shah,Surat — Adajan,Gujarat Region,West Zone,Rejected,REJ-10,Technical valuation below expectation,,,2026-08-11 09:05:00,No,Omkar Shah,2026-08-11 09:05:00,Business Owner,Self-Employed,,No
774,Arun,Sethuraman,AFL-RET-000774,Website,Vyapar Vriddhi FEB26,CMP-2026-0016,2026-02-01 09:05:00,396945478,6116017124,,arun.sethuraman27@gmail.com,1996-04-25,,,Chennai,Chennai,Tamil Nadu,600018,India,Business & MSME Loans,Working Capital Loan,8500000,2026-03-03,Hariharan Krishnan,Chennai — T Nagar,Tamil Nadu Region,South Zone,Not interested,NI-02,Already availed loan elsewhere,,,2026-02-05 17:59:00,No,Hariharan Krishnan,2026-02-05 17:59:00,Business Owner,Self-Employed,8.9,Yes
775,Madhumita,Roy,AFL-RET-000775,PQ Campaign,Diwali Dhamaka NOV25,CMP-2025-0006,2025-11-01 15:58:00,479164936,8994706023,,madhumita.roy85@gmail.com,1980-10-23,,,Kolkata,Kolkata,West Bengal,700091,India,Retail Personal Loans,Diwali Special Loan,110000,2025-12-16,Paromita Majumdar,Kolkata — Salt Lake,West Bengal Region,East Zone,Not interested,NI-01,Rate of interest too high,,,2025-11-03 13:41:00,No,Paromita Majumdar,2025-11-03 13:41:00,Self-Employed Non-Professional,Self-Employed,3.1,Yes
776,Ashwin,Chandrasekar,AFL-RET-000776,Website,Shiksha Education MAY26,CMP-2026-0026,2026-05-09 18:58:00,,7954974303,,ashwin.chandrasekar@hotmail.com,1979-05-10,,,Chennai,Chennai,Tamil Nadu,600096,India,Retail Home Loans,Home Loan Balance Transfer,2800000,2026-06-08,Gokul Srinivasan,Chennai — Adyar,Tamil Nadu Region,South Zone,Rejected,REJ-11,Business vintage below minimum,,,2026-05-18 09:05:00,No,Gokul Srinivasan,2026-05-18 09:05:00,Business Owner,Self-Employed,,No
777,Ramya,Setty,AFL-RET-000777,Website,Grah Sajawat OCT25,CMP-2025-0005,2025-10-15 17:31:00,,6377186517,,,2003-10-25,WEWPN4547Z,PAN_Ramya_Setty.pdf,Bengaluru,Bengaluru Urban,Karnataka,560067,India,Retail Personal Loans,Education Loan,1200000,2025-12-14,Deepa Iyengar,Bengaluru — Whitefield,Karnataka Region,South Zone,Follow-up,,,2026-09-07,,2025-10-16 17:49:00,No,Deepa Iyengar,2025-10-16 17:49:00,Salaried — MNC,Salaried,0.2,No
778,Pranav,Shah,AFL-RET-000778,Landing page,Balance Transfer Bonanza JUL26,CMP-2026-0033,2026-07-20 15:05:00,,7282863990,,pranav.shah53@yahoo.com,2003-07-05,LZUPT8700A,PAN_Pranav_Shah.pdf,Mumbai,Mumbai,Maharashtra,400023,India,Vehicle & Consumer Loans,Consumer Durable Loan,170000,2026-09-18,Rutuja Pawar,Mumbai — Fort,Maharashtra Region,West Zone,Not interested,NI-01,Rate of interest too high,,,2026-07-24 16:29:00,No,Rutuja Pawar,2026-07-24 16:29:00,Salaried — Private Sector,Salaried,0.4,No
779,Rakesh,Das,AFL-RET-000779,Landing page,Shubh Vivah JAN26,CMP-2026-0012,2026-01-16 13:00:00,,8594583213,,rakesh.das65@hotmail.com,1995-02-27,,,Cuttack,Cuttack,Odisha,753012,India,Retail Personal Loans,Marriage Loan,1000000,2026-02-15,Prakash Saikia,Cuttack — Buxi Bazaar,East India Region,East Zone,Not interested,NI-06,Family / spouse declined,,,2026-01-17 11:26:00,No,Prakash Saikia,2026-01-17 11:26:00,Business Owner,Self-Employed,0.2,No
780,Piyali,Guha,AFL-RET-000780,Landing page,Gold Utsav APR26,CMP-2026-0024,2026-04-11 10:58:00,,6290350318,,piyali.guha@hotmail.com,1984-04-06,QLEPQ7227L,PAN_Piyali_Guha.pdf,Kolkata,Kolkata,West Bengal,700020,India,Retail Personal Loans,Debt Consolidation Loan,1500000,2026-06-10,Rajib Chatterjee,Kolkata — Park Street,West Bengal Region,East Zone,Sanctioned,,,,AFLRET26000174,2026-04-24 16:01:00,No,Rajib Chatterjee,2026-04-24 16:01:00,Salaried — MNC,Salaried,0.2,No
781,Tanmoy,Chatterjee,AFL-RET-000781,Landing page,Shiksha Education JUL26,CMP-2026-0031,2026-07-14 17:44:00,969662097,9731205256,,,1978-09-17,,,Kolkata,Kolkata,West Bengal,700091,India,Retail Personal Loans,Education Loan,1000000,2026-09-12,Paromita Majumdar,Kolkata — Salt Lake,West Bengal Region,East Zone,Not interested,NI-05,Processing fee not acceptable,,,2026-07-15 10:19:00,No,Paromita Majumdar,2026-07-15 10:19:00,Self-Employed Professional,Self-Employed,0.2,No
782,Bhaskar,Sarma,AFL-RET-000782,Social media,Balance Transfer Bonanza JUL26,CMP-2026-0033,2026-07-25 15:12:00,,8441125535,7108467724,bhaskar.sarma@yahoo.com,1964-07-01,ZFQPT6930J,PAN_Bhaskar_Sarma.pdf,Visakhapatnam,Visakhapatnam,Andhra Pradesh,530003,India,Gold & Secured Loans,Loan Against Securities,3700000,2026-09-23,Chandra Naidu,Vizag — Dwaraka Nagar,Kerala & AP Region,South Zone,Disbursed,,,,AFLRET26000175,2026-08-05 14:36:00,No,Chandra Naidu,2026-08-05 14:36:00,Retired / Pensioner,Salaried,0.2,No
783,Vignesh,Krishnan,AFL-RET-000783,PQ Campaign,Professional Edge AUG26,CMP-2026-0036,2026-08-27 13:37:00,730379993,6760402758,,vignesh.krishnan@gmail.com,2001-08-16,,,Chennai,Chennai,Tamil Nadu,600018,India,Retail Home Loans,Home Loan Balance Transfer,18000000,2026-10-26,Saravanan Rajan,Chennai — T Nagar,Tamil Nadu Region,South Zone,Not interested,NI-05,Processing fee not acceptable,,,2026-08-31 09:13:00,No,Saravanan Rajan,2026-08-31 09:13:00,Self-Employed Non-Professional,Self-Employed,1.6,No
784,Arindam,Majumdar,AFL-RET-000784,Landing page,Vyapar Vriddhi FEB26,CMP-2026-0016,2026-02-22 11:44:00,841198006,7410837202,8610051795,arindam.majumdar@yahoo.com,1995-10-08,,,Kolkata,Kolkata,West Bengal,700016,India,Business & MSME Loans,Vyapar Business Loan,1400000,2026-04-08,Rajib Chatterjee,Kolkata — Park Street,West Bengal Region,East Zone,Not interested,NI-03,Only enquiring — no current need,,,2026-02-24 17:54:00,No,Rajib Chatterjee,2026-02-24 17:54:00,Self-Employed Non-Professional,Self-Employed,9.8,Yes
785,Shashank,Acharya,AFL-RET-000785,Landing page,Shiksha Education JUL26,CMP-2026-0031,2026-07-08 11:18:00,,6284404173,,shashank.acharya@gmail.com,1988-11-20,UGYPP4794B,PAN_Shashank_Acharya.pdf,Bengaluru,Bengaluru Urban,Karnataka,560048,India,Retail Personal Loans,Education Loan,1900000,2026-09-06,Deepa Iyengar,Bengaluru — Whitefield,Karnataka Region,South Zone,Rejected,REJ-07,Existing obligations too high (FOIR),,,2026-07-15 10:57:00,No,Deepa Iyengar,2026-07-15 10:57:00,Self-Employed Professional,Self-Employed,,No
786,Lavanya,Gupta,AFL-RET-000786,Landing page,Gold Utsav APR26,CMP-2026-0024,2026-04-29 11:51:00,646870899,9117446342,,lavanya.gupta@yahoo.com,1999-10-28,,,Hyderabad,Hyderabad,Telangana,500082,India,Vehicle & Consumer Loans,Used Car Loan,375000,2026-05-29,Rajitha Reddy,Hyderabad — Banjara Hills,Telangana Region,South Zone,Not interested,NI-01,Rate of interest too high,,,2026-05-01 12:09:00,No,Rajitha Reddy,2026-05-01 12:09:00,Salaried — MNC,Salaried,0.2,No
787,Paromita,Mitra,AFL-RET-000787,Landing page,Vyapar Vriddhi FEB26,CMP-2026-0016,2026-02-25 19:44:00,525620832,6129883638,7968155606,paromita.mitra89@gmail.com,1976-05-15,,,Kolkata,Kolkata,West Bengal,700091,India,Loan Against Property,Lease Rental Discounting,53000000,2026-03-27,Paromita Majumdar,Kolkata — Salt Lake,West Bengal Region,East Zone,Rejected,REJ-12,GST / ITR not available,,,2026-03-09 11:05:00,No,Paromita Majumdar,2026-03-09 11:05:00,Business Owner,Self-Employed,,No
788,Chetan,Kamath,AFL-RET-000788,Landing page,Shiksha Education MAY26,CMP-2026-0026,2026-05-09 20:00:00,125972199,6573616350,,chetan.kamath@rediffmail.com,1989-02-10,NJAPQ4612K,PAN_Chetan_Kamath.pdf,Bengaluru,Bengaluru Urban,Karnataka,560011,India,Retail Personal Loans,Marriage Loan,525000,2026-06-23,Nandini Rao,Bengaluru — Jayanagar,Karnataka Region,South Zone,Rejected,REJ-06,Documentation — unable to provide,,,2026-05-13 10:10:00,No,Nandini Rao,2026-05-13 10:10:00,Salaried — Private Sector,Salaried,,No
789,Paromita,Bhattacharya,AFL-RET-000789,Social media,Professional Edge AUG26,CMP-2026-0036,2026-08-08 19:23:00,,7963341403,,paromita.bhattacharya92@gmail.com,1986-07-28,,,Kolkata,Kolkata,West Bengal,700064,India,Loan Against Property,MLAP (Shakti),1800000,2026-09-22,Paromita Majumdar,Kolkata — Salt Lake,West Bengal Region,East Zone,Rejected,REJ-03,Policy restriction,,,2026-08-14 12:38:00,No,Paromita Majumdar,2026-08-14 12:38:00,Self-Employed Professional,Self-Employed,,No
790,Shreya,Shah,AFL-RET-000790,Social media,Professional Edge SEP26,CMP-2026-0039,2026-09-01 19:44:00,,6314033229,,shreya.shah@rediffmail.com,1998-03-10,QKYPC3460H,PAN_Shreya_Shah.pdf,Rajkot,Rajkot,Gujarat,360007,India,Business & MSME Loans,MSME Growth Loan,3100000,2026-10-31,Siddharth Trivedi,Rajkot — Kalawad Road,Gujarat Region,West Zone,Login Initiated,,,,,2026-09-08 15:08:00,No,Siddharth Trivedi,2026-09-08 15:08:00,Self-Employed Non-Professional,Self-Employed,0.3,No
791,Omkar,Doshi,AFL-RET-000791,Landing page,Ghar Ka Sapna NOV25,CMP-2025-0008,2025-11-09 12:05:00,,7299633197,,omkar.doshi96@rediffmail.com,1987-07-14,QPEPH2099A,PAN_Omkar_Doshi.pdf,Mumbai,Mumbai Suburban,Maharashtra,400061,India,Retail Home Loans,Home Purchase Loan,5000000,2026-01-08,Mihir Bhatt,Mumbai — Andheri,Maharashtra Region,West Zone,Not reachable,NR-03,No response after 3 attempts,,,2025-11-12 10:20:00,No,Mihir Bhatt,2025-11-12 10:20:00,Salaried — Private Sector,Salaried,0.2,No
792,Abirami,Chandrasekar,AFL-RET-000792,Landing page,Shiksha Education JUN26,CMP-2026-0028,2026-06-17 09:23:00,880133398,8683245488,,abirami.chandrasekar7@hotmail.com,1988-10-28,FEKPE3897T,PAN_Abirami_Chandrasekar.pdf,Coimbatore,Coimbatore,Tamil Nadu,641037,India,Retail Home Loans,Disha Home Loan,1400000,2026-08-01,Muthu Krishnan,Coimbatore — RS Puram,Tamil Nadu Region,South Zone,Rejected,REJ-13,Others,,,2026-06-28 12:38:00,No,Muthu Krishnan,2026-06-28 12:38:00,Salaried — Private Sector,Salaried,,No
793,Shreya,Mehta,AFL-RET-000793,Website,Ghar Ka Sapna MAR26,CMP-2026-0019,2026-03-10 13:12:00,,8671813922,,shreya.mehta@rediffmail.com,1984-03-18,HJMPY5021C,PAN_Shreya_Mehta.pdf,Ahmedabad,Ahmedabad,Gujarat,380009,India,Retail Home Loans,Disha Home Loan,550000,2026-04-09,Swapnil Vora,Ahmedabad — CG Road,Gujarat Region,West Zone,Not reachable,NR-02,Invalid / wrong number,,,2026-03-13 10:06:00,No,Swapnil Vora,2026-03-13 10:06:00,Salaried — Private Sector,Salaried,0.9,No
794,Kunal,Shinde,AFL-RET-000794,Social media,Vyapar Vriddhi JAN26,CMP-2026-0013,2026-01-01 12:37:00,532598638,9455563682,7988708199,kunal.shinde@outlook.com,1991-02-03,NPRPC5616M,PAN_Kunal_Shinde.pdf,Mumbai,Mumbai Suburban,Maharashtra,400051,India,Business & MSME Loans,Vyapar Business Loan,925000,2026-01-31,Shreya Desai,Mumbai — Bandra,Maharashtra Region,West Zone,Disbursed,,,,AFLRET26000176,2026-01-30 09:15:00,No,Shreya Desai,2026-01-30 09:15:00,Self-Employed Non-Professional,Self-Employed,0.2,No
795,Sirisha,Prasad,AFL-RET-000795,Website,Shubh Vivah DEC25,CMP-2025-0011,2025-12-15 09:18:00,,9740009933,,sirisha.prasad59@yahoo.com,1971-11-04,,,Hyderabad,Rangareddy,Telangana,500019,India,Retail Personal Loans,Debt Consolidation Loan,350000,2026-01-29,Mahesh Varma,Hyderabad — Gachibowli,Telangana Region,South Zone,Duplicate,DUP-02,Same LAN already sourced,,,2025-12-15 10:33:00,Yes,Mahesh Varma,2025-12-15 10:33:00,Salaried — Government / PSU,Salaried,,No
796,Bhavesh,Patel,AFL-RET-000796,Social media,Shiksha Education MAY26,CMP-2026-0026,2026-05-28 13:00:00,,8716810418,,bhavesh.patel45@gmail.com,1982-09-24,UPDPC2882X,PAN_Bhavesh_Patel.pdf,Vadodara,Vadodara,Gujarat,390001,India,Business & MSME Loans,Working Capital Loan,7000000,2026-07-12,Chirag Vora,Vadodara — Alkapuri,Gujarat Region,West Zone,Not interested,NI-06,Family / spouse declined,,,2026-05-31 11:02:00,No,Chirag Vora,2026-05-31 11:02:00,Agriculturist,Self-Employed,1.1,No
797,Neha,Aggarwal,AFL-RET-000797,Social media,Shubh Vivah DEC25,CMP-2025-0011,2025-12-24 13:00:00,871744072,6890501805,8581935496,neha.aggarwal@rediffmail.com,2000-12-14,,,New Delhi,South Delhi,Delhi,110017,India,Loan Against Property,Lease Rental Discounting,56000000,2026-02-22,Aarav Kapoor,Delhi — Saket,Delhi NCR Region,North Zone,Rejected,REJ-01,Credit / bureau issue (CIBIL below cut-off),,,2026-01-01 09:29:00,No,Aarav Kapoor,2026-01-01 09:29:00,Self-Employed Professional,Self-Employed,,No
798,Sohini,Sen,AFL-RET-000798,Landing page,Shiksha Education JUL26,CMP-2026-0031,2026-07-17 09:23:00,,9550503194,,sohini.sen@hotmail.com,1975-12-22,ATUPP5175Y,PAN_Sohini_Sen.pdf,Kolkata,Kolkata,West Bengal,700102,India,Professional Loans,CA / Professional Loan,525000,2026-09-15,Tanmoy Chakraborty,Kolkata — Salt Lake,West Bengal Region,East Zone,Login Initiated,,,,,2026-07-24 10:47:00,No,Tanmoy Chakraborty,2026-07-24 10:47:00,Business Owner,Self-Employed,0.2,No
799,Rushabh,Chavan,AFL-RET-000799,Social media,Balance Transfer Bonanza JUL26,CMP-2026-0033,2026-07-17 15:00:00,862751787,9812736047,6145883321,rushabh.chavan60@gmail.com,1975-11-17,JDNPK4922S,PAN_Rushabh_Chavan.pdf,Rajkot,Rajkot,Gujarat,360005,India,Retail Home Loans,Disha Home Loan,3300000,2026-09-15,Siddharth Trivedi,Rajkot — Kalawad Road,Gujarat Region,West Zone,Login Initiated,,,,,2026-07-20 10:10:00,No,Siddharth Trivedi,2026-07-20 10:10:00,Homemaker,Self-Employed,0.2,No
800,Aruna,Reddy,AFL-RET-000800,Social media,Shiksha Education AUG26,CMP-2026-0034,2026-08-26 20:18:00,,7856071470,,aruna.reddy48@yahoo.com,1984-02-14,YBHPP3664N,PAN_Aruna_Reddy.pdf,Visakhapatnam,Visakhapatnam,Andhra Pradesh,530013,India,Retail Personal Loans,Education Loan,325000,2026-09-25,Chandra Naidu,Vizag — Dwaraka Nagar,Kerala & AP Region,South Zone,Rejected,REJ-02,Income below minimum,,,2026-09-07 11:17:00,No,Chandra Naidu,2026-09-07 11:17:00,Business Owner,Self-Employed,,No
801,Madhumita,Sarkar,AFL-RET-000801,Landing page,Shubh Vivah JAN26,CMP-2026-0012,2026-01-19 11:44:00,,6449571979,9900722296,madhumita.sarkar@yahoo.com,1991-04-06,TBMPZ6695D,PAN_Madhumita_Sarkar.pdf,Kolkata,Kolkata,West Bengal,700105,India,Retail Personal Loans,Marriage Loan,225000,2026-02-18,Paromita Majumdar,Kolkata — Salt Lake,West Bengal Region,East Zone,Login Initiated,,,,,2026-01-24 09:14:00,No,Paromita Majumdar,2026-01-24 09:14:00,Salaried — Government / PSU,Salaried,0.5,No
802,Kiran,Reddy,AFL-RET-000802,Website,Shiksha Education JUL26,CMP-2026-0031,2026-07-05 18:18:00,,7787683668,,kiran.reddy@rediffmail.com,1991-04-22,DCVPT4021K,PAN_Kiran_Reddy.pdf,Bengaluru,Bengaluru Urban,Karnataka,560070,India,Loan Against Property,MLAP (Shakti),725000,2026-08-19,Nandini Rao,Bengaluru — Jayanagar,Karnataka Region,South Zone,Disbursed,,,,AFLRET26000177,2026-07-30 11:36:00,No,Nandini Rao,2026-07-30 11:36:00,Business Owner,Self-Employed,0.8,No
803,Vaishnavi,Chavan,AFL-RET-000803,Landing page,Professional Edge MAR26,CMP-2026-0021,2026-03-11 17:44:00,,6492910892,,vaishnavi.chavan@hotmail.com,1975-07-22,,,Pune,Pune,Maharashtra,411005,India,Vehicle & Consumer Loans,Used Car Loan,550000,2026-04-10,Parth Parikh,Pune — Shivajinagar,Maharashtra Region,West Zone,Not interested,NI-05,Processing fee not acceptable,,,2026-03-17 09:55:00,No,Parth Parikh,2026-03-17 09:55:00,Salaried — MNC,Salaried,1.4,No
804,Prasad,Varma,AFL-RET-000804,Social media,Shiksha Education AUG26,CMP-2026-0034,2026-08-21 15:12:00,,7205386424,8229604714,prasad.varma@yahoo.com,1985-04-13,,,Hyderabad,Rangareddy,Telangana,500049,India,Retail Home Loans,Plot + Construction Loan,3700000,2026-10-05,Swapna Gupta,Hyderabad — Gachibowli,Telangana Region,South Zone,Follow-up,,,2026-09-09,,2026-08-24 09:42:00,No,Swapna Gupta,2026-08-24 09:42:00,Business Owner,Self-Employed,2.5,Yes
805,Dinesh,Chandrasekar,AFL-RET-000805,Landing page,Vyapar Vriddhi MAR26,CMP-2026-0020,2026-03-23 14:23:00,,9310555937,7200232086,dinesh.chandrasekar92@gmail.com,2002-02-04,,,Chennai,Chennai,Tamil Nadu,600028,India,Loan Against Property,MLAP (Shakti),4600000,2026-04-22,Suresh Raman,Chennai — Adyar,Tamil Nadu Region,South Zone,Not interested,NI-07,Tenure offered not suitable,,,2026-03-27 10:50:00,No,Suresh Raman,2026-03-27 10:50:00,Self-Employed Non-Professional,Self-Employed,7.5,Yes
806,Sandip,Chatterjee,AFL-RET-000806,Website,Swasthya Care AUG26,CMP-2026-0035,2026-08-23 13:12:00,692099706,6186521374,,sandip.chatterjee@hotmail.com,1992-04-05,KAHPB6862L,PAN_Sandip_Chatterjee.pdf,Kolkata,Kolkata,West Bengal,700071,India,Retail Personal Loans,Medical Emergency Loan,100000,2026-10-22,Rajib Chatterjee,Kolkata — Park Street,West Bengal Region,East Zone,Login Initiated,,,,,2026-08-27 11:32:00,No,Rajib Chatterjee,2026-08-27 11:32:00,Salaried — Government / PSU,Salaried,1.2,No
807,Ranjan,Bora,AFL-RET-000807,PQ Campaign,Ghar Ka Sapna NOV25,CMP-2025-0008,2025-11-21 19:37:00,755204080,8483492281,8381637006,,1999-03-18,VEYPB5812L,PAN_Ranjan_Bora.pdf,Cuttack,Cuttack,Odisha,753014,India,Loan Against Property,Lease Rental Discounting,21500000,2026-01-20,Prakash Saikia,Cuttack — Buxi Bazaar,East India Region,East Zone,Disbursed,,,,AFLRET25000178,2025-12-20 10:17:00,No,Prakash Saikia,2025-12-20 10:17:00,Self-Employed Non-Professional,Self-Employed,5.7,Yes
808,Ranjan,Saikia,AFL-RET-000808,Website,Vyapar Vriddhi MAR26,CMP-2026-0020,2026-03-05 18:00:00,,6414819977,,,1986-08-02,JYBPM8633Y,PAN_Ranjan_Saikia.pdf,Bhubaneswar,Khordha,Odisha,751024,India,Loan Against Property,MLAP (Shakti),925000,2026-04-19,Rakesh Deka,Bhubaneswar — Saheed Nagar,East India Region,East Zone,Disbursed,,,,AFLRET26000179,2026-03-25 17:40:00,No,Rakesh Deka,2026-03-25 17:40:00,Business Owner,Self-Employed,0.4,No
809,Nilesh,Patil,AFL-RET-000809,Landing page,Safar Travel OCT25,CMP-2025-0004,2025-10-28 19:51:00,,9847459567,,nilesh.patil@yahoo.com,1974-04-09,,,Ahmedabad,Ahmedabad,Gujarat,380001,India,Retail Personal Loans,Travel Loan,575000,2025-12-27,Swapnil Vora,Ahmedabad — CG Road,Gujarat Region,West Zone,Rejected,REJ-09,Property title not clear,,,2025-10-31 10:17:00,No,Swapnil Vora,2025-10-31 10:17:00,Salaried — MNC,Salaried,,No
810,Rohit,Saxena,AFL-RET-000810,Landing page,Safar Travel APR26,CMP-2026-0025,2026-04-08 16:37:00,,8533895083,,rohit.saxena@hotmail.com,1985-03-25,,,New Delhi,South Delhi,Delhi,110065,India,Vehicle & Consumer Loans,Used Car Loan,425000,2026-06-07,Rajat Chopra,Delhi — Saket,Delhi NCR Region,North Zone,Not interested,NI-02,Already availed loan elsewhere,,,2026-04-11 11:24:00,No,Rajat Chopra,2026-04-11 11:24:00,Salaried — Government / PSU,Salaried,3.4,Yes
811,Girish,Bhat,AFL-RET-000811,Landing page,Shiksha Education MAY26,CMP-2026-0026,2026-05-16 20:12:00,774041136,8365371474,,girish.bhat@hotmail.com,1997-12-15,DZQPW8961A,PAN_Girish_Bhat.pdf,Bengaluru,Bengaluru Urban,Karnataka,560071,India,Gold & Secured Loans,Loan Against Securities,8000000,2026-06-15,Manoj Nair,Bengaluru — Koramangala,Karnataka Region,South Zone,Disbursed,,,,AFLRET26000180,2026-06-14 14:37:00,No,Manoj Nair,2026-06-14 14:37:00,Self-Employed Professional,Self-Employed,0.2,No
812,Siddharth,Wagh,AFL-RET-000812,Social media,Shiksha Education JUL26,CMP-2026-0031,2026-07-22 15:23:00,764808449,9744984734,8362414787,siddharth.wagh93@gmail.com,1988-06-19,,,Mumbai,Mumbai Suburban,Maharashtra,400076,India,Retail Home Loans,Plot + Construction Loan,4000000,2026-08-21,Bhavesh Modi,Mumbai — Powai,Maharashtra Region,West Zone,Not interested,NI-01,Rate of interest too high,,,2026-07-26 10:05:00,No,Bhavesh Modi,2026-07-26 10:05:00,Salaried — MNC,Salaried,1.2,No
813,Sirisha,Naidu,AFL-RET-000813,Landing page,Shiksha Education AUG26,CMP-2026-0034,2026-08-04 11:23:00,,9961894764,,,1996-07-23,YNUPD5252K,PAN_Sirisha_Naidu.pdf,Visakhapatnam,Visakhapatnam,Andhra Pradesh,530016,India,Gold & Secured Loans,Gold Loan,700000,2026-09-03,Chandra Naidu,Vizag — Dwaraka Nagar,Kerala & AP Region,South Zone,Sanctioned,,,,AFLRET26000181,2026-08-19 12:41:00,No,Chandra Naidu,2026-08-19 12:41:00,Business Owner,Self-Employed,0.2,No
814,Bhavesh,Parikh,AFL-RET-000814,PQ Campaign,Shiksha Education AUG26,CMP-2026-0034,2026-08-02 19:58:00,915571091,8164183150,,bhavesh.parikh@gmail.com,1993-06-23,ZEEPD5242W,PAN_Bhavesh_Parikh.pdf,Mumbai,Mumbai Suburban,Maharashtra,400053,India,Loan Against Property,Lease Rental Discounting,33500000,2026-09-16,Shreya Desai,Mumbai — Bandra,Maharashtra Region,West Zone,Disbursed,,,,AFLRET26000182,2026-08-12 16:58:00,No,Shreya Desai,2026-08-12 16:58:00,Self-Employed Non-Professional,Self-Employed,0.4,No
815,Bhavesh,Bhatt,AFL-RET-000815,Website,Ghar Ka Sapna OCT25,CMP-2025-0002,2025-10-17 16:05:00,,8805456744,,bhavesh.bhatt@gmail.com,1974-11-19,SLPPD2142A,PAN_Bhavesh_Bhatt.pdf,Mumbai,Mumbai Suburban,Maharashtra,400061,India,Retail Home Loans,Disha Home Loan,7500000,2025-12-16,Mihir Bhatt,Mumbai — Andheri,Maharashtra Region,West Zone,Not interested,NI-01,Rate of interest too high,,,2025-10-19 16:23:00,No,Mihir Bhatt,2025-10-19 16:23:00,Salaried — Private Sector,Salaried,0.2,No
816,Rashmi,Shetty,AFL-RET-000816,PQ Campaign,Shubh Vivah FEB26,CMP-2026-0015,2026-02-05 19:37:00,311972939,9665325082,,rashmi.shetty@gmail.com,2003-06-14,,,Bengaluru,Bengaluru Urban,Karnataka,560047,India,Retail Personal Loans,Kushal Personal Loan,500000,2026-03-07,Vinay Nair,Bengaluru — Koramangala,Karnataka Region,South Zone,Rejected,REJ-09,Property title not clear,,,2026-02-08 09:52:00,No,Vinay Nair,2026-02-08 09:52:00,Salaried — MNC,Salaried,,No
817,Mrunal,Vora,AFL-RET-000817,PQ Campaign,Vyapar Vriddhi MAR26,CMP-2026-0020,2026-03-23 10:37:00,406210106,7234816673,6247558596,mrunal.vora@outlook.com,1989-04-18,SQNPP2424F,PAN_Mrunal_Vora.pdf,Ahmedabad,Ahmedabad,Gujarat,380015,India,Business & MSME Loans,Vyapar Business Loan,1100000,2026-05-22,Swapnil Vora,Ahmedabad — CG Road,Gujarat Region,West Zone,Disbursed,,,,AFLRET26000183,2026-04-10 11:50:00,No,Swapnil Vora,2026-04-10 11:50:00,Business Owner,Self-Employed,0.2,No
818,Janani,Ravichandran,AFL-RET-000818,PQ Campaign,Shubh Vivah DEC25,CMP-2025-0011,2025-12-05 12:31:00,225103934,7191111459,,janani.ravichandran@gmail.com,1996-11-21,,,Madurai,Madurai,Tamil Nadu,625014,India,Retail Personal Loans,Medical Emergency Loan,115000,2026-01-04,Kavya Krishnan,Madurai — Anna Nagar,Tamil Nadu Region,South Zone,Not interested,NI-07,Tenure offered not suitable,,,2025-12-11 09:48:00,No,Kavya Krishnan,2025-12-11 09:48:00,Salaried — Private Sector,Salaried,9,Yes
819,Rahul,Yadav,AFL-RET-000819,PQ Campaign,Grah Sajawat OCT25,CMP-2025-0005,2025-10-16 14:37:00,995878657,6549050105,,rahul.yadav@gmail.com,1993-10-21,,,New Delhi,West Delhi,Delhi,110027,India,Retail Personal Loans,Home Renovation Loan,300000,2025-11-15,Nitin Mishra,Delhi — Rajouri Garden,Delhi NCR Region,North Zone,Not interested,NI-04,Requirement postponed,,,2025-10-20 11:36:00,No,Nitin Mishra,2025-10-20 11:36:00,Business Owner,Self-Employed,0.2,No
820,Hetal,Desai,AFL-RET-000820,Website,Grah Sajawat SEP26,CMP-2026-0040,2026-09-05 16:12:00,,7337074605,,hetal.desai@gmail.com,1999-04-06,,,Pune,Pune,Maharashtra,411061,India,Retail Personal Loans,Home Renovation Loan,135000,2026-10-20,Sneha Parikh,Pune — Wakad,Maharashtra Region,West Zone,New,,,,,2026-09-05 16:27:00,No,Sneha Parikh,2026-09-05 16:27:00,Salaried — MNC,Salaried,,Yes
821,Tarun,Bansal,AFL-RET-000821,Social media,Gold Utsav NOV25,CMP-2025-0009,2025-11-19 14:37:00,,6623952627,,tarun.bansal@gmail.com,1998-05-20,,,Amritsar,Amritsar,Punjab,143002,India,Gold & Secured Loans,Loan Against Securities,5000000,2025-12-19,Rahul Malhotra,Amritsar — Lawrence Road,North India Region,North Zone,Not interested,NI-06,Family / spouse declined,,,2025-11-20 09:37:00,No,Rahul Malhotra,2025-11-20 09:37:00,Self-Employed Non-Professional,Self-Employed,0.2,No
822,Naveen,Bansal,AFL-RET-000822,Website,Vyapar Vriddhi JAN26,CMP-2026-0013,2026-01-22 13:31:00,,6619306951,,naveen.bansal9@rediffmail.com,1978-04-22,,,New Delhi,West Delhi,Delhi,110026,India,Retail Home Loans,Plot + Construction Loan,5500000,2026-03-23,Arjun Sethi,Delhi — Rajouri Garden,Delhi NCR Region,North Zone,Not interested,NI-05,Processing fee not acceptable,,,2026-01-27 09:57:00,No,Arjun Sethi,2026-01-27 09:57:00,Salaried — MNC,Salaried,0.2,No
823,Bhaskar,Prasad,AFL-RET-000823,Website,Property Power APR26,CMP-2026-0023,2026-04-25 16:00:00,861226371,7887925589,9914105025,bhaskar.prasad13@rediffmail.com,1986-04-11,,,Hyderabad,Hyderabad,Telangana,500033,India,Loan Against Property,Loan Against Property,4100000,2026-06-24,Sirisha Prasad,Hyderabad — Banjara Hills,Telangana Region,South Zone,Not interested,NI-01,Rate of interest too high,,,2026-05-01 11:03:00,No,Sirisha Prasad,2026-05-01 11:03:00,Salaried — Private Sector,Salaried,8.3,Yes
824,Sudeshna,Mukherjee,AFL-RET-000824,Landing page,Swasthya Care JUL26,CMP-2026-0032,2026-07-26 13:12:00,598280605,7702836435,,sudeshna.mukherjee70@outlook.com,1973-03-23,ZJSPF8782F,PAN_Sudeshna_Mukherjee.pdf,Howrah,Howrah,West Bengal,711104,India,Loan Against Property,Lease Rental Discounting,79000000,2026-08-25,Ananya Das,Howrah — Shibpur,West Bengal Region,East Zone,Disbursed,,,,AFLRET26000184,2026-08-08 12:30:00,No,Ananya Das,2026-08-08 12:30:00,Business Owner,Self-Employed,0.2,No
825,Priyanka,Vaidyanathan,AFL-RET-000825,Social media,Property Power JUN26,CMP-2026-0029,2026-06-16 14:58:00,,9929227166,,priyanka.vaidyanathan71@hotmail.com,1972-03-23,SWJPV2208W,PAN_Priyanka_Vaidyanathan.pdf,Chennai,Chennai,Tamil Nadu,600035,India,Vehicle & Consumer Loans,Two-Wheeler Loan,225000,2026-07-16,Saravanan Rajan,Chennai — T Nagar,Tamil Nadu Region,South Zone,Not interested,NI-04,Requirement postponed,,,2026-06-18 11:06:00,No,Saravanan Rajan,2026-06-18 11:06:00,Salaried — MNC,Salaried,0.8,No
826,Vaishnavi,Sawant,AFL-RET-000826,Landing page,Gold Utsav NOV25,CMP-2025-0009,2025-11-23 13:44:00,,7193326073,,vaishnavi.sawant62@outlook.com,2003-06-09,TAVPV6244Y,PAN_Vaishnavi_Sawant.pdf,Surat,Surat,Gujarat,395017,India,Loan Against Property,Lease Rental Discounting,17500000,2025-12-23,Omkar Shah,Surat — Adajan,Gujarat Region,West Zone,Rejected,REJ-07,Existing obligations too high (FOIR),,,2025-11-25 16:59:00,No,Omkar Shah,2025-11-25 16:59:00,Self-Employed Non-Professional,Self-Employed,,No
827,Rutuja,Thakkar,AFL-RET-000827,Landing page,Shiksha Education MAY26,CMP-2026-0026,2026-05-31 10:37:00,,9101844332,8462377821,,1985-02-02,TKVPG1318F,PAN_Rutuja_Thakkar.pdf,Pune,Pune,Maharashtra,411057,India,Retail Personal Loans,Home Renovation Loan,1100000,2026-07-15,Sagar Vora,Pune — Wakad,Maharashtra Region,West Zone,Not interested,NI-02,Already availed loan elsewhere,,,2026-06-01 10:54:00,No,Sagar Vora,2026-06-01 10:54:00,Salaried — Government / PSU,Salaried,0.3,No
828,Kavita,Bansal,AFL-RET-000828,Social media,Shubh Vivah FEB26,CMP-2026-0015,2026-02-02 12:31:00,,7532854142,6234477084,kavita.bansal@gmail.com,1982-02-10,GHHPS1542B,PAN_Kavita_Bansal.pdf,Faridabad,Faridabad,Haryana,121007,India,Retail Personal Loans,Marriage Loan,325000,2026-04-03,Sumit Sinha,Faridabad — Sector 15,Delhi NCR Region,North Zone,Not interested,NI-06,Family / spouse declined,,,2026-02-05 15:49:00,No,Sumit Sinha,2026-02-05 15:49:00,Salaried — Private Sector,Salaried,0.2,No
829,Tejas,Chavan,AFL-RET-000829,Social media,Gold Utsav OCT25,CMP-2025-0003,2025-10-08 13:58:00,244998493,7251934373,,tejas.chavan@hotmail.com,1977-01-02,,,Mumbai,Mumbai Suburban,Maharashtra,400054,India,Gold & Secured Loans,Gold Loan,350000,2025-12-07,Jayesh Chavan,Mumbai — Bandra,Maharashtra Region,West Zone,Rejected,REJ-12,GST / ITR not available,,,2025-10-20 10:34:00,No,Jayesh Chavan,2025-10-20 10:34:00,Business Owner,Self-Employed,,No
830,Deepak,Malhotra,AFL-RET-000830,Landing page,Property Power JUN26,CMP-2026-0029,2026-06-08 20:05:00,,7963523652,,deepak.malhotra@gmail.com,1968-11-13,AUBPE8182J,PAN_Deepak_Malhotra.pdf,Faridabad,Faridabad,Haryana,121002,India,Loan Against Property,Loan Against Property,6500000,2026-08-07,Sumit Sinha,Faridabad — Sector 15,Delhi NCR Region,North Zone,Disbursed,,,,AFLRET26000185,2026-06-25 11:29:00,No,Sumit Sinha,2026-06-25 11:29:00,Business Owner,Self-Employed,0.2,No
831,Sailaja,Sastry,AFL-RET-000831,Landing page,Property Power APR26,CMP-2026-0023,2026-04-03 10:31:00,,7145860188,7111821923,sailaja.sastry@hotmail.com,1996-08-01,QFBPT4994D,PAN_Sailaja_Sastry.pdf,Vijayawada,Krishna,Andhra Pradesh,520013,India,Retail Home Loans,Home Loan Balance Transfer,6000000,2026-05-03,Sirisha Chowdary,Vijayawada — MG Road,Kerala & AP Region,South Zone,Disbursed,,,,AFLRET26000186,2026-05-08 11:19:00,No,Sirisha Chowdary,2026-05-08 11:19:00,Salaried — Private Sector,Salaried,2.9,Yes
832,Bhaskar,Prasad,AFL-RET-000832,Social media,Property Power APR26,CMP-2026-0023,2026-04-09 09:18:00,599120130,6924578425,,bhaskar.prasad@rediffmail.com,1973-11-05,,,Hyderabad,Rangareddy,Telangana,500019,India,Business & MSME Loans,MSME Growth Loan,575000,2026-05-09,Swapna Gupta,Hyderabad — Gachibowli,Telangana Region,South Zone,Not reachable,NR-01,Number switched off / unreachable,,,2026-04-11 09:43:00,No,Swapna Gupta,2026-04-11 09:43:00,Business Owner,Self-Employed,1.9,No
833,Kishore,Varma,AFL-RET-000833,Social media,Vyapar Vriddhi FEB26,CMP-2026-0016,2026-02-23 16:58:00,643210643,6871049661,,kishore.varma@outlook.com,1976-07-13,,,Hyderabad,Rangareddy,Telangana,500049,India,Business & MSME Loans,Working Capital Loan,16000000,2026-04-24,Mahesh Varma,Hyderabad — Gachibowli,Telangana Region,South Zone,Not interested,NI-04,Requirement postponed,,,2026-02-25 11:57:00,No,Mahesh Varma,2026-02-25 11:57:00,Homemaker,Self-Employed,0.2,No
834,Nandini,Setty,AFL-RET-000834,Landing page,Vyapar Vriddhi JAN26,CMP-2026-0013,2026-01-09 19:05:00,,7499274924,,nandini.setty27@outlook.com,1982-12-06,,,Bengaluru,Bengaluru Urban,Karnataka,560048,India,Business & MSME Loans,Working Capital Loan,5500000,2026-02-08,Kiran Udupa,Bengaluru — Whitefield,Karnataka Region,South Zone,Rejected,REJ-01,Credit / bureau issue (CIBIL below cut-off),,,2026-01-15 13:20:00,No,Kiran Udupa,2026-01-15 13:20:00,Self-Employed Professional,Self-Employed,,No
835,Tanmoy,Sen,AFL-RET-000835,Landing page,Ghar Ka Sapna OCT25,CMP-2025-0002,2025-10-16 09:12:00,,8104668233,8286637817,tanmoy.sen@gmail.com,1976-07-27,UBAPL7137P,PAN_Tanmoy_Sen.pdf,Kolkata,Kolkata,West Bengal,700091,India,Retail Home Loans,Home Purchase Loan,2600000,2025-12-15,Paromita Majumdar,Kolkata — Salt Lake,West Bengal Region,East Zone,Disbursed,,,,AFLRET25000187,2025-11-09 09:24:00,No,Paromita Majumdar,2025-11-09 09:24:00,Homemaker,Self-Employed,0.5,No
836,Nandhini,Murugan,AFL-RET-000836,Website,Shiksha Education JUN26,CMP-2026-0028,2026-06-06 20:58:00,108110821,7718051398,,nandhini.murugan65@gmail.com,1998-07-05,DQGPM2339V,PAN_Nandhini_Murugan.pdf,Madurai,Madurai,Tamil Nadu,625014,India,Business & MSME Loans,Machinery Purchase Loan,2900000,2026-08-05,Kavya Krishnan,Madurai — Anna Nagar,Tamil Nadu Region,South Zone,Sanctioned,,,,AFLRET26000188,2026-06-23 09:48:00,No,Kavya Krishnan,2026-06-23 09:48:00,Self-Employed Non-Professional,Self-Employed,1.7,No
837,Sailaja,Murthy,AFL-RET-000837,Social media,Shiksha Education MAY26,CMP-2026-0026,2026-05-08 09:00:00,,7148886694,8389711913,sailaja.murthy@hotmail.com,1989-02-12,,,Visakhapatnam,Visakhapatnam,Andhra Pradesh,530003,India,Retail Home Loans,Plot + Construction Loan,1200000,2026-06-07,Chandra Naidu,Vizag — Dwaraka Nagar,Kerala & AP Region,South Zone,Rejected,REJ-08,Employer / company not approved,,,2026-05-12 16:15:00,No,Chandra Naidu,2026-05-12 16:15:00,Self-Employed Non-Professional,Self-Employed,,No
838,Amit,Khanna,AFL-RET-000838,Social media,Vyapar Vriddhi MAR26,CMP-2026-0020,2026-03-24 10:23:00,,8865288497,,amit.khanna41@yahoo.com,1991-06-14,,,Ludhiana,Ludhiana,Punjab,141001,India,Business & MSME Loans,Machinery Purchase Loan,2100000,2026-05-08,Swati Saxena,Ludhiana — Mall Road,North India Region,North Zone,Not interested,NI-06,Family / spouse declined,,,2026-03-27 14:41:00,No,Swati Saxena,2026-03-27 14:41:00,Business Owner,Self-Employed,0.2,No
839,Mihir,Rane,AFL-RET-000839,Website,Swasthya Care JUL26,CMP-2026-0032,2026-07-14 13:23:00,,8780769002,,mihir.rane43@rediffmail.com,2002-10-18,QAGPK3435V,PAN_Mihir_Rane.pdf,Vadodara,Vadodara,Gujarat,390020,India,Business & MSME Loans,MSME Growth Loan,1400000,2026-08-13,Chirag Vora,Vadodara — Alkapuri,Gujarat Region,West Zone,Sanctioned,,,,AFLRET26000189,2026-07-27 18:24:00,No,Chirag Vora,2026-07-27 18:24:00,Self-Employed Non-Professional,Self-Employed,0.2,No
840,Sandesh,Acharya,AFL-RET-000840,PQ Campaign,Property Power APR26,CMP-2026-0023,2026-04-06 10:23:00,317398082,9233649125,6610825504,sandesh.acharya@gmail.com,1978-10-23,,,Bengaluru,Bengaluru Urban,Karnataka,560029,India,Retail Personal Loans,Kushal Personal Loan,2200000,2026-06-05,Vinay Nair,Bengaluru — Koramangala,Karnataka Region,South Zone,Not reachable,NR-03,No response after 3 attempts,,,2026-04-08 15:22:00,No,Vinay Nair,2026-04-08 15:22:00,Salaried — Private Sector,Salaried,8.9,Yes
841,Sandesh,Kulkarni,AFL-RET-000841,Landing page,Shiksha Education AUG26,CMP-2026-0034,2026-08-03 10:37:00,,7815519953,,sandesh.kulkarni@gmail.com,1974-11-14,UJEPW7873L,PAN_Sandesh_Kulkarni.pdf,Bengaluru,Bengaluru Urban,Karnataka,560037,India,Retail Personal Loans,Kushal Personal Loan,165000,2026-10-02,Deepa Iyengar,Bengaluru — Whitefield,Karnataka Region,South Zone,Disbursed,,,,AFLRET26000190,2026-09-10 11:36:00,No,Deepa Iyengar,2026-09-10 11:36:00,Salaried — Government / PSU,Salaried,0.6,No
842,Satish,Babu,AFL-RET-000842,Website,Vyapar Vriddhi JAN26,CMP-2026-0013,2026-01-05 20:18:00,,7417611242,,satish.babu97@hotmail.com,1990-01-12,NTPPB7393A,PAN_Satish_Babu.pdf,Visakhapatnam,Visakhapatnam,Andhra Pradesh,530016,India,Retail Home Loans,Disha Home Loan,4000000,2026-03-06,Chandra Naidu,Vizag — Dwaraka Nagar,Kerala & AP Region,South Zone,Sanctioned,,,,AFLRET26000191,2026-01-16 10:46:00,No,Chandra Naidu,2026-01-16 10:46:00,Salaried — Private Sector,Salaried,0.2,No
843,Hardik,Jadhav,AFL-RET-000843,PQ Campaign,Safar Travel MAR26,CMP-2026-0022,2026-03-19 19:37:00,510711485,7165201936,,hardik.jadhav7@gmail.com,2000-11-28,KZWPM6093X,PAN_Hardik_Jadhav.pdf,Mumbai,Mumbai Suburban,Maharashtra,400097,India,Retail Personal Loans,Travel Loan,250000,2026-04-18,Aniket Modi,Mumbai — Powai,Maharashtra Region,West Zone,Sanctioned,,,,AFLRET26000192,2026-03-26 10:08:00,No,Aniket Modi,2026-03-26 10:08:00,Salaried — Government / PSU,Salaried,0.2,No
844,Pranav,Patel,AFL-RET-000844,Social media,Shubh Vivah DEC25,CMP-2025-0011,2025-12-04 11:44:00,,9894449629,,pranav.patel21@gmail.com,1992-11-23,YXPPP5094A,PAN_Pranav_Patel.pdf,Ahmedabad,Ahmedabad,Gujarat,380054,India,Professional Loans,CA / Professional Loan,3600000,2026-01-03,Payal Vora,Ahmedabad — CG Road,Gujarat Region,West Zone,Disbursed,,,,AFLRET25000193,2026-01-02 09:13:00,No,Payal Vora,2026-01-02 09:13:00,Self-Employed Professional,Self-Employed,14.3,Yes
845,Lavanya,Varma,AFL-RET-000845,Website,Swasthya Care AUG26,CMP-2026-0035,2026-08-06 10:05:00,,6474369532,,lavanya.varma@rediffmail.com,1984-11-09,RNJPY8652U,PAN_Lavanya_Varma.pdf,Hyderabad,Hyderabad,Telangana,500073,India,Retail Home Loans,Plot + Construction Loan,1600000,2026-09-20,Sirisha Prasad,Hyderabad — Banjara Hills,Telangana Region,South Zone,Not interested,NI-02,Already availed loan elsewhere,,,2026-08-10 14:23:00,No,Sirisha Prasad,2026-08-10 14:23:00,Salaried — Government / PSU,Salaried,0.2,No
846,Bikash,Dutta,AFL-RET-000846,Landing page,Balance Transfer Bonanza JUN26,CMP-2026-0030,2026-06-23 14:58:00,,7139663051,,bikash.dutta@gmail.com,1984-05-22,UVLPM8639D,PAN_Bikash_Dutta.pdf,Siliguri,Darjeeling,West Bengal,734004,India,Retail Personal Loans,Debt Consolidation Loan,750000,2026-07-23,Srabani Chatterjee,Siliguri — Sevoke Road,West Bengal Region,East Zone,Not reachable,NR-03,No response after 3 attempts,,,2026-06-24 16:58:00,No,Srabani Chatterjee,2026-06-24 16:58:00,Salaried — MNC,Salaried,2,No
847,Gaurav,Khanna,AFL-RET-000847,Landing page,Balance Transfer Bonanza FEB26,CMP-2026-0017,2026-02-08 11:18:00,,6532435956,,gaurav.khanna34@hotmail.com,1973-06-28,QJUPM1160J,PAN_Gaurav_Khanna.pdf,Kanpur,Kanpur Nagar,Uttar Pradesh,208005,India,Retail Home Loans,Home Loan Balance Transfer,7500000,2026-03-25,Nitin Bansal,Kanpur — Civil Lines,North India Region,North Zone,Rejected,REJ-10,Technical valuation below expectation,,,2026-02-16 14:33:00,No,Nitin Bansal,2026-02-16 14:33:00,Salaried — MNC,Salaried,,No
848,Anand,Reddy,AFL-RET-000848,PQ Campaign,Vyapar Vriddhi JAN26,CMP-2026-0013,2026-01-22 19:05:00,648139940,9421904648,8637713313,anand.reddy@gmail.com,1973-05-25,YLPPP6355Z,PAN_Anand_Reddy.pdf,Bengaluru,Bengaluru Urban,Karnataka,560011,India,Business & MSME Loans,Working Capital Loan,4800000,2026-03-23,Nandini Rao,Bengaluru — Jayanagar,Karnataka Region,South Zone,Disbursed,,,,AFLRET26000194,2026-02-16 15:55:00,No,Nandini Rao,2026-02-16 15:55:00,Business Owner,Self-Employed,0.3,No
849,Nilima,Pradhan,AFL-RET-000849,Website,Vyapar Vriddhi MAR26,CMP-2026-0020,2026-03-13 20:51:00,,9743494456,,nilima.pradhan29@yahoo.com,1991-08-10,,,Ranchi,Ranchi,Jharkhand,834009,India,Business & MSME Loans,Vyapar Business Loan,2600000,2026-04-27,Anita Bora,Ranchi — Main Road,East India Region,East Zone,Not interested,NI-05,Processing fee not acceptable,,,2026-03-17 16:57:00,No,Anita Bora,2026-03-17 16:57:00,Business Owner,Self-Employed,0.2,No
850,Ashwin,Anand,AFL-RET-000850,Social media,Shiksha Education JUL26,CMP-2026-0031,2026-07-05 15:12:00,,9991306073,,ashwin.anand@yahoo.com,1974-02-11,HBWPT2347J,PAN_Ashwin_Anand.pdf,Chennai,Chennai,Tamil Nadu,600090,India,Vehicle & Consumer Loans,Consumer Durable Loan,40000,2026-09-03,Gokul Srinivasan,Chennai — Adyar,Tamil Nadu Region,South Zone,Not interested,NI-05,Processing fee not acceptable,,,2026-07-08 17:30:00,No,Gokul Srinivasan,2026-07-08 17:30:00,Salaried — Government / PSU,Salaried,0.3,No
851,Swapnil,Shah,AFL-RET-000851,Website,Shubh Vivah DEC25,CMP-2025-0011,2025-12-21 14:44:00,,8684923424,,swapnil.shah@rediffmail.com,1988-04-20,,,Mumbai,Mumbai Suburban,Maharashtra,400069,India,Retail Home Loans,Home Loan Balance Transfer,7500000,2026-02-19,Mihir Bhatt,Mumbai — Andheri,Maharashtra Region,West Zone,Rejected,REJ-13,Others,,,2025-12-23 11:59:00,No,Mihir Bhatt,2025-12-23 11:59:00,Salaried — Government / PSU,Salaried,,No
852,Bhakti,Sawant,AFL-RET-000852,Website,Property Power MAY26,CMP-2026-0027,2026-05-03 19:23:00,,8473351543,,bhakti.sawant@rediffmail.com,1984-08-02,YNJPQ4817C,PAN_Bhakti_Sawant.pdf,Mumbai,Mumbai Suburban,Maharashtra,400058,India,Retail Personal Loans,Medical Emergency Loan,800000,2026-06-02,Bhavesh Patil,Mumbai — Andheri,Maharashtra Region,West Zone,Rejected,REJ-07,Existing obligations too high (FOIR),,,2026-05-14 11:15:00,No,Bhavesh Patil,2026-05-14 11:15:00,Business Owner,Self-Employed,,No
853,Chandra,Prasad,AFL-RET-000853,Landing page,Gold Utsav APR26,CMP-2026-0024,2026-04-18 12:18:00,508756309,9285635814,,,1988-02-25,,,Vijayawada,Krishna,Andhra Pradesh,520010,India,Gold & Secured Loans,Gold Loan,30000,2026-06-17,Sirisha Chowdary,Vijayawada — MG Road,Kerala & AP Region,South Zone,Not interested,NI-05,Processing fee not acceptable,,,2026-04-21 15:42:00,No,Sirisha Chowdary,2026-04-21 15:42:00,Salaried — Private Sector,Salaried,0.4,No
854,Kishore,Achari,AFL-RET-000854,Landing page,Vyapar Vriddhi MAR26,CMP-2026-0020,2026-03-17 17:31:00,576374826,7204328310,,kishore.achari24@hotmail.com,1996-09-19,PAXPJ1090M,PAN_Kishore_Achari.pdf,Hyderabad,Rangareddy,Telangana,500019,India,Business & MSME Loans,Vyapar Business Loan,2200000,2026-05-16,Swapna Gupta,Hyderabad — Gachibowli,Telangana Region,South Zone,Rejected,REJ-05,OGL — outside the geo location,,,2026-03-29 11:46:00,No,Swapna Gupta,2026-03-29 11:46:00,Business Owner,Self-Employed,,No
855,Vaishnavi,Deshmukh,AFL-RET-000855,Social media,Professional Edge AUG26,CMP-2026-0036,2026-08-27 09:31:00,,7556273853,,vaishnavi.deshmukh@yahoo.com,2000-08-25,LPRPJ3441B,PAN_Vaishnavi_Deshmukh.pdf,Pune,Pune,Maharashtra,411027,India,Retail Home Loans,Home Loan Balance Transfer,8000000,2026-10-11,Sagar Vora,Pune — Wakad,Maharashtra Region,West Zone,Login Initiated,,,,,2026-09-02 09:12:00,No,Sagar Vora,2026-09-02 09:12:00,Salaried — Government / PSU,Salaried,3.5,Yes
856,Amit,Malhotra,AFL-RET-000856,PQ Campaign,Swasthya Care AUG26,CMP-2026-0035,2026-08-05 09:58:00,254025148,6418173487,,amit.malhotra@rediffmail.com,1971-05-09,,,Noida,Gautam Buddha Nagar,Uttar Pradesh,201305,India,Retail Personal Loans,Kushal Personal Loan,4200000,2026-09-19,Ritika Singh,Noida — Sector 62,Delhi NCR Region,North Zone,Follow-up,,,2026-09-11,,2026-08-06 09:34:00,No,Ritika Singh,2026-08-06 09:34:00,Salaried — Private Sector,Salaried,0.5,No
857,Nisha,Jadhav,AFL-RET-000857,Website,Vyapar Vriddhi JAN26,CMP-2026-0013,2026-01-05 10:05:00,,7109613520,,nisha.jadhav@gmail.com,1990-01-11,LNKPG4042H,PAN_Nisha_Jadhav.pdf,Pune,Pune,Maharashtra,411001,India,Business & MSME Loans,MSME Growth Loan,1700000,2026-02-04,Parth Parikh,Pune — Shivajinagar,Maharashtra Region,West Zone,Disbursed,,,,AFLRET26000195,2026-01-28 09:54:00,No,Parth Parikh,2026-01-28 09:54:00,Homemaker,Self-Employed,11.1,Yes
858,Anjali,Arora,AFL-RET-000858,Website,Property Power JUN26,CMP-2026-0029,2026-06-01 12:37:00,166006300,7531988928,,anjali.arora61@outlook.com,1971-04-18,,,Faridabad,Faridabad,Haryana,121002,India,Loan Against Property,Lease Rental Discounting,31500000,2026-07-16,Sumit Sinha,Faridabad — Sector 15,Delhi NCR Region,North Zone,Rejected,REJ-04,Negative / restricted profile,,,2026-06-02 13:52:00,No,Sumit Sinha,2026-06-02 13:52:00,Business Owner,Self-Employed,,No
859,Lakshmi,Venkatesh,AFL-RET-000859,Website,Balance Transfer Bonanza JUL26,CMP-2026-0033,2026-07-31 13:18:00,,8349974781,,lakshmi.venkatesh@yahoo.com,1989-05-22,DETPL1963M,PAN_Lakshmi_Venkatesh.pdf,Chennai,Chennai,Tamil Nadu,600020,India,Business & MSME Loans,Vyapar Business Loan,1100000,2026-09-29,Suresh Raman,Chennai — Adyar,Tamil Nadu Region,South Zone,Sanctioned,,,,AFLRET26000196,2026-08-12 10:36:00,No,Suresh Raman,2026-08-12 10:36:00,Self-Employed Professional,Self-Employed,0.2,No
860,Kavita,Malhotra,AFL-RET-000860,Website,Property Power APR26,CMP-2026-0023,2026-04-16 10:37:00,,8752479188,,kavita.malhotra@gmail.com,1972-06-09,LHWPY5709K,PAN_Kavita_Malhotra.pdf,Faridabad,Faridabad,Haryana,121006,India,Business & MSME Loans,MSME Growth Loan,1600000,2026-05-31,Sumit Sinha,Faridabad — Sector 15,Delhi NCR Region,North Zone,Disbursed,,,,AFLRET26000197,2026-04-30 11:10:00,No,Sumit Sinha,2026-04-30 11:10:00,Self-Employed Non-Professional,Self-Employed,0.2,No
861,Alok,Prasad,AFL-RET-000861,PQ Campaign,Shubh Vivah JAN26,CMP-2026-0012,2026-01-10 14:37:00,256721580,9242021405,,alok.prasad5@outlook.com,1995-05-17,,,Bhubaneswar,Khordha,Odisha,751010,India,Retail Home Loans,Plot + Construction Loan,2300000,2026-03-11,Rakesh Deka,Bhubaneswar — Saheed Nagar,East India Region,East Zone,Rejected,REJ-06,Documentation — unable to provide,,,2026-01-21 11:47:00,No,Rakesh Deka,2026-01-21 11:47:00,Homemaker,Self-Employed,,No
862,Sanoj,Pillai,AFL-RET-000862,Website,Diwali Dhamaka NOV25,CMP-2025-0006,2025-11-12 10:37:00,,9337356620,,sanoj.pillai@outlook.com,1999-08-11,ZKGPU7258A,PAN_Sanoj_Pillai.pdf,Kochi,Ernakulam,Kerala,682024,India,Vehicle & Consumer Loans,Consumer Durable Loan,115000,2025-12-27,Anjana Menon,Kochi — Kaloor,Kerala & AP Region,South Zone,Not interested,NI-03,Only enquiring — no current need,,,2025-11-14 09:39:00,No,Anjana Menon,2025-11-14 09:39:00,Salaried — Private Sector,Salaried,0.2,No
863,Arun,Krishnan,AFL-RET-000863,Social media,Professional Edge FEB26,CMP-2026-0018,2026-02-09 20:31:00,424222534,6135648750,9155710896,arun.krishnan@gmail.com,1990-12-14,,,Kochi,Ernakulam,Kerala,682036,India,Retail Home Loans,Disha Home Loan,5500000,2026-03-11,Anjana Menon,Kochi — Kaloor,Kerala & AP Region,South Zone,Not interested,NI-06,Family / spouse declined,,,2026-02-11 10:45:00,No,Anjana Menon,2026-02-11 10:45:00,Business Owner,Self-Employed,0.2,No
864,Divya,Krishnan,AFL-RET-000864,Social media,Vyapar Vriddhi FEB26,CMP-2026-0016,2026-02-02 14:37:00,714576391,7214300883,,divya.krishnan@outlook.com,1985-07-04,ANLPN5043U,PAN_Divya_Krishnan.pdf,Coimbatore,Coimbatore,Tamil Nadu,641037,India,Business & MSME Loans,Working Capital Loan,3200000,2026-03-04,Muthu Krishnan,Coimbatore — RS Puram,Tamil Nadu Region,South Zone,Not interested,NI-01,Rate of interest too high,,,2026-02-03 11:31:00,No,Muthu Krishnan,2026-02-03 11:31:00,Self-Employed Professional,Self-Employed,1.1,No
865,Pallavi,Naik,AFL-RET-000865,Landing page,Balance Transfer Bonanza JUL26,CMP-2026-0033,2026-07-11 12:12:00,,7124865556,,pallavi.naik@outlook.com,1995-12-21,AUMPU3435K,PAN_Pallavi_Naik.pdf,Bengaluru,Bengaluru Urban,Karnataka,560047,India,Retail Home Loans,Home Loan Balance Transfer,3800000,2026-08-10,Manoj Nair,Bengaluru — Koramangala,Karnataka Region,South Zone,Rejected,REJ-13,Others,,,2026-07-22 18:27:00,No,Manoj Nair,2026-07-22 18:27:00,Salaried — Government / PSU,Salaried,,No
866,Omkar,Vora,AFL-RET-000866,PQ Campaign,Diwali Dhamaka NOV25,CMP-2025-0006,2025-11-06 19:37:00,352374992,7896398970,,omkar.vora@hotmail.com,1978-07-13,,,Nashik,Nashik,Maharashtra,422001,India,Retail Personal Loans,Diwali Special Loan,150000,2025-12-21,Tanvi Mehta,Nashik — College Road,Maharashtra Region,West Zone,Not reachable,NR-02,Invalid / wrong number,,,2025-11-10 10:29:00,No,Tanvi Mehta,2025-11-10 10:29:00,Business Owner,Self-Employed,0.2,No
867,Swapnil,Vora,AFL-RET-000867,Website,Gold Utsav APR26,CMP-2026-0024,2026-04-28 09:12:00,,9727345537,,,1973-09-17,,,Pune,Pune,Maharashtra,411027,India,Gold & Secured Loans,Loan Against Securities,1900000,2026-06-27,Sagar Vora,Pune — Wakad,Maharashtra Region,West Zone,Rejected,REJ-04,Negative / restricted profile,,,2026-05-08 11:15:00,No,Sagar Vora,2026-05-08 11:15:00,Salaried — Government / PSU,Salaried,,No
868,Nidhi,Mishra,AFL-RET-000868,Website,Swasthya Care SEP26,CMP-2026-0038,2026-09-02 19:18:00,742952897,8558531883,,nidhi.mishra@gmail.com,1994-07-11,QDTPL2922V,PAN_Nidhi_Mishra.pdf,Jodhpur,Jodhpur,Rajasthan,342005,India,Vehicle & Consumer Loans,Two-Wheeler Loan,150000,2026-11-01,Rohit Sharma,Jodhpur — Sardarpura,North India Region,North Zone,Login Initiated,,,,,2026-09-05 10:59:00,No,Rohit Sharma,2026-09-05 10:59:00,Salaried — Private Sector,Salaried,0.2,No
869,Anita,Gogoi,AFL-RET-000869,Website,Shubh Vivah DEC25,CMP-2025-0011,2025-12-23 13:31:00,,6318462120,,anita.gogoi@gmail.com,1996-12-23,,,Ranchi,Ranchi,Jharkhand,834002,India,Retail Personal Loans,Kushal Personal Loan,900000,2026-01-22,Anita Bora,Ranchi — Main Road,East India Region,East Zone,Not interested,NI-07,Tenure offered not suitable,,,2025-12-24 11:37:00,No,Anita Bora,2025-12-24 11:37:00,Salaried — Government / PSU,Salaried,0.2,No
870,Sirisha,Rao,AFL-RET-000870,Social media,Shiksha Education JUL26,CMP-2026-0031,2026-07-16 15:23:00,,6140864479,,sirisha.rao@gmail.com,1972-01-24,,,Hyderabad,Rangareddy,Telangana,500019,India,Retail Personal Loans,Education Loan,325000,2026-08-15,Swapna Gupta,Hyderabad — Gachibowli,Telangana Region,South Zone,Rejected,REJ-07,Existing obligations too high (FOIR),,,2026-07-19 11:48:00,No,Swapna Gupta,2026-07-19 11:48:00,Self-Employed Professional,Self-Employed,,No
871,Nikhil,Amin,AFL-RET-000871,Social media,Balance Transfer Bonanza JUL26,CMP-2026-0033,2026-07-09 15:00:00,180678015,6805097182,,nikhil.amin67@hotmail.com,1971-01-07,JQRPZ4112L,PAN_Nikhil_Amin.pdf,Surat,Surat,Gujarat,395007,India,Retail Personal Loans,Marriage Loan,1400000,2026-08-08,Omkar Shah,Surat — Adajan,Gujarat Region,West Zone,Follow-up,,,2026-09-07,,2026-07-12 13:30:00,No,Omkar Shah,2026-07-12 13:30:00,Salaried — Private Sector,Salaried,0.5,No
872,Pooja,Bansal,AFL-RET-000872,Social media,Safar Travel APR26,CMP-2026-0025,2026-04-13 13:23:00,243444108,7637121033,6399994705,pooja.bansal@hotmail.com,1981-03-05,,,Kanpur,Kanpur Nagar,Uttar Pradesh,208001,India,Retail Personal Loans,Travel Loan,60000,2026-05-28,Nitin Bansal,Kanpur — Civil Lines,North India Region,North Zone,Not reachable,NR-02,Invalid / wrong number,,,2026-04-15 09:24:00,No,Nitin Bansal,2026-04-15 09:24:00,Salaried — Private Sector,Salaried,0.2,No
873,Bhakti,Deshmukh,AFL-RET-000873,Landing page,Shiksha Education JUL26,CMP-2026-0031,2026-07-09 17:12:00,114640329,7437795273,,bhakti.deshmukh@outlook.com,1977-03-23,GPXPX6040T,PAN_Bhakti_Deshmukh.pdf,Surat,Surat,Gujarat,395001,India,Vehicle & Consumer Loans,Two-Wheeler Loan,85000,2026-08-23,Omkar Shah,Surat — Adajan,Gujarat Region,West Zone,Rejected,REJ-03,Policy restriction,,,2026-07-17 10:30:00,No,Omkar Shah,2026-07-17 10:30:00,Self-Employed Non-Professional,Self-Employed,,No
874,Parth,Joshi,AFL-RET-000874,Social media,Shubh Vivah DEC25,CMP-2025-0011,2025-12-03 09:00:00,,6345268262,8777415491,parth.joshi@hotmail.com,1997-08-22,NZHPV2513L,PAN_Parth_Joshi.pdf,Ahmedabad,Ahmedabad,Gujarat,380001,India,Retail Personal Loans,Marriage Loan,625000,2026-01-17,Payal Vora,Ahmedabad — CG Road,Gujarat Region,West Zone,Rejected,REJ-02,Income below minimum,,,2025-12-06 10:17:00,No,Payal Vora,2025-12-06 10:17:00,Agriculturist,Self-Employed,,No
875,Pankaj,Singh,AFL-RET-000875,Website,Vyapar Vriddhi JAN26,CMP-2026-0013,2026-01-02 10:00:00,939700634,9780948777,,pankaj.singh94@hotmail.com,1981-09-09,ZMCPV7725C,PAN_Pankaj_Singh.pdf,New Delhi,South Delhi,Delhi,110019,India,Business & MSME Loans,Vyapar Business Loan,4600000,2026-03-03,Aarav Kapoor,Delhi — Saket,Delhi NCR Region,North Zone,Login Initiated,,,,,2026-01-05 09:10:00,No,Aarav Kapoor,2026-01-05 09:10:00,Self-Employed Professional,Self-Employed,0.5,No
876,Chirag,Bhatt,AFL-RET-000876,Website,Shiksha Education JUL26,CMP-2026-0031,2026-07-27 17:51:00,462179239,6957014914,,chirag.bhatt@gmail.com,2003-05-09,,,Nashik,Nashik,Maharashtra,422007,India,Vehicle & Consumer Loans,Consumer Durable Loan,40000,2026-08-26,Tanvi Mehta,Nashik — College Road,Maharashtra Region,West Zone,Rejected,REJ-02,Income below minimum,,,2026-08-08 11:09:00,No,Tanvi Mehta,2026-08-08 11:09:00,Salaried — MNC,Salaried,,No
877,Sirisha,Rao,AFL-RET-000877,PQ Campaign,Shiksha Education JUN26,CMP-2026-0028,2026-06-02 10:58:00,780910231,6327004198,,sirisha.rao2@rediffmail.com,1981-10-24,,,Warangal,Warangal,Telangana,506004,India,Retail Personal Loans,Education Loan,300000,2026-07-02,Aruna Reddy,Warangal — Hanamkonda,Telangana Region,South Zone,Not interested,NI-07,Tenure offered not suitable,,,2026-06-07 10:16:00,No,Aruna Reddy,2026-06-07 10:16:00,Business Owner,Self-Employed,0.3,No
878,Vinay,Naik,AFL-RET-000878,Social media,Vyapar Vriddhi FEB26,CMP-2026-0016,2026-02-09 14:37:00,,6736197245,,vinay.naik@rediffmail.com,1993-07-05,XNLPN6320J,PAN_Vinay_Naik.pdf,Bengaluru,Bengaluru Urban,Karnataka,560048,India,Business & MSME Loans,Working Capital Loan,2100000,2026-04-10,Kiran Udupa,Bengaluru — Whitefield,Karnataka Region,South Zone,Rejected,REJ-12,GST / ITR not available,,,2026-02-16 16:52:00,No,Kiran Udupa,2026-02-16 16:52:00,Business Owner,Self-Employed,,No
879,Siddharth,Parikh,AFL-RET-000879,Landing page,Diwali Dhamaka NOV25,CMP-2025-0006,2025-11-10 17:18:00,299505034,7543876718,,siddharth.parikh@outlook.com,1973-01-20,,,Ahmedabad,Ahmedabad,Gujarat,380009,India,Vehicle & Consumer Loans,Two-Wheeler Loan,55000,2025-12-10,Swapnil Vora,Ahmedabad — CG Road,Gujarat Region,West Zone,Not interested,NI-07,Tenure offered not suitable,,,2025-11-14 14:41:00,No,Swapnil Vora,2025-11-14 14:41:00,Agriculturist,Self-Employed,12.6,Yes
880,Vikram,Kapoor,AFL-RET-000880,Landing page,Shubh Vivah FEB26,CMP-2026-0015,2026-02-21 11:31:00,,6910269627,,vikram.kapoor@yahoo.com,2000-01-17,,,Jodhpur,Jodhpur,Rajasthan,342008,India,Retail Home Loans,Plot + Construction Loan,2600000,2026-03-23,Rohit Sharma,Jodhpur — Sardarpura,North India Region,North Zone,Not interested,NI-05,Processing fee not acceptable,,,2026-02-25 09:49:00,No,Rohit Sharma,2026-02-25 09:49:00,Self-Employed Professional,Self-Employed,0.2,No
881,Krupa,Shah,AFL-RET-000881,Website,Balance Transfer Bonanza JUL26,CMP-2026-0033,2026-07-19 13:58:00,,6474392624,9951613374,krupa.shah@outlook.com,1993-01-12,,,Rajkot,Rajkot,Gujarat,360005,India,Loan Against Property,Lease Rental Discounting,53500000,2026-09-17,Siddharth Trivedi,Rajkot — Kalawad Road,Gujarat Region,West Zone,Not interested,NI-06,Family / spouse declined,,,2026-07-24 11:28:00,No,Siddharth Trivedi,2026-07-24 11:28:00,Self-Employed Non-Professional,Self-Employed,0.3,No
882,Nilesh,Kulkarni,AFL-RET-000882,Landing page,Shubh Vivah DEC25,CMP-2025-0011,2025-12-19 15:37:00,,6834099482,8681734344,,1989-01-14,,,Ahmedabad,Ahmedabad,Gujarat,380015,India,Retail Home Loans,Home Loan Balance Transfer,3500000,2026-02-17,Payal Vora,Ahmedabad — CG Road,Gujarat Region,West Zone,Rejected,REJ-04,Negative / restricted profile,,,2025-12-26 11:15:00,No,Payal Vora,2025-12-26 11:15:00,Homemaker,Self-Employed,,No
883,Arjun,Mishra,AFL-RET-000883,Landing page,Shiksha Education MAY26,CMP-2026-0026,2026-05-16 19:18:00,,6899002496,,arjun.mishra@rediffmail.com,1972-10-23,GHKPV9091F,PAN_Arjun_Mishra.pdf,Ludhiana,Ludhiana,Punjab,141010,India,Retail Personal Loans,Marriage Loan,375000,2026-07-15,Swati Saxena,Ludhiana — Mall Road,North India Region,North Zone,Login Initiated,,,,,2026-05-23 10:42:00,No,Swati Saxena,2026-05-23 10:42:00,Salaried — MNC,Salaried,0.2,No
884,Anjali,Arora,AFL-RET-000884,Social media,Diwali Dhamaka NOV25,CMP-2025-0006,2025-11-10 10:12:00,,7230451020,8927772988,anjali.arora@outlook.com,1984-04-26,LEJPB8340K,PAN_Anjali_Arora.pdf,Jodhpur,Jodhpur,Rajasthan,342003,India,Retail Personal Loans,Diwali Special Loan,250000,2026-01-09,Rohit Sharma,Jodhpur — Sardarpura,North India Region,North Zone,Rejected,REJ-06,Documentation — unable to provide,,,2025-11-15 09:49:00,No,Rohit Sharma,2025-11-15 09:49:00,Salaried — MNC,Salaried,,No
885,Deepa,Gowda,AFL-RET-000885,PQ Campaign,Gold Utsav APR26,CMP-2026-0024,2026-04-21 12:51:00,929099816,9484758829,7417390376,deepa.gowda2@gmail.com,1986-01-25,RSZPH8435K,PAN_Deepa_Gowda.pdf,Bengaluru,Bengaluru Urban,Karnataka,560103,India,Professional Loans,Doctor Professional Loan,550000,2026-05-21,Deepa Iyengar,Bengaluru — Whitefield,Karnataka Region,South Zone,Not interested,NI-02,Already availed loan elsewhere,,,2026-04-25 10:46:00,No,Deepa Iyengar,2026-04-25 10:46:00,Self-Employed Non-Professional,Self-Employed,10,Yes
886,Deepika,Srinivasan,AFL-RET-000886,Website,Shubh Vivah FEB26,CMP-2026-0015,2026-02-06 11:00:00,,6797799598,,deepika.srinivasan@rediffmail.com,2002-11-05,,,Coimbatore,Coimbatore,Tamil Nadu,641002,India,Retail Personal Loans,Marriage Loan,1500000,2026-03-08,Muthu Krishnan,Coimbatore — RS Puram,Tamil Nadu Region,South Zone,Rejected,REJ-10,Technical valuation below expectation,,,2026-02-13 11:16:00,No,Muthu Krishnan,2026-02-13 11:16:00,Salaried — Government / PSU,Salaried,,No
887,Vaishnavi,Vora,AFL-RET-000887,Social media,Vyapar Vriddhi MAR26,CMP-2026-0020,2026-03-27 11:12:00,,9353805664,6738165626,vaishnavi.vora@gmail.com,1992-05-18,QXYPY3904Q,PAN_Vaishnavi_Vora.pdf,Pune,Pune,Maharashtra,411045,India,Retail Personal Loans,Kushal Personal Loan,2400000,2026-05-26,Sagar Vora,Pune — Wakad,Maharashtra Region,West Zone,Not interested,NI-03,Only enquiring — no current need,,,2026-03-29 09:11:00,No,Sagar Vora,2026-03-29 09:11:00,Salaried — Government / PSU,Salaried,9.6,Yes
888,Ankit,Tiwari,AFL-RET-000888,Landing page,Shiksha Education MAY26,CMP-2026-0026,2026-05-10 18:23:00,884858515,8308473766,,ankit.tiwari4@rediffmail.com,1975-09-18,TAHPA7901E,PAN_Ankit_Tiwari.pdf,Jodhpur,Jodhpur,Rajasthan,342008,India,Retail Personal Loans,Marriage Loan,875000,2026-06-24,Rohit Sharma,Jodhpur — Sardarpura,North India Region,North Zone,Disbursed,,,,AFLRET26000198,2026-06-01 10:56:00,No,Rohit Sharma,2026-06-01 10:56:00,Salaried — MNC,Salaried,2.4,Yes
889,Tejas,Rane,AFL-RET-000889,Social media,Vyapar Vriddhi JAN26,CMP-2026-0013,2026-01-22 20:23:00,238623787,7974210117,,tejas.rane@hotmail.com,1971-03-03,BXJPK7225X,PAN_Tejas_Rane.pdf,Ahmedabad,Ahmedabad,Gujarat,380054,India,Business & MSME Loans,MSME Growth Loan,550000,2026-03-08,Swapnil Vora,Ahmedabad — CG Road,Gujarat Region,West Zone,Not reachable,NR-03,No response after 3 attempts,,,2026-01-25 11:59:00,No,Swapnil Vora,2026-01-25 11:59:00,Self-Employed Professional,Self-Employed,1.3,No
890,Naveen,Arora,AFL-RET-000890,Landing page,Swasthya Care JUL26,CMP-2026-0032,2026-07-18 19:23:00,,8872558644,,naveen.arora@gmail.com,1977-12-28,PPBPE7545C,PAN_Naveen_Arora.pdf,New Delhi,South Delhi,Delhi,110017,India,Retail Home Loans,Disha Home Loan,525000,2026-08-17,Rajat Chopra,Delhi — Saket,Delhi NCR Region,North Zone,Rejected,REJ-04,Negative / restricted profile,,,2026-07-29 10:22:00,No,Rajat Chopra,2026-07-29 10:22:00,Salaried — Government / PSU,Salaried,,No
891,Lavanya,Gupta,AFL-RET-000891,Website,Shiksha Education JUN26,CMP-2026-0028,2026-06-17 16:23:00,639211072,7423462444,,lavanya.gupta@yahoo.com,1987-05-14,,,Hyderabad,Rangareddy,Telangana,500019,India,Retail Personal Loans,Education Loan,550000,2026-08-16,Mahesh Varma,Hyderabad — Gachibowli,Telangana Region,South Zone,Not interested,NI-07,Tenure offered not suitable,,,2026-06-19 09:45:00,No,Mahesh Varma,2026-06-19 09:45:00,Business Owner,Self-Employed,1.4,No
892,Nidhi,Jain,AFL-RET-000892,PQ Campaign,Shubh Vivah DEC25,CMP-2025-0011,2025-12-13 19:00:00,947210362,8742572877,,nidhi.jain@yahoo.com,1986-11-14,AYBPP4475S,PAN_Nidhi_Jain.pdf,Lucknow,Lucknow,Uttar Pradesh,226001,India,Professional Loans,CA / Professional Loan,425000,2026-02-11,Tarun Tiwari,Lucknow — Hazratganj,North India Region,North Zone,Not interested,NI-07,Tenure offered not suitable,,,2025-12-17 16:19:00,No,Tarun Tiwari,2025-12-17 16:19:00,Business Owner,Self-Employed,11.7,Yes
893,Tejas,Bhatt,AFL-RET-000893,Landing page,Vyapar Vriddhi FEB26,CMP-2026-0016,2026-02-02 14:31:00,202917012,8953748852,8995878477,tejas.bhatt@yahoo.com,1975-06-26,CKVPX8951E,PAN_Tejas_Bhatt.pdf,Mumbai,Mumbai,Maharashtra,400005,India,Business & MSME Loans,Vyapar Business Loan,525000,2026-03-19,Omkar Patel,Mumbai — Fort,Maharashtra Region,West Zone,Rejected,REJ-11,Business vintage below minimum,,,2026-02-14 09:59:00,No,Omkar Patel,2026-02-14 09:59:00,Self-Employed Professional,Self-Employed,,No
894,Tanvi,Amin,AFL-RET-000894,Website,Swasthya Care JUL26,CMP-2026-0032,2026-07-12 13:37:00,,7505060761,9559890636,tanvi.amin@hotmail.com,1973-10-16,,,Ahmedabad,Ahmedabad,Gujarat,380015,India,Loan Against Property,Loan Against Property,14000000,2026-09-10,Payal Vora,Ahmedabad — CG Road,Gujarat Region,West Zone,Rejected,REJ-11,Business vintage below minimum,,,2026-07-23 11:58:00,No,Payal Vora,2026-07-23 11:58:00,Self-Employed Professional,Self-Employed,,No
895,Siddharth,Deshmukh,AFL-RET-000895,PQ Campaign,Vyapar Vriddhi JAN26,CMP-2026-0013,2026-01-16 18:23:00,912862525,7785438555,,siddharth.deshmukh10@yahoo.com,1981-04-27,,,Pune,Pune,Maharashtra,411057,India,Retail Home Loans,Disha Home Loan,3900000,2026-03-17,Sagar Vora,Pune — Wakad,Maharashtra Region,West Zone,Rejected,REJ-08,Employer / company not approved,,,2026-01-22 12:38:00,No,Sagar Vora,2026-01-22 12:38:00,Salaried — MNC,Salaried,,No
896,Ramya,Iyengar,AFL-RET-000896,Website,Balance Transfer Bonanza JUN26,CMP-2026-0030,2026-06-16 12:31:00,,9230373561,,ramya.iyengar@hotmail.com,1997-05-11,XWGPN9455E,PAN_Ramya_Iyengar.pdf,Mysuru,Mysuru,Karnataka,570001,India,Business & MSME Loans,Machinery Purchase Loan,7500000,2026-07-31,Deepa Nair,Mysuru — Saraswathipuram,Karnataka Region,South Zone,Rejected,REJ-12,GST / ITR not available,,,2026-06-27 10:54:00,No,Deepa Nair,2026-06-27 10:54:00,Self-Employed Professional,Self-Employed,,No
897,Hetal,Patel,AFL-RET-000897,Landing page,Shubh Vivah JAN26,CMP-2026-0012,2026-01-02 18:44:00,317404288,6839172840,9374784136,hetal.patel@gmail.com,1981-11-11,THHPY5126G,PAN_Hetal_Patel.pdf,Pune,Pune,Maharashtra,411004,India,Retail Home Loans,Disha Home Loan,6000000,2026-03-03,Parth Parikh,Pune — Shivajinagar,Maharashtra Region,West Zone,Disbursed,,,,AFLRET26000199,2026-01-27 09:11:00,No,Parth Parikh,2026-01-27 09:11:00,Business Owner,Self-Employed,0.2,No
898,Divya,Balaji,AFL-RET-000898,Landing page,Property Power MAY26,CMP-2026-0027,2026-05-12 12:18:00,,9844733088,,divya.balaji@outlook.com,2002-09-24,HQKPS5232K,PAN_Divya_Balaji.pdf,Chennai,Chennai,Tamil Nadu,600017,India,Retail Personal Loans,Travel Loan,275000,2026-06-11,Hariharan Krishnan,Chennai — T Nagar,Tamil Nadu Region,South Zone,Rejected,REJ-01,Credit / bureau issue (CIBIL below cut-off),,,2026-05-24 10:11:00,No,Hariharan Krishnan,2026-05-24 10:11:00,Salaried — Government / PSU,Salaried,,No
899,Maya,Krishnan,AFL-RET-000899,PQ Campaign,Professional Edge MAR26,CMP-2026-0021,2026-03-20 18:12:00,888253542,6646500907,,maya.krishnan@gmail.com,1974-07-19,UZBPC1187K,PAN_Maya_Krishnan.pdf,Thiruvananthapuram,Thiruvananthapuram,Kerala,695010,India,Business & MSME Loans,Machinery Purchase Loan,14000000,2026-04-19,Vivek Kurup,Trivandrum — Vazhuthacaud,Kerala & AP Region,South Zone,Disbursed,,,,AFLRET26000200,2026-04-25 09:19:00,No,Vivek Kurup,2026-04-25 09:19:00,Business Owner,Self-Employed,5.2,Yes
900,Rutuja,Shah,AFL-RET-000900,Website,Balance Transfer Bonanza JUL26,CMP-2026-0033,2026-07-08 14:51:00,,9847941014,,,1989-07-08,,,Mumbai,Mumbai Suburban,Maharashtra,400087,India,Business & MSME Loans,Machinery Purchase Loan,13000000,2026-09-06,Bhavesh Modi,Mumbai — Powai,Maharashtra Region,West Zone,Rejected,REJ-05,OGL — outside the geo location,,,2026-07-17 18:06:00,No,Bhavesh Modi,2026-07-17 18:06:00,Self-Employed Non-Professional,Self-Employed,,No
901,Payal,Desai,AFL-RET-000901,Landing page,Diwali Dhamaka NOV25,CMP-2025-0006,2025-11-17 19:12:00,713009081,7876161862,7377622965,payal.desai58@outlook.com,1984-08-17,WKEPE1528T,PAN_Payal_Desai.pdf,Surat,Surat,Gujarat,395010,India,Vehicle & Consumer Loans,Two-Wheeler Loan,110000,2026-01-16,Omkar Shah,Surat — Adajan,Gujarat Region,West Zone,Disbursed,,,,AFLRET25000201,2025-12-09 10:02:00,No,Omkar Shah,2025-12-09 10:02:00,Salaried — Private Sector,Salaried,0.2,No
902,Bhakti,Chavan,AFL-RET-000902,PQ Campaign,Safar Travel MAR26,CMP-2026-0022,2026-03-27 20:00:00,902611764,9263065874,,bhakti.chavan@gmail.com,1982-02-23,SSSPL1548F,PAN_Bhakti_Chavan.pdf,Mumbai,Mumbai Suburban,Maharashtra,400058,India,Vehicle & Consumer Loans,Used Car Loan,1100000,2026-05-11,Bhavesh Patil,Mumbai — Andheri,Maharashtra Region,West Zone,Disbursed,,,,AFLRET26000202,2026-04-18 10:45:00,No,Bhavesh Patil,2026-04-18 10:45:00,Salaried — MNC,Salaried,0.2,No
903,Vinay,Reddy,AFL-RET-000903,Social media,Professional Edge MAR26,CMP-2026-0021,2026-03-20 17:05:00,,9279388880,,vinay.reddy20@rediffmail.com,1986-01-19,,,Bengaluru,Bengaluru Urban,Karnataka,560082,India,Professional Loans,Doctor Professional Loan,3100000,2026-04-19,Vinay Jain,Bengaluru — Jayanagar,Karnataka Region,South Zone,Rejected,REJ-01,Credit / bureau issue (CIBIL below cut-off),,,2026-03-25 11:56:00,No,Vinay Jain,2026-03-25 11:56:00,Self-Employed Professional,Self-Employed,,No
904,Bhakti,Joshi,AFL-RET-000904,Social media,Vyapar Vriddhi FEB26,CMP-2026-0016,2026-02-12 13:18:00,,8892440892,8688928011,bhakti.joshi@outlook.com,1990-07-17,,,Ahmedabad,Ahmedabad,Gujarat,380061,India,Retail Personal Loans,Medical Emergency Loan,275000,2026-03-14,Hardik Bhatt,Ahmedabad — Satellite,Gujarat Region,West Zone,Rejected,REJ-02,Income below minimum,,,2026-02-17 10:42:00,No,Hardik Bhatt,2026-02-17 10:42:00,Business Owner,Self-Employed,,No
905,Prakash,Prasad,AFL-RET-000905,PQ Campaign,Shubh Vivah JAN26,CMP-2026-0012,2026-01-21 14:12:00,642140691,6809693561,8665891824,prakash.prasad40@gmail.com,1981-01-01,,,Guwahati,Kamrup Metro,Assam,781005,India,Retail Personal Loans,Marriage Loan,925000,2026-03-22,Sunita Saikia,Guwahati — GS Road,East India Region,East Zone,Not interested,NI-06,Family / spouse declined,,,2026-01-23 09:59:00,No,Sunita Saikia,2026-01-23 09:59:00,Self-Employed Non-Professional,Self-Employed,0.3,No
906,Aniket,Amin,AFL-RET-000906,Social media,Shiksha Education JUL26,CMP-2026-0031,2026-07-17 13:12:00,,8189255826,,aniket.amin26@hotmail.com,1972-07-18,TYNPK1728R,PAN_Aniket_Amin.pdf,Mumbai,Mumbai Suburban,Maharashtra,400052,India,Retail Personal Loans,Education Loan,1200000,2026-09-15,Shreya Desai,Mumbai — Bandra,Maharashtra Region,West Zone,Follow-up,,,2026-09-14,,2026-07-19 11:41:00,No,Shreya Desai,2026-07-19 11:41:00,Salaried — Government / PSU,Salaried,0.2,No
907,Ashwini,Gaikwad,AFL-RET-000907,Website,Property Power APR26,CMP-2026-0023,2026-04-13 10:18:00,988266229,6586956783,,ashwini.gaikwad@gmail.com,1989-10-04,CEDPT6618D,PAN_Ashwini_Gaikwad.pdf,Pune,Pune,Maharashtra,411033,India,Retail Personal Loans,Marriage Loan,400000,2026-05-13,Sagar Vora,Pune — Wakad,Maharashtra Region,West Zone,Rejected,REJ-08,Employer / company not approved,,,2026-04-17 10:33:00,No,Sagar Vora,2026-04-17 10:33:00,Salaried — Private Sector,Salaried,,No
908,Kavita,Bhatia,AFL-RET-000908,Landing page,Property Power MAY26,CMP-2026-0027,2026-05-01 11:58:00,,7968420573,,,1995-04-12,,,Kanpur,Kanpur Nagar,Uttar Pradesh,208005,India,Retail Personal Loans,Travel Loan,300000,2026-05-31,Nitin Bansal,Kanpur — Civil Lines,North India Region,North Zone,Not interested,NI-06,Family / spouse declined,,,2026-05-04 11:58:00,No,Nitin Bansal,2026-05-04 11:58:00,Salaried — MNC,Salaried,0.2,No
909,Swapnil,Parikh,AFL-RET-000909,Social media,Ghar Ka Sapna MAR26,CMP-2026-0019,2026-03-05 10:00:00,,6230188961,6490554522,swapnil.parikh@gmail.com,1992-07-05,,,Surat,Surat,Gujarat,395010,India,Retail Personal Loans,Debt Consolidation Loan,200000,2026-04-19,Omkar Shah,Surat — Adajan,Gujarat Region,West Zone,Rejected,REJ-06,Documentation — unable to provide,,,2026-03-16 09:47:00,No,Omkar Shah,2026-03-16 09:47:00,Salaried — Government / PSU,Salaried,,No
910,Sailaja,Raju,AFL-RET-000910,PQ Campaign,Balance Transfer Bonanza JUN26,CMP-2026-0030,2026-06-17 09:05:00,978653667,9148764988,,sailaja.raju19@rediffmail.com,1993-03-05,,,Vijayawada,Krishna,Andhra Pradesh,520008,India,Business & MSME Loans,MSME Growth Loan,700000,2026-08-16,Sirisha Chowdary,Vijayawada — MG Road,Kerala & AP Region,South Zone,Not interested,NI-04,Requirement postponed,,,2026-06-22 09:52:00,No,Sirisha Chowdary,2026-06-22 09:52:00,Business Owner,Self-Employed,0.2,No
911,Sushil,Mohanty,AFL-RET-000911,Landing page,Ghar Ka Sapna SEP26,CMP-2026-0037,2026-09-03 11:05:00,,8917684670,9145305540,sushil.mohanty@yahoo.com,1984-02-25,ECSPS6287Y,PAN_Sushil_Mohanty.pdf,Ranchi,Ranchi,Jharkhand,834001,India,Retail Home Loans,Plot + Construction Loan,1100000,2026-10-18,Anita Bora,Ranchi — Main Road,East India Region,East Zone,Login Initiated,,,,,2026-09-08 09:17:00,No,Anita Bora,2026-09-08 09:17:00,Salaried — Government / PSU,Salaried,1.5,No
912,Priya,Rathore,AFL-RET-000912,Landing page,Swasthya Care AUG26,CMP-2026-0035,2026-08-13 18:58:00,,6487808674,,priya.rathore@gmail.com,1998-05-10,,,New Delhi,New Delhi,Delhi,110011,India,Retail Personal Loans,Medical Emergency Loan,800000,2026-09-27,Ritika Mishra,Delhi — Connaught Place,Delhi NCR Region,North Zone,Not interested,NI-04,Requirement postponed,,,2026-08-19 10:04:00,No,Ritika Mishra,2026-08-19 10:04:00,Self-Employed Professional,Self-Employed,1.4,No
913,Chandra,Murthy,AFL-RET-000913,Website,Shiksha Education AUG26,CMP-2026-0034,2026-08-17 15:05:00,,7548478749,,chandra.murthy@gmail.com,1972-04-02,,,Visakhapatnam,Visakhapatnam,Andhra Pradesh,530020,India,Vehicle & Consumer Loans,Two-Wheeler Loan,45000,2026-10-16,Chandra Naidu,Vizag — Dwaraka Nagar,Kerala & AP Region,South Zone,Not reachable,NR-01,Number switched off / unreachable,,,2026-08-19 18:23:00,No,Chandra Naidu,2026-08-19 18:23:00,Self-Employed Professional,Self-Employed,0.2,No
914,Deepak,Rao,AFL-RET-000914,Website,Grah Sajawat SEP26,CMP-2026-0040,2026-09-01 20:05:00,,6559281883,,,1986-10-14,,,Bengaluru,Bengaluru Urban,Karnataka,560029,India,Retail Personal Loans,Home Renovation Loan,900000,2026-10-16,Vinay Nair,Bengaluru — Koramangala,Karnataka Region,South Zone,Rejected,REJ-03,Policy restriction,,,2026-09-10 11:05:00,No,Vinay Nair,2026-09-10 11:05:00,Salaried — Private Sector,Salaried,,No
915,Hetal,Doshi,AFL-RET-000915,Website,Gold Utsav APR26,CMP-2026-0024,2026-04-30 17:58:00,,6447777085,,hetal.doshi55@hotmail.com,1994-08-05,,,Pune,Pune,Maharashtra,411005,India,Business & MSME Loans,MSME Growth Loan,3200000,2026-05-30,Parth Parikh,Pune — Shivajinagar,Maharashtra Region,West Zone,Not reachable,NR-03,No response after 3 attempts,,,2026-05-03 12:16:00,No,Parth Parikh,2026-05-03 12:16:00,Self-Employed Professional,Self-Employed,0.2,No
916,Padmaja,Varma,AFL-RET-000916,Social media,Shubh Vivah JAN26,CMP-2026-0012,2026-01-15 11:58:00,,7415744504,,padmaja.varma31@gmail.com,1974-03-10,,,Warangal,Warangal,Telangana,506009,India,Professional Loans,Doctor Professional Loan,550000,2026-02-14,Aruna Reddy,Warangal — Hanamkonda,Telangana Region,South Zone,Not interested,NI-01,Rate of interest too high,,,2026-01-18 09:22:00,No,Aruna Reddy,2026-01-18 09:22:00,Self-Employed Non-Professional,Self-Employed,2,No
917,Swapnil,Trivedi,AFL-RET-000917,Landing page,Shubh Vivah DEC25,CMP-2025-0011,2025-12-07 14:37:00,,9301927254,,swapnil.trivedi@rediffmail.com,1981-12-17,,,Ahmedabad,Ahmedabad,Gujarat,380051,India,Retail Personal Loans,Home Renovation Loan,155000,2026-01-06,Parth Joshi,Ahmedabad — Satellite,Gujarat Region,West Zone,Rejected,REJ-10,Technical valuation below expectation,,,2025-12-14 10:20:00,No,Parth Joshi,2025-12-14 10:20:00,Salaried — MNC,Salaried,,No
918,Jayesh,Patil,AFL-RET-000918,Social media,Vyapar Vriddhi FEB26,CMP-2026-0016,2026-02-03 12:23:00,,8259173527,8351497801,jayesh.patil@hotmail.com,1979-02-22,AQYPQ7456Y,PAN_Jayesh_Patil.pdf,Ahmedabad,Ahmedabad,Gujarat,380052,India,Business & MSME Loans,Vyapar Business Loan,700000,2026-03-20,Hardik Bhatt,Ahmedabad — Satellite,Gujarat Region,West Zone,Disbursed,,,,AFLRET26000203,2026-02-15 09:56:00,No,Hardik Bhatt,2026-02-15 09:56:00,Agriculturist,Self-Employed,0.2,No
919,Sudeshna,Bhattacharya,AFL-RET-000919,Website,Ghar Ka Sapna NOV25,CMP-2025-0008,2025-11-27 18:31:00,458857837,6769339402,,sudeshna.bhattacharya@rediffmail.com,1962-10-15,GNVPC9833E,PAN_Sudeshna_Bhattacharya.pdf,Kolkata,Kolkata,West Bengal,700016,India,Retail Home Loans,Home Purchase Loan,11000000,2025-12-27,Debolina Banerjee,Kolkata — Park Street,West Bengal Region,East Zone,Login Initiated,,,,,2025-11-30 10:44:00,No,Debolina Banerjee,2025-11-30 10:44:00,Retired / Pensioner,Salaried,1.3,No
920,Madhavi,Raju,AFL-RET-000920,PQ Campaign,Balance Transfer Bonanza JUN26,CMP-2026-0030,2026-06-04 12:44:00,261865624,6523521819,,madhavi.raju@rediffmail.com,1993-09-26,XQEPJ7538K,PAN_Madhavi_Raju.pdf,Visakhapatnam,Visakhapatnam,Andhra Pradesh,530003,India,Retail Home Loans,Plot + Construction Loan,6500000,2026-07-19,Chandra Naidu,Vizag — Dwaraka Nagar,Kerala & AP Region,South Zone,Rejected,REJ-03,Policy restriction,,,2026-06-07 09:59:00,No,Chandra Naidu,2026-06-07 09:59:00,Salaried — MNC,Salaried,,No
921,Manish,Chopra,AFL-RET-000921,Social media,Shubh Vivah DEC25,CMP-2025-0011,2025-12-03 09:31:00,430738883,7487151218,,manish.chopra@gmail.com,1972-06-10,ACWPB6134Z,PAN_Manish_Chopra.pdf,New Delhi,West Delhi,Delhi,110027,India,Retail Personal Loans,Education Loan,160000,2026-01-02,Nitin Mishra,Delhi — Rajouri Garden,Delhi NCR Region,North Zone,Not interested,NI-04,Requirement postponed,,,2025-12-08 11:28:00,No,Nitin Mishra,2025-12-08 11:28:00,Self-Employed Non-Professional,Self-Employed,0.2,No
922,Rahul,Nair,AFL-RET-000922,Website,Gold Utsav APR26,CMP-2026-0024,2026-04-10 19:51:00,,9796750770,,rahul.nair@rediffmail.com,1973-12-07,,,Kochi,Ernakulam,Kerala,682018,India,Loan Against Property,Lease Rental Discounting,88500000,2026-06-09,Anjana Menon,Kochi — Kaloor,Kerala & AP Region,South Zone,Not interested,NI-01,Rate of interest too high,,,2026-04-15 11:46:00,No,Anjana Menon,2026-04-15 11:46:00,Self-Employed Non-Professional,Self-Employed,0.2,No
923,Paromita,Roy,AFL-RET-000923,Social media,Gold Utsav APR26,CMP-2026-0024,2026-04-06 11:31:00,565836497,6435901492,,paromita.roy@rediffmail.com,2003-10-20,VHFPS3266C,PAN_Paromita_Roy.pdf,Howrah,Howrah,West Bengal,711102,India,Retail Personal Loans,Marriage Loan,275000,2026-05-06,Ananya Das,Howrah — Shibpur,West Bengal Region,East Zone,Rejected,REJ-06,Documentation — unable to provide,,,2026-04-18 11:47:00,No,Ananya Das,2026-04-18 11:47:00,Student,Salaried,,No
924,Jyothi,Reddy,AFL-RET-000924,Website,Vyapar Vriddhi FEB26,CMP-2026-0016,2026-02-16 11:37:00,,8608884586,,jyothi.reddy@rediffmail.com,1990-07-20,,,Hyderabad,Hyderabad,Telangana,500034,India,Retail Home Loans,Plot + Construction Loan,1200000,2026-04-02,Rajitha Reddy,Hyderabad — Banjara Hills,Telangana Region,South Zone,Rejected,REJ-12,GST / ITR not available,,,2026-02-25 11:09:00,No,Rajitha Reddy,2026-02-25 11:09:00,Self-Employed Professional,Self-Employed,,No
925,Swapnil,Mehta,AFL-RET-000925,PQ Campaign,Shubh Vivah NOV25,CMP-2025-0007,2025-11-26 11:51:00,345914661,7518203961,,swapnil.mehta23@rediffmail.com,1990-02-19,JZVPX9079D,PAN_Swapnil_Mehta.pdf,Mumbai,Mumbai,Maharashtra,400020,India,Retail Personal Loans,Marriage Loan,225000,2026-01-10,Omkar Patel,Mumbai — Fort,Maharashtra Region,West Zone,Not interested,NI-05,Processing fee not acceptable,,,2025-11-27 10:21:00,No,Omkar Patel,2025-11-27 10:21:00,Salaried — MNC,Salaried,0.4,No
926,Shreya,Trivedi,AFL-RET-000926,Social media,Ghar Ka Sapna NOV25,CMP-2025-0008,2025-11-13 14:31:00,511634002,7830056101,6534366423,shreya.trivedi@rediffmail.com,2001-05-05,SUMPZ6396L,PAN_Shreya_Trivedi.pdf,Mumbai,Mumbai Suburban,Maharashtra,400058,India,Retail Home Loans,Plot + Construction Loan,5500000,2026-01-12,Bhavesh Patil,Mumbai — Andheri,Maharashtra Region,West Zone,Disbursed,,,,AFLRET25000204,2025-11-26 14:35:00,No,Bhavesh Patil,2025-11-26 14:35:00,Salaried — Government / PSU,Salaried,5,Yes
927,Mihir,Bhatt,AFL-RET-000927,PQ Campaign,Safar Travel APR26,CMP-2026-0025,2026-04-07 20:05:00,468390617,9943952902,9934125506,mihir.bhatt@gmail.com,1995-01-15,YLMPJ4509K,PAN_Mihir_Bhatt.pdf,Nagpur,Nagpur,Maharashtra,440012,India,Retail Personal Loans,Marriage Loan,1200000,2026-05-22,Hardik Patel,Nagpur — Dharampeth,Maharashtra Region,West Zone,Disbursed,,,,AFLRET26000205,2026-05-05 09:57:00,No,Hardik Patel,2026-05-05 09:57:00,Agriculturist,Self-Employed,0.2,No
928,Pranav,Joshi,AFL-RET-000928,Landing page,Balance Transfer Bonanza FEB26,CMP-2026-0017,2026-02-16 14:00:00,,6511890930,7953761143,pranav.joshi51@gmail.com,1984-07-15,,,Mumbai,Mumbai Suburban,Maharashtra,400087,India,Vehicle & Consumer Loans,Used Car Loan,1300000,2026-04-17,Bhavesh Modi,Mumbai — Powai,Maharashtra Region,West Zone,Rejected,REJ-10,Technical valuation below expectation,,,2026-02-27 09:19:00,No,Bhavesh Modi,2026-02-27 09:19:00,Homemaker,Self-Employed,,No
929,Krupa,Doshi,AFL-RET-000929,Landing page,Swasthya Care JUL26,CMP-2026-0032,2026-07-26 13:12:00,,9501536961,,krupa.doshi@outlook.com,1979-12-06,QFDPP5079R,PAN_Krupa_Doshi.pdf,Pune,Pune,Maharashtra,411016,India,Retail Personal Loans,Medical Emergency Loan,225000,2026-09-09,Parth Parikh,Pune — Shivajinagar,Maharashtra Region,West Zone,Sanctioned,,,,AFLRET26000206,2026-08-13 09:16:00,No,Parth Parikh,2026-08-13 09:16:00,Salaried — Government / PSU,Salaried,1,No
930,Gaurav,Aggarwal,AFL-RET-000930,Website,Shiksha Education JUL26,CMP-2026-0031,2026-07-24 17:37:00,,8654754502,,gaurav.aggarwal@gmail.com,1995-03-22,HSZPK1902S,PAN_Gaurav_Aggarwal.pdf,Jodhpur,Jodhpur,Rajasthan,342001,India,Loan Against Property,Lease Rental Discounting,72500000,2026-09-22,Rohit Sharma,Jodhpur — Sardarpura,North India Region,North Zone,Not interested,NI-05,Processing fee not acceptable,,,2026-07-27 10:55:00,No,Rohit Sharma,2026-07-27 10:55:00,Business Owner,Self-Employed,0.2,No
931,Mamata,Prasad,AFL-RET-000931,Landing page,Diwali Dhamaka OCT25,CMP-2025-0001,2025-10-14 19:31:00,,7969984004,,mamata.prasad23@rediffmail.com,1989-06-20,,,Patna,Patna,Bihar,800014,India,Retail Personal Loans,Diwali Special Loan,190000,2025-11-13,Sanjay Singh,Patna — Boring Road,East India Region,East Zone,Rejected,REJ-10,Technical valuation below expectation,,,2025-10-17 10:46:00,No,Sanjay Singh,2025-10-17 10:46:00,Salaried — Government / PSU,Salaried,,No
932,Sandip,Majumdar,AFL-RET-000932,Website,Shubh Vivah NOV25,CMP-2025-0007,2025-11-14 18:00:00,250203735,8638276423,,sandip.majumdar@gmail.com,1974-11-25,,,Kolkata,Kolkata,West Bengal,700091,India,Loan Against Property,Lease Rental Discounting,36000000,2025-12-14,Tanmoy Chakraborty,Kolkata — Salt Lake,West Bengal Region,East Zone,Rejected,REJ-11,Business vintage below minimum,,,2025-11-19 11:34:00,No,Tanmoy Chakraborty,2025-11-19 11:34:00,Business Owner,Self-Employed,,No
933,Shashank,Reddy,AFL-RET-000933,Website,Shiksha Education AUG26,CMP-2026-0034,2026-08-24 12:12:00,,8142245769,,shashank.reddy@yahoo.com,1985-06-26,HKFPQ6399Y,PAN_Shashank_Reddy.pdf,Bengaluru,Bengaluru Urban,Karnataka,560034,India,Retail Personal Loans,Education Loan,1100000,2026-09-23,Manoj Nair,Bengaluru — Koramangala,Karnataka Region,South Zone,Sanctioned,,,,AFLRET26000207,2026-08-30 17:11:00,No,Manoj Nair,2026-08-30 17:11:00,Self-Employed Non-Professional,Self-Employed,4,Yes
934,Srabani,Chakraborty,AFL-RET-000934,Landing page,Ghar Ka Sapna NOV25,CMP-2025-0008,2025-11-09 12:51:00,,8464954149,,srabani.chakraborty@outlook.com,2000-06-16,YBAPM8289U,PAN_Srabani_Chakraborty.pdf,Kolkata,Kolkata,West Bengal,700091,India,Business & MSME Loans,MSME Growth Loan,5000000,2026-01-08,Tanmoy Chakraborty,Kolkata — Salt Lake,West Bengal Region,East Zone,Not interested,NI-05,Processing fee not acceptable,,,2025-11-10 09:41:00,No,Tanmoy Chakraborty,2025-11-10 09:41:00,Homemaker,Self-Employed,0.2,No
935,Ashwini,Panchal,AFL-RET-000935,PQ Campaign,Vyapar Vriddhi FEB26,CMP-2026-0016,2026-02-15 20:31:00,353128298,8492137993,,ashwini.panchal@outlook.com,1979-07-13,,,Mumbai,Mumbai Suburban,Maharashtra,400101,India,Business & MSME Loans,Working Capital Loan,2200000,2026-04-01,Aniket Modi,Mumbai — Powai,Maharashtra Region,West Zone,Rejected,REJ-03,Policy restriction,,,2026-02-17 09:34:00,No,Aniket Modi,2026-02-17 09:34:00,Business Owner,Self-Employed,,No
936,Prosenjit,Bhattacharya,AFL-RET-000936,Landing page,Shiksha Education AUG26,CMP-2026-0034,2026-08-08 16:00:00,,8864202565,,prosenjit.bhattacharya@yahoo.com,1975-08-02,ETJPJ3585P,PAN_Prosenjit_Bhattacharya.pdf,Kolkata,Kolkata,West Bengal,700020,India,Retail Personal Loans,Debt Consolidation Loan,500000,2026-09-07,Rajib Chatterjee,Kolkata — Park Street,West Bengal Region,East Zone,Not interested,NI-03,Only enquiring — no current need,,,2026-08-12 11:10:00,No,Rajib Chatterjee,2026-08-12 11:10:00,Salaried — Government / PSU,Salaried,0.3,No
937,Harsha,Gowda,AFL-RET-000937,Social media,Shiksha Education MAY26,CMP-2026-0026,2026-05-03 16:00:00,723812085,7483121135,,harsha.gowda76@outlook.com,1986-01-27,,,Bengaluru,Bengaluru Urban,Karnataka,560067,India,Gold & Secured Loans,Loan Against Securities,5500000,2026-06-02,Deepa Iyengar,Bengaluru — Whitefield,Karnataka Region,South Zone,Not interested,NI-04,Requirement postponed,,,2026-05-05 13:54:00,No,Deepa Iyengar,2026-05-05 13:54:00,Self-Employed Non-Professional,Self-Employed,1.9,No
938,Isha,Rathore,AFL-RET-000938,Website,Gold Utsav APR26,CMP-2026-0024,2026-04-02 09:18:00,,7876449952,,isha.rathore9@gmail.com,1996-02-03,RQVPW9325L,PAN_Isha_Rathore.pdf,Ludhiana,Ludhiana,Punjab,141002,India,Gold & Secured Loans,Loan Against Securities,1500000,2026-06-01,Swati Saxena,Ludhiana — Mall Road,North India Region,North Zone,Rejected,REJ-03,Policy restriction,,,2026-04-07 11:16:00,No,Swati Saxena,2026-04-07 11:16:00,Self-Employed Professional,Self-Employed,,No
939,Anjali,Khanna,AFL-RET-000939,Landing page,Vyapar Vriddhi MAR26,CMP-2026-0020,2026-03-07 13:18:00,,7581919573,,,1979-09-16,,,New Delhi,West Delhi,Delhi,110058,India,Business & MSME Loans,Vyapar Business Loan,2400000,2026-04-21,Nitin Mishra,Delhi — Rajouri Garden,Delhi NCR Region,North Zone,Rejected,REJ-03,Policy restriction,,,2026-03-17 09:50:00,No,Nitin Mishra,2026-03-17 09:50:00,Self-Employed Professional,Self-Employed,,No
940,Ramesh,Iyer,AFL-RET-000940,Website,Safar Travel APR26,CMP-2026-0025,2026-04-06 20:51:00,,9428806952,,,1993-10-15,,,Chennai,Chennai,Tamil Nadu,600033,India,Retail Personal Loans,Marriage Loan,450000,2026-06-05,Hariharan Krishnan,Chennai — T Nagar,Tamil Nadu Region,South Zone,Not interested,NI-05,Processing fee not acceptable,,,2026-04-10 10:37:00,No,Hariharan Krishnan,2026-04-10 10:37:00,Salaried — MNC,Salaried,10.1,Yes
941,Divya,Pillai,AFL-RET-000941,Social media,Shiksha Education JUN26,CMP-2026-0028,2026-06-06 17:05:00,250736267,6742788657,,divya.pillai@rediffmail.com,1984-04-09,,,Madurai,Madurai,Tamil Nadu,625014,India,Retail Personal Loans,Education Loan,1300000,2026-07-06,Kavya Krishnan,Madurai — Anna Nagar,Tamil Nadu Region,South Zone,Rejected,REJ-13,Others,,,2026-06-09 17:20:00,No,Kavya Krishnan,2026-06-09 17:20:00,Salaried — Private Sector,Salaried,,No
942,Rushabh,Kulkarni,AFL-RET-000942,Website,Safar Travel OCT25,CMP-2025-0004,2025-10-14 15:31:00,511206760,6854644546,,rushabh.kulkarni@yahoo.com,2002-03-16,LAAPG5677F,PAN_Rushabh_Kulkarni.pdf,Nashik,Nashik,Maharashtra,422001,India,Business & MSME Loans,Machinery Purchase Loan,9500000,2025-11-13,Tanvi Mehta,Nashik — College Road,Maharashtra Region,West Zone,Not interested,NI-05,Processing fee not acceptable,,,2025-10-18 09:05:00,No,Tanvi Mehta,2025-10-18 09:05:00,Self-Employed Professional,Self-Employed,0.3,No
943,Rakesh,Rai,AFL-RET-000943,Landing page,Gold Utsav APR26,CMP-2026-0024,2026-04-09 14:05:00,,9839736468,,rakesh.rai@gmail.com,1972-04-17,,,Bengaluru,Bengaluru Urban,Karnataka,560041,India,Gold & Secured Loans,Loan Against Securities,875000,2026-06-08,Vinay Jain,Bengaluru — Jayanagar,Karnataka Region,South Zone,Not interested,NI-03,Only enquiring — no current need,,,2026-04-13 11:18:00,No,Vinay Jain,2026-04-13 11:18:00,Self-Employed Professional,Self-Employed,0.2,No
944,Bhaskar,Gupta,AFL-RET-000944,PQ Campaign,Property Power MAY26,CMP-2026-0027,2026-05-26 19:58:00,814160658,6227558523,9620873087,bhaskar.gupta@yahoo.com,2003-01-27,BWWPT5986T,PAN_Bhaskar_Gupta.pdf,Hyderabad,Rangareddy,Telangana,500032,India,Loan Against Property,MLAP (Shakti),1500000,2026-06-25,Swapna Gupta,Hyderabad — Gachibowli,Telangana Region,South Zone,Sanctioned,,,,AFLRET26000208,2026-06-05 13:46:00,No,Swapna Gupta,2026-06-05 13:46:00,Homemaker,Self-Employed,0.6,No
945,Priya,Chopra,AFL-RET-000945,Website,Shubh Vivah DEC25,CMP-2025-0011,2025-12-15 15:44:00,,8702772443,,priya.chopra@outlook.com,1990-08-26,,,Lucknow,Lucknow,Uttar Pradesh,226003,India,Retail Home Loans,Plot + Construction Loan,5500000,2026-01-29,Tarun Tiwari,Lucknow — Hazratganj,North India Region,North Zone,Not interested,NI-03,Only enquiring — no current need,,,2025-12-21 10:59:00,No,Tarun Tiwari,2025-12-21 10:59:00,Self-Employed Professional,Self-Employed,5,Yes
946,Aarav,Sinha,AFL-RET-000946,PQ Campaign,Diwali Dhamaka OCT25,CMP-2025-0001,2025-10-25 10:00:00,209057229,7819286599,,aarav.sinha@rediffmail.com,1985-06-21,,,New Delhi,West Delhi,Delhi,110063,India,Professional Loans,CA / Professional Loan,1200000,2025-12-09,Arjun Sethi,Delhi — Rajouri Garden,Delhi NCR Region,North Zone,Rejected,REJ-02,Income below minimum,,,2025-10-29 10:04:00,No,Arjun Sethi,2025-10-29 10:04:00,Business Owner,Self-Employed,,No
947,Bhakti,Chavan,AFL-RET-000947,Landing page,Safar Travel OCT25,CMP-2025-0004,2025-10-07 11:51:00,127885040,8171483803,9495283190,bhakti.chavan@gmail.com,1981-08-06,,,Mumbai,Mumbai,Maharashtra,400005,India,Retail Personal Loans,Travel Loan,650000,2025-11-21,Omkar Patel,Mumbai — Fort,Maharashtra Region,West Zone,Rejected,REJ-09,Property title not clear,,,2025-10-10 09:09:00,No,Omkar Patel,2025-10-10 09:09:00,Salaried — Government / PSU,Salaried,,No
948,Hetal,Joshi,AFL-RET-000948,Landing page,Gold Utsav APR26,CMP-2026-0024,2026-04-06 18:58:00,,8589416426,,hetal.joshi26@yahoo.com,1992-05-07,,,Rajkot,Rajkot,Gujarat,360001,India,Gold & Secured Loans,Loan Against Securities,7500000,2026-06-05,Siddharth Trivedi,Rajkot — Kalawad Road,Gujarat Region,West Zone,Rejected,REJ-01,Credit / bureau issue (CIBIL below cut-off),,,2026-04-17 10:04:00,No,Siddharth Trivedi,2026-04-17 10:04:00,Salaried — MNC,Salaried,,No
949,Bala,Vaidyanathan,AFL-RET-000949,Social media,Diwali Dhamaka NOV25,CMP-2025-0006,2025-11-22 18:44:00,339477504,8104357689,6575185267,bala.vaidyanathan@outlook.com,2001-05-18,AZRPN3309T,PAN_Bala_Vaidyanathan.pdf,Chennai,Chennai,Tamil Nadu,600020,India,Retail Personal Loans,Diwali Special Loan,65000,2026-01-21,Suresh Raman,Chennai — Adyar,Tamil Nadu Region,South Zone,Disbursed,,,,AFLRET25000209,2025-12-30 14:32:00,No,Suresh Raman,2025-12-30 14:32:00,Salaried — MNC,Salaried,0.2,No
950,Sandeep,Rathore,AFL-RET-000950,Social media,Gold Utsav APR26,CMP-2026-0024,2026-04-18 18:51:00,,8476077998,9904437446,sandeep.rathore@gmail.com,1972-07-03,,,Ludhiana,Ludhiana,Punjab,141002,India,Business & MSME Loans,Machinery Purchase Loan,9500000,2026-05-18,Swati Saxena,Ludhiana — Mall Road,North India Region,North Zone,Not interested,NI-05,Processing fee not acceptable,,,2026-04-21 11:12:00,No,Swati Saxena,2026-04-21 11:12:00,Self-Employed Non-Professional,Self-Employed,0.4,No
951,Mrunal,Sawant,AFL-RET-000951,Website,Property Power APR26,CMP-2026-0023,2026-04-12 19:00:00,480925612,9227306542,,mrunal.sawant@hotmail.com,1970-11-18,VABPL5410F,PAN_Mrunal_Sawant.pdf,Surat,Surat,Gujarat,395001,India,Retail Home Loans,Home Loan Balance Transfer,4000000,2026-05-12,Omkar Shah,Surat — Adajan,Gujarat Region,West Zone,Rejected,REJ-02,Income below minimum,,,2026-04-20 18:15:00,No,Omkar Shah,2026-04-20 18:15:00,Business Owner,Self-Employed,,No
952,Priya,Sinha,AFL-RET-000952,Landing page,Diwali Dhamaka OCT25,CMP-2025-0001,2025-10-16 12:18:00,757189697,8868256972,9389053230,priya.sinha@gmail.com,1967-10-24,,,Noida,Gautam Buddha Nagar,Uttar Pradesh,201309,India,Retail Personal Loans,Diwali Special Loan,90000,2025-12-15,Ritika Singh,Noida — Sector 62,Delhi NCR Region,North Zone,Duplicate,DUP-02,Same LAN already sourced,,,2025-10-16 13:33:00,Yes,Ritika Singh,2025-10-16 13:33:00,Retired / Pensioner,Salaried,,No
953,Shreya,Mehta,AFL-RET-000953,Social media,Shubh Vivah FEB26,CMP-2026-0015,2026-02-10 18:58:00,,7471913404,9247095199,shreya.mehta@outlook.com,1979-06-13,,,Mumbai,Mumbai Suburban,Maharashtra,400064,India,Retail Personal Loans,Marriage Loan,400000,2026-04-11,Mihir Bhatt,Mumbai — Andheri,Maharashtra Region,West Zone,Not reachable,NR-02,Invalid / wrong number,,,2026-02-13 09:20:00,No,Mihir Bhatt,2026-02-13 09:20:00,Salaried — Private Sector,Salaried,0.4,No
954,Sneha,Chavan,AFL-RET-000954,PQ Campaign,Vyapar Vriddhi MAR26,CMP-2026-0020,2026-03-19 13:23:00,226978849,6323729256,,sneha.chavan5@outlook.com,1991-11-13,ABTPN3518W,PAN_Sneha_Chavan.pdf,Pune,Pune,Maharashtra,411030,India,Business & MSME Loans,Vyapar Business Loan,1500000,2026-05-03,Nikhil Deshmukh,Pune — Shivajinagar,Maharashtra Region,West Zone,Disbursed,,,,AFLRET26000210,2026-04-09 09:42:00,No,Nikhil Deshmukh,2026-04-09 09:42:00,Self-Employed Non-Professional,Self-Employed,0.2,No
955,Chetan,Nair,AFL-RET-000955,Website,Shiksha Education JUL26,CMP-2026-0031,2026-07-04 20:37:00,,7564526433,,chetan.nair@yahoo.com,1972-12-25,DHAPW4604H,PAN_Chetan_Nair.pdf,Hubballi,Dharwad,Karnataka,580029,India,Retail Personal Loans,Education Loan,400000,2026-09-02,Suhas Pai,Hubballi — Vidyanagar,Karnataka Region,South Zone,Disbursed,,,,AFLRET26000211,2026-07-20 10:05:00,No,Suhas Pai,2026-07-20 10:05:00,Salaried — MNC,Salaried,1.4,No
956,Nagaraj,Bhat,AFL-RET-000956,Social media,Shubh Vivah DEC25,CMP-2025-0011,2025-12-31 17:58:00,,6764831619,,nagaraj.bhat@hotmail.com,1972-08-13,JNWPK5851P,PAN_Nagaraj_Bhat.pdf,Bengaluru,Bengaluru Urban,Karnataka,560066,India,Vehicle & Consumer Loans,Two-Wheeler Loan,40000,2026-03-01,Kiran Udupa,Bengaluru — Whitefield,Karnataka Region,South Zone,Not interested,NI-07,Tenure offered not suitable,,,2026-01-02 09:14:00,No,Kiran Udupa,2026-01-02 09:14:00,Self-Employed Non-Professional,Self-Employed,0.2,No
957,Divya,Ganesan,AFL-RET-000957,Website,Shubh Vivah JAN26,CMP-2026-0012,2026-01-15 15:23:00,,6820936988,,divya.ganesan@rediffmail.com,1981-12-17,,,Coimbatore,Coimbatore,Tamil Nadu,641018,India,Business & MSME Loans,Machinery Purchase Loan,9000000,2026-02-14,Muthu Krishnan,Coimbatore — RS Puram,Tamil Nadu Region,South Zone,Not interested,NI-03,Only enquiring — no current need,,,2026-01-16 12:47:00,No,Muthu Krishnan,2026-01-16 12:47:00,Business Owner,Self-Employed,0.4,No
958,Rekha,Saikia,AFL-RET-000958,Website,Shiksha Education JUL26,CMP-2026-0031,2026-07-08 09:05:00,,9663515120,9492759344,rekha.saikia@rediffmail.com,1982-09-23,SAVPJ8579W,PAN_Rekha_Saikia.pdf,Patna,Patna,Bihar,800013,India,Retail Personal Loans,Education Loan,1100000,2026-08-22,Sanjay Singh,Patna — Boring Road,East India Region,East Zone,Rejected,REJ-09,Property title not clear,,,2026-07-18 09:27:00,No,Sanjay Singh,2026-07-18 09:27:00,Business Owner,Self-Employed,,No
959,Swapna,Naidu,AFL-RET-000959,Website,Swasthya Care AUG26,CMP-2026-0035,2026-08-21 10:00:00,,6805268637,,swapna.naidu@rediffmail.com,1989-02-16,,,Vijayawada,Krishna,Andhra Pradesh,520001,India,Retail Personal Loans,Medical Emergency Loan,70000,2026-10-05,Sirisha Chowdary,Vijayawada — MG Road,Kerala & AP Region,South Zone,Not interested,NI-03,Only enquiring — no current need,,,2026-08-26 10:00:00,No,Sirisha Chowdary,2026-08-26 10:00:00,Homemaker,Self-Employed,8.5,Yes
960,Deepak,Chopra,AFL-RET-000960,Landing page,Safar Travel MAR26,CMP-2026-0022,2026-03-16 19:12:00,,9845900537,,,1983-03-20,,,Noida,Gautam Buddha Nagar,Uttar Pradesh,201303,India,Retail Personal Loans,Travel Loan,80000,2026-04-15,Ritika Singh,Noida — Sector 62,Delhi NCR Region,North Zone,Not interested,NI-03,Only enquiring — no current need,,,2026-03-21 11:27:00,No,Ritika Singh,2026-03-21 11:27:00,Salaried — Private Sector,Salaried,5.8,Yes
961,Omkar,Kulkarni,AFL-RET-000961,Website,Swasthya Care JUL26,CMP-2026-0032,2026-07-03 16:51:00,,9760460474,,omkar.kulkarni73@gmail.com,1986-06-05,CWRPJ5143T,PAN_Omkar_Kulkarni.pdf,Mumbai,Mumbai Suburban,Maharashtra,400050,India,Retail Home Loans,Plot + Construction Loan,4600000,2026-09-01,Jayesh Chavan,Mumbai — Bandra,Maharashtra Region,West Zone,Rejected,REJ-04,Negative / restricted profile,,,2026-07-11 11:06:00,No,Jayesh Chavan,2026-07-11 11:06:00,Business Owner,Self-Employed,,No
962,Sameer,Vora,AFL-RET-000962,PQ Campaign,Professional Edge AUG26,CMP-2026-0036,2026-08-03 13:58:00,284947658,6452163830,,sameer.vora@outlook.com,1992-06-21,,,Thane,Thane,Maharashtra,400615,India,Loan Against Property,Lease Rental Discounting,35500000,2026-09-17,Kalyani Joshi,Thane — Ghodbunder,Maharashtra Region,West Zone,Follow-up,,,2026-09-22,,2026-08-05 09:49:00,No,Kalyani Joshi,2026-08-05 09:49:00,Homemaker,Self-Employed,0.2,No
963,Vishal,Saxena,AFL-RET-000963,Landing page,Gold Utsav OCT25,CMP-2025-0003,2025-10-31 11:18:00,,9240387643,,vishal.saxena@outlook.com,1979-01-16,UBQPY1636B,PAN_Vishal_Saxena.pdf,Jodhpur,Jodhpur,Rajasthan,342003,India,Business & MSME Loans,Machinery Purchase Loan,3900000,2025-11-30,Rohit Sharma,Jodhpur — Sardarpura,North India Region,North Zone,Sanctioned,,,,AFLRET25000212,2025-11-20 13:36:00,No,Rohit Sharma,2025-11-20 13:36:00,Self-Employed Non-Professional,Self-Employed,0.2,No
964,Aruna,Pillai,AFL-RET-000964,PQ Campaign,Shubh Vivah NOV25,CMP-2025-0007,2025-11-15 14:44:00,532307792,7981781936,,aruna.pillai@hotmail.com,1975-11-06,CKQPG2103F,PAN_Aruna_Pillai.pdf,Hyderabad,Hyderabad,Telangana,500082,India,Retail Home Loans,Home Loan Balance Transfer,9500000,2025-12-15,Rajitha Reddy,Hyderabad — Banjara Hills,Telangana Region,South Zone,Disbursed,,,,AFLRET25000213,2025-12-09 09:21:00,No,Rajitha Reddy,2025-12-09 09:21:00,Salaried — MNC,Salaried,0.2,No
965,Nimisha,George,AFL-RET-000965,Landing page,Shiksha Education AUG26,CMP-2026-0034,2026-08-29 18:23:00,,6997434475,,nimisha.george37@hotmail.com,1991-07-22,,,Kochi,Ernakulam,Kerala,682024,India,Loan Against Property,MLAP (Shakti),5500000,2026-09-28,Anjana Menon,Kochi — Kaloor,Kerala & AP Region,South Zone,Not reachable,NR-02,Invalid / wrong number,,,2026-09-02 10:03:00,No,Anjana Menon,2026-09-02 10:03:00,Business Owner,Self-Employed,4.7,Yes
966,Trupti,Deshmukh,AFL-RET-000966,PQ Campaign,Professional Edge MAR26,CMP-2026-0021,2026-03-31 16:18:00,112547516,6871781716,,trupti.deshmukh@gmail.com,1959-04-02,NRGPE8993Z,PAN_Trupti_Deshmukh.pdf,Mumbai,Mumbai Suburban,Maharashtra,400097,India,Vehicle & Consumer Loans,Used Car Loan,450000,2026-05-30,Bhavesh Modi,Mumbai — Powai,Maharashtra Region,West Zone,Sanctioned,,,,AFLRET26000214,2026-04-11 18:00:00,No,Bhavesh Modi,2026-04-11 18:00:00,Retired / Pensioner,Salaried,1.7,No
967,Saravanan,Krishnan,AFL-RET-000967,Website,Property Power MAY26,CMP-2026-0027,2026-05-27 13:51:00,502139889,7663791626,6268475655,saravanan.krishnan81@hotmail.com,1994-07-25,,,Coimbatore,Coimbatore,Tamil Nadu,641018,India,Loan Against Property,Loan Against Property,3200000,2026-06-26,Muthu Krishnan,Coimbatore — RS Puram,Tamil Nadu Region,South Zone,Not interested,NI-02,Already availed loan elsewhere,,,2026-05-31 12:09:00,No,Muthu Krishnan,2026-05-31 12:09:00,Self-Employed Non-Professional,Self-Employed,0.2,No
968,Siddharth,Sawant,AFL-RET-000968,PQ Campaign,Swasthya Care JUL26,CMP-2026-0032,2026-07-10 14:58:00,977546020,6749049806,,siddharth.sawant42@yahoo.com,1976-08-06,ZJCPB5734M,PAN_Siddharth_Sawant.pdf,Mumbai,Mumbai Suburban,Maharashtra,400087,India,Business & MSME Loans,Machinery Purchase Loan,8000000,2026-09-08,Bhavesh Modi,Mumbai — Powai,Maharashtra Region,West Zone,Disbursed,,,,AFLRET26000215,2026-08-06 11:26:00,No,Bhavesh Modi,2026-08-06 11:26:00,Self-Employed Professional,Self-Employed,0.2,No
969,Rutuja,Shah,AFL-RET-000969,Website,Swasthya Care AUG26,CMP-2026-0035,2026-08-14 20:00:00,,7452151442,,rutuja.shah@yahoo.com,1981-06-07,MYCPN1028R,PAN_Rutuja_Shah.pdf,Pune,Pune,Maharashtra,411057,India,Retail Personal Loans,Diwali Special Loan,300000,2026-09-13,Sagar Vora,Pune — Wakad,Maharashtra Region,West Zone,Follow-up,,,2026-09-13,,2026-08-17 14:22:00,No,Sagar Vora,2026-08-17 14:22:00,Business Owner,Self-Employed,6.3,Yes
970,Rohit,Mishra,AFL-RET-000970,Website,Shiksha Education JUL26,CMP-2026-0031,2026-07-10 13:37:00,,9312442220,,rohit.mishra@gmail.com,1995-02-05,,,Noida,Gautam Buddha Nagar,Uttar Pradesh,201309,India,Retail Personal Loans,Education Loan,1400000,2026-09-08,Ritika Singh,Noida — Sector 62,Delhi NCR Region,North Zone,Not reachable,NR-03,No response after 3 attempts,,,2026-07-11 14:01:00,No,Ritika Singh,2026-07-11 14:01:00,Salaried — Private Sector,Salaried,0.4,No
971,Prasad,Naidu,AFL-RET-000971,PQ Campaign,Shiksha Education JUL26,CMP-2026-0031,2026-07-27 13:44:00,185538685,6614538814,,,1988-08-15,QLSPP2072H,PAN_Prasad_Naidu.pdf,Visakhapatnam,Visakhapatnam,Andhra Pradesh,530020,India,Retail Personal Loans,Education Loan,150000,2026-09-10,Chandra Naidu,Vizag — Dwaraka Nagar,Kerala & AP Region,South Zone,Disbursed,,,,AFLRET26000216,2026-08-09 11:43:00,No,Chandra Naidu,2026-08-09 11:43:00,Business Owner,Self-Employed,0.2,No
972,Suhas,Pai,AFL-RET-000972,Website,Diwali Dhamaka NOV25,CMP-2025-0006,2025-11-11 15:51:00,231727618,7119918892,,suhas.pai@outlook.com,1991-10-23,HGEPR4912N,PAN_Suhas_Pai.pdf,Bengaluru,Bengaluru Urban,Karnataka,560103,India,Vehicle & Consumer Loans,Two-Wheeler Loan,45000,2025-12-11,Kiran Udupa,Bengaluru — Whitefield,Karnataka Region,South Zone,Rejected,REJ-04,Negative / restricted profile,,,2025-11-13 12:06:00,No,Kiran Udupa,2025-11-13 12:06:00,Salaried — Government / PSU,Salaried,,No
973,Mahesh,Achari,AFL-RET-000973,PQ Campaign,Vyapar Vriddhi JAN26,CMP-2026-0013,2026-01-28 10:31:00,263259306,6987939830,,mahesh.achari56@outlook.com,1979-06-19,YRFPL7204D,PAN_Mahesh_Achari.pdf,Warangal,Warangal,Telangana,506004,India,Loan Against Property,Loan Against Property,6000000,2026-02-27,Aruna Reddy,Warangal — Hanamkonda,Telangana Region,South Zone,Not reachable,NR-01,Number switched off / unreachable,,,2026-01-31 10:04:00,No,Aruna Reddy,2026-01-31 10:04:00,Salaried — Government / PSU,Salaried,5.4,Yes
974,Nilima,Jena,AFL-RET-000974,PQ Campaign,Ghar Ka Sapna MAR26,CMP-2026-0019,2026-03-17 17:58:00,375553139,6964362324,,nilima.jena@rediffmail.com,1985-03-27,,,Ranchi,Ranchi,Jharkhand,834001,India,Retail Personal Loans,Kushal Personal Loan,4200000,2026-04-16,Anita Bora,Ranchi — Main Road,East India Region,East Zone,Rejected,REJ-07,Existing obligations too high (FOIR),,,2026-03-19 09:04:00,No,Anita Bora,2026-03-19 09:04:00,Salaried — Government / PSU,Salaried,,No
975,Hardik,Vora,AFL-RET-000975,Landing page,Property Power JUN26,CMP-2026-0029,2026-06-14 16:18:00,757713082,9160293029,8355831133,hardik.vora@gmail.com,1993-01-20,,,Ahmedabad,Ahmedabad,Gujarat,380006,India,Loan Against Property,MLAP (Shakti),3200000,2026-07-29,Swapnil Vora,Ahmedabad — CG Road,Gujarat Region,West Zone,Rejected,REJ-08,Employer / company not approved,,,2026-06-23 10:33:00,No,Swapnil Vora,2026-06-23 10:33:00,Self-Employed Professional,Self-Employed,,No
976,Kunal,Jadhav,AFL-RET-000976,Social media,Professional Edge MAR26,CMP-2026-0021,2026-03-25 11:00:00,,7862367953,,kunal.jadhav@rediffmail.com,2001-02-07,,,Mumbai,Mumbai Suburban,Maharashtra,400052,India,Retail Personal Loans,Kushal Personal Loan,2600000,2026-05-24,Shreya Desai,Mumbai — Bandra,Maharashtra Region,West Zone,Rejected,REJ-03,Policy restriction,,,2026-04-05 10:30:00,No,Shreya Desai,2026-04-05 10:30:00,Salaried — Private Sector,Salaried,,No
977,Kiran,Nair,AFL-RET-000977,Social media,Safar Travel OCT25,CMP-2025-0004,2025-10-31 19:18:00,161974937,7804378029,,kiran.nair51@hotmail.com,1989-05-06,,,Bengaluru,Bengaluru Urban,Karnataka,560103,India,Retail Home Loans,Home Loan Balance Transfer,2400000,2025-11-30,Deepa Iyengar,Bengaluru — Whitefield,Karnataka Region,South Zone,Not reachable,NR-03,No response after 3 attempts,,,2025-11-03 09:15:00,No,Deepa Iyengar,2025-11-03 09:15:00,Salaried — Government / PSU,Salaried,0.2,No
978,Aarti,Sinha,AFL-RET-000978,Website,Shubh Vivah DEC25,CMP-2025-0011,2025-12-30 12:58:00,,8287888393,,aarti.sinha@gmail.com,1973-05-06,,,Kanpur,Kanpur Nagar,Uttar Pradesh,208002,India,Loan Against Property,Loan Against Property,7500000,2026-02-28,Nitin Bansal,Kanpur — Civil Lines,North India Region,North Zone,Not reachable,NR-03,No response after 3 attempts,,,2026-01-02 12:16:00,No,Nitin Bansal,2026-01-02 12:16:00,Salaried — MNC,Salaried,15.9,Yes
979,Payal,Gaikwad,AFL-RET-000979,PQ Campaign,Ghar Ka Sapna SEP26,CMP-2026-0037,2026-09-01 17:18:00,679162730,8133162592,,payal.gaikwad58@gmail.com,1991-02-20,,,Mumbai,Mumbai Suburban,Maharashtra,400059,India,Retail Personal Loans,Debt Consolidation Loan,500000,2026-10-16,Mihir Bhatt,Mumbai — Andheri,Maharashtra Region,West Zone,Not reachable,NR-01,Number switched off / unreachable,,,2026-09-04 11:54:00,No,Mihir Bhatt,2026-09-04 11:54:00,Salaried — MNC,Salaried,0.6,No
980,Rashmi,Saxena,AFL-RET-000980,Website,Safar Travel APR26,CMP-2026-0025,2026-04-17 13:51:00,833062348,9360142192,8180404310,rashmi.saxena@outlook.com,1988-04-28,,,New Delhi,South Delhi,Delhi,110017,India,Retail Personal Loans,Marriage Loan,900000,2026-06-01,Rajat Chopra,Delhi — Saket,Delhi NCR Region,North Zone,Not interested,NI-02,Already availed loan elsewhere,,,2026-04-19 10:50:00,No,Rajat Chopra,2026-04-19 10:50:00,Salaried — MNC,Salaried,0.2,No
981,Yash,Wagh,AFL-RET-000981,Landing page,Shiksha Education AUG26,CMP-2026-0034,2026-08-11 15:44:00,517317238,7505406475,,yash.wagh@hotmail.com,1994-06-05,VQBPQ4666W,PAN_Yash_Wagh.pdf,Mumbai,Mumbai Suburban,Maharashtra,400064,India,Retail Personal Loans,Education Loan,675000,2026-09-10,Mihir Bhatt,Mumbai — Andheri,Maharashtra Region,West Zone,Sanctioned,,,,AFLRET26000217,2026-08-26 12:01:00,No,Mihir Bhatt,2026-08-26 12:01:00,Self-Employed Professional,Self-Employed,0.3,No
982,Kiran,Kulkarni,AFL-RET-000982,Website,Balance Transfer Bonanza JUL26,CMP-2026-0033,2026-07-01 18:51:00,,6800200096,,kiran.kulkarni@gmail.com,1984-05-12,USMPL8271S,PAN_Kiran_Kulkarni.pdf,Bengaluru,Bengaluru Urban,Karnataka,560103,India,Retail Personal Loans,Kushal Personal Loan,450000,2026-07-31,Kiran Udupa,Bengaluru — Whitefield,Karnataka Region,South Zone,Sanctioned,,,,AFLRET26000218,2026-07-22 10:28:00,No,Kiran Udupa,2026-07-22 10:28:00,Salaried — Government / PSU,Salaried,2.6,Yes
983,Hardik,Amin,AFL-RET-000983,Landing page,Balance Transfer Bonanza FEB26,CMP-2026-0017,2026-02-27 11:23:00,,6786442026,9261419271,hardik.amin@gmail.com,1983-03-01,PQMPQ2365H,PAN_Hardik_Amin.pdf,Mumbai,Mumbai,Maharashtra,400001,India,Loan Against Property,Lease Rental Discounting,24500000,2026-03-29,Omkar Patel,Mumbai — Fort,Maharashtra Region,West Zone,Disbursed,,,,AFLRET26000219,2026-03-29 12:08:00,No,Omkar Patel,2026-03-29 12:08:00,Self-Employed Professional,Self-Employed,0.2,No
984,Ravi,Sarma,AFL-RET-000984,Social media,Property Power JUN26,CMP-2026-0029,2026-06-18 11:51:00,,7216890615,,ravi.sarma@outlook.com,1991-06-27,,,Hyderabad,Hyderabad,Telangana,500082,India,Retail Home Loans,Plot + Construction Loan,1500000,2026-08-17,Rajitha Reddy,Hyderabad — Banjara Hills,Telangana Region,South Zone,Not interested,NI-03,Only enquiring — no current need,,,2026-06-22 10:33:00,No,Rajitha Reddy,2026-06-22 10:33:00,Business Owner,Self-Employed,4.7,Yes
985,Venkat,Naidu,AFL-RET-000985,Website,Shiksha Education JUL26,CMP-2026-0031,2026-07-17 18:00:00,,7875247073,,venkat.naidu@yahoo.com,2000-02-11,,,Hyderabad,Rangareddy,Telangana,500019,India,Gold & Secured Loans,Loan Against Securities,800000,2026-09-15,Mahesh Varma,Hyderabad — Gachibowli,Telangana Region,South Zone,Rejected,REJ-02,Income below minimum,,,2026-07-22 10:52:00,No,Mahesh Varma,2026-07-22 10:52:00,Salaried — MNC,Salaried,,No
986,Aarti,Gupta,AFL-RET-000986,PQ Campaign,Property Power MAY26,CMP-2026-0027,2026-05-02 12:12:00,235518344,7783317971,,aarti.gupta@outlook.com,1979-12-25,KRVPS5582G,PAN_Aarti_Gupta.pdf,Lucknow,Lucknow,Uttar Pradesh,226024,India,Loan Against Property,MLAP (Shakti),3000000,2026-06-01,Tarun Tiwari,Lucknow — Hazratganj,North India Region,North Zone,Login Initiated,,,,,2026-05-07 11:45:00,No,Tarun Tiwari,2026-05-07 11:45:00,Self-Employed Professional,Self-Employed,0.8,No
987,Rahul,Arora,AFL-RET-000987,Social media,Safar Travel APR26,CMP-2026-0025,2026-04-18 19:51:00,445275922,6988500422,,rahul.arora94@gmail.com,1971-08-02,,,Lucknow,Lucknow,Uttar Pradesh,226003,India,Retail Home Loans,Home Loan Balance Transfer,3000000,2026-05-18,Tarun Tiwari,Lucknow — Hazratganj,North India Region,North Zone,Not reachable,NR-01,Number switched off / unreachable,,,2026-04-20 12:50:00,No,Tarun Tiwari,2026-04-20 12:50:00,Salaried — Government / PSU,Salaried,0.2,No
988,Nisha,Mehta,AFL-RET-000988,Landing page,Property Power JUN26,CMP-2026-0029,2026-06-30 18:00:00,,7116161008,,nisha.mehta@rediffmail.com,1976-11-28,,,Ahmedabad,Ahmedabad,Gujarat,380015,India,Professional Loans,Doctor Professional Loan,2300000,2026-08-29,Payal Vora,Ahmedabad — CG Road,Gujarat Region,West Zone,Not interested,NI-05,Processing fee not acceptable,,,2026-07-03 11:35:00,No,Payal Vora,2026-07-03 11:35:00,Agriculturist,Self-Employed,3.8,Yes
989,Tarun,Chopra,AFL-RET-000989,Landing page,Gold Utsav APR26,CMP-2026-0024,2026-04-05 10:37:00,,9716741167,9680259567,tarun.chopra@hotmail.com,1988-02-26,GADPY4724D,PAN_Tarun_Chopra.pdf,New Delhi,South Delhi,Delhi,110025,India,Gold & Secured Loans,Gold Loan,725000,2026-05-20,Aarav Kapoor,Delhi — Saket,Delhi NCR Region,North Zone,Disbursed,,,,AFLRET26000220,2026-05-04 16:07:00,No,Aarav Kapoor,2026-05-04 16:07:00,Salaried — Government / PSU,Salaried,0.2,No
990,Aniket,Joshi,AFL-RET-000990,Social media,Safar Travel APR26,CMP-2026-0025,2026-04-15 20:44:00,,6671321652,9752376546,aniket.joshi@yahoo.com,1992-09-25,DPMPY2021F,PAN_Aniket_Joshi.pdf,Ahmedabad,Ahmedabad,Gujarat,380009,India,Business & MSME Loans,MSME Growth Loan,4700000,2026-05-15,Payal Vora,Ahmedabad — CG Road,Gujarat Region,West Zone,Login Initiated,,,,,2026-04-22 16:01:00,No,Payal Vora,2026-04-22 16:01:00,Self-Employed Professional,Self-Employed,0.3,No
991,Piyali,Chakraborty,AFL-RET-000991,Landing page,Balance Transfer Bonanza JUL26,CMP-2026-0033,2026-07-30 20:58:00,,8656506934,,,1957-07-18,YHDPS8903H,PAN_Piyali_Chakraborty.pdf,Kolkata,Kolkata,West Bengal,700064,India,Gold & Secured Loans,Loan Against Securities,2200000,2026-08-29,Paromita Majumdar,Kolkata — Salt Lake,West Bengal Region,East Zone,Sanctioned,,,,AFLRET26000221,2026-08-10 10:00:00,No,Paromita Majumdar,2026-08-10 10:00:00,Retired / Pensioner,Salaried,7.5,Yes
992,Nitin,Rathore,AFL-RET-000992,PQ Campaign,Gold Utsav APR26,CMP-2026-0024,2026-04-19 11:44:00,933817752,9721560726,,nitin.rathore18@yahoo.com,1978-01-17,,,New Delhi,South Delhi,Delhi,110025,India,Gold & Secured Loans,Gold Loan,30000,2026-06-18,Rajat Chopra,Delhi — Saket,Delhi NCR Region,North Zone,Rejected,REJ-01,Credit / bureau issue (CIBIL below cut-off),,,2026-04-22 09:14:00,No,Rajat Chopra,2026-04-22 09:14:00,Salaried — Government / PSU,Salaried,,No
993,Hariharan,Iyer,AFL-RET-000993,Landing page,Vyapar Vriddhi JAN26,CMP-2026-0013,2026-01-10 16:00:00,,8343494700,,hariharan.iyer@gmail.com,1995-10-25,ASLPZ8353W,PAN_Hariharan_Iyer.pdf,Madurai,Madurai,Tamil Nadu,625001,India,Business & MSME Loans,Working Capital Loan,1100000,2026-02-24,Kavya Krishnan,Madurai — Anna Nagar,Tamil Nadu Region,South Zone,Rejected,REJ-05,OGL — outside the geo location,,,2026-01-18 09:37:00,No,Kavya Krishnan,2026-01-18 09:37:00,Business Owner,Self-Employed,,No
994,Yash,Kulkarni,AFL-RET-000994,Landing page,Vyapar Vriddhi JAN26,CMP-2026-0013,2026-01-31 20:44:00,,7670613044,,yash.kulkarni@outlook.com,1981-08-15,YZTPE2941E,PAN_Yash_Kulkarni.pdf,Ahmedabad,Ahmedabad,Gujarat,380058,India,Retail Personal Loans,Medical Emergency Loan,110000,2026-03-02,Hardik Bhatt,Ahmedabad — Satellite,Gujarat Region,West Zone,Disbursed,,,,AFLRET26000222,2026-02-25 11:43:00,No,Hardik Bhatt,2026-02-25 11:43:00,Salaried — Private Sector,Salaried,0.2,No
995,Mrunal,Joshi,AFL-RET-000995,Social media,Balance Transfer Bonanza JUL26,CMP-2026-0033,2026-07-16 20:18:00,,8397856740,6687853872,mrunal.joshi@hotmail.com,1978-03-28,FEAPG7845F,PAN_Mrunal_Joshi.pdf,Pune,Pune,Maharashtra,411016,India,Business & MSME Loans,Vyapar Business Loan,1100000,2026-09-14,Parth Parikh,Pune — Shivajinagar,Maharashtra Region,West Zone,Duplicate,DUP-03,"Same customer, different campaign",,,2026-07-16 21:33:00,Yes,Parth Parikh,2026-07-16 21:33:00,Business Owner,Self-Employed,,No
996,Swati,Kapoor,AFL-RET-000996,Social media,Gold Utsav APR26,CMP-2026-0024,2026-04-30 09:58:00,,8690362050,,swati.kapoor@outlook.com,1992-02-01,NBFPA6674P,PAN_Swati_Kapoor.pdf,Amritsar,Amritsar,Punjab,143005,India,Retail Home Loans,Plot + Construction Loan,4600000,2026-06-14,Rahul Malhotra,Amritsar — Lawrence Road,North India Region,North Zone,Rejected,REJ-06,Documentation — unable to provide,,,2026-05-08 09:30:00,No,Rahul Malhotra,2026-05-08 09:30:00,Salaried — Government / PSU,Salaried,,No
997,Nidhi,Arora,AFL-RET-000997,PQ Campaign,Balance Transfer Bonanza FEB26,CMP-2026-0017,2026-02-21 10:18:00,938445308,8116787112,,nidhi.arora@outlook.com,1972-06-10,JAJPP8124C,PAN_Nidhi_Arora.pdf,Lucknow,Lucknow,Uttar Pradesh,226001,India,Business & MSME Loans,Machinery Purchase Loan,6500000,2026-03-23,Tarun Tiwari,Lucknow — Hazratganj,North India Region,North Zone,Not reachable,NR-03,No response after 3 attempts,,,2026-02-24 11:23:00,No,Tarun Tiwari,2026-02-24 11:23:00,Business Owner,Self-Employed,0.2,No
998,Bhavana,Reddy,AFL-RET-000998,PQ Campaign,Professional Edge FEB26,CMP-2026-0018,2026-02-18 10:23:00,469957793,8595697513,,bhavana.reddy39@hotmail.com,1978-01-17,,,Mysuru,Mysuru,Karnataka,570001,India,Loan Against Property,Loan Against Property,15000000,2026-04-19,Deepa Nair,Mysuru — Saraswathipuram,Karnataka Region,South Zone,Rejected,REJ-04,Negative / restricted profile,,,2026-03-02 10:27:00,No,Deepa Nair,2026-03-02 10:27:00,Salaried — Private Sector,Salaried,,No
999,Ketan,Pawar,AFL-RET-000999,Website,Vyapar Vriddhi JAN26,CMP-2026-0013,2026-01-24 11:23:00,721102631,9764084416,,ketan.pawar4@outlook.com,1986-11-09,,,Mumbai,Mumbai,Maharashtra,400020,India,Retail Home Loans,Disha Home Loan,5000000,2026-03-25,Omkar Patel,Mumbai — Fort,Maharashtra Region,West Zone,Rejected,REJ-06,Documentation — unable to provide,,,2026-01-26 17:38:00,No,Omkar Patel,2026-01-26 17:38:00,Self-Employed Professional,Self-Employed,,No
1000,Harsha,Kulkarni,AFL-RET-001000,Website,Diwali Dhamaka OCT25,CMP-2025-0001,2025-10-11 20:05:00,,6444942954,,harsha.kulkarni@gmail.com,1976-04-03,LJCPF2196U,PAN_Harsha_Kulkarni.pdf,Bengaluru,Bengaluru Urban,Karnataka,560037,India,Retail Personal Loans,Diwali Special Loan,60000,2025-11-10,Kiran Udupa,Bengaluru — Whitefield,Karnataka Region,South Zone,Not interested,NI-06,Family / spouse declined,,,2025-10-16 12:17:00,No,Kiran Udupa,2025-10-16 12:17:00,Self-Employed Professional,Self-Employed,0.4,No
1001,Archana,Kumar,AFL-RET-001001,Landing page,Vyapar Vriddhi JAN26,CMP-2026-0013,2026-01-11 13:37:00,,7934126831,,archana.kumar50@yahoo.com,1995-12-12,,,Guwahati,Kamrup Metro,Assam,781006,India,Professional Loans,CA / Professional Loan,2600000,2026-02-10,Sunita Saikia,Guwahati — GS Road,East India Region,East Zone,Not reachable,NR-03,No response after 3 attempts,,,2026-01-13 10:43:00,No,Sunita Saikia,2026-01-13 10:43:00,Homemaker,Self-Employed,1.1,No
1002,Chetan,Naik,AFL-RET-001002,PQ Campaign,Professional Edge AUG26,CMP-2026-0036,2026-08-20 09:18:00,988017080,8997456932,9750075102,chetan.naik65@gmail.com,1986-04-02,ZCTPK1845P,PAN_Chetan_Naik.pdf,Bengaluru,Bengaluru Urban,Karnataka,560070,India,Retail Home Loans,Home Purchase Loan,4500000,2026-10-19,Nandini Rao,Bengaluru — Jayanagar,Karnataka Region,South Zone,Follow-up,,,2026-09-12,,2026-08-21 11:18:00,No,Nandini Rao,2026-08-21 11:18:00,Self-Employed Non-Professional,Self-Employed,0.2,No
1003,Harsh,Rathore,AFL-RET-001003,Social media,Professional Edge MAR26,CMP-2026-0021,2026-03-14 11:00:00,,8732954048,,harsh.rathore@outlook.com,1986-11-23,,,New Delhi,South Delhi,Delhi,110048,India,Retail Personal Loans,Debt Consolidation Loan,1000000,2026-05-13,Aarav Kapoor,Delhi — Saket,Delhi NCR Region,North Zone,Follow-up,,,2026-09-21,,2026-03-16 09:02:00,No,Aarav Kapoor,2026-03-16 09:02:00,Salaried — Government / PSU,Salaried,0.3,No
1004,Sneha,Patel,AFL-RET-001004,Landing page,Vyapar Vriddhi JAN26,CMP-2026-0013,2026-01-17 16:51:00,325957822,6536058747,,sneha.patel@gmail.com,1980-05-07,,,Pune,Pune,Maharashtra,411027,India,Business & MSME Loans,Vyapar Business Loan,600000,2026-02-16,Sneha Parikh,Pune — Wakad,Maharashtra Region,West Zone,Not reachable,NR-03,No response after 3 attempts,,,2026-01-20 10:28:00,No,Sneha Parikh,2026-01-20 10:28:00,Self-Employed Non-Professional,Self-Employed,13.1,Yes
1005,Deepthi,Raghavan,AFL-RET-001005,PQ Campaign,Swasthya Care AUG26,CMP-2026-0035,2026-08-05 12:00:00,742800536,6351250996,,deepthi.raghavan@rediffmail.com,2003-06-04,FRYPF9613M,PAN_Deepthi_Raghavan.pdf,Kochi,Ernakulam,Kerala,682018,India,Retail Home Loans,Plot + Construction Loan,7500000,2026-09-19,Anjana Menon,Kochi — Kaloor,Kerala & AP Region,South Zone,Sanctioned,,,,AFLRET26000223,2026-08-15 09:00:00,No,Anjana Menon,2026-08-15 09:00:00,Salaried — Private Sector,Salaried,4.4,Yes
1006,Chetan,Reddy,AFL-RET-001006,Website,Ghar Ka Sapna OCT25,CMP-2025-0002,2025-10-23 10:12:00,584226489,8890857306,9501298207,,1989-07-22,WQMPL7945T,PAN_Chetan_Reddy.pdf,Bengaluru,Bengaluru Urban,Karnataka,560069,India,Retail Home Loans,Home Purchase Loan,4700000,2025-11-22,Nandini Rao,Bengaluru — Jayanagar,Karnataka Region,South Zone,Disbursed,,,,AFLRET25000224,2025-11-20 10:41:00,No,Nandini Rao,2025-11-20 10:41:00,Salaried — Private Sector,Salaried,1.2,No
1007,Rashmi,Setty,AFL-RET-001007,Social media,Vyapar Vriddhi FEB26,CMP-2026-0016,2026-02-21 18:23:00,157924051,6985623803,,rashmi.setty@gmail.com,1994-11-14,,,Bengaluru,Bengaluru Urban,Karnataka,560047,India,Business & MSME Loans,Working Capital Loan,2200000,2026-03-23,Manoj Nair,Bengaluru — Koramangala,Karnataka Region,South Zone,Rejected,REJ-07,Existing obligations too high (FOIR),,,2026-03-04 10:38:00,No,Manoj Nair,2026-03-04 10:38:00,Self-Employed Non-Professional,Self-Employed,,No
1008,Amit,Khanna,AFL-RET-001008,Website,Grah Sajawat SEP26,CMP-2026-0040,2026-09-06 13:44:00,,7667775732,8709627467,amit.khanna24@outlook.com,1981-02-15,DTTPL7216C,PAN_Amit_Khanna.pdf,New Delhi,South Delhi,Delhi,110025,India,Retail Personal Loans,Kushal Personal Loan,825000,2026-11-05,Rajat Chopra,Delhi — Saket,Delhi NCR Region,North Zone,Not reachable,NR-01,Number switched off / unreachable,,,2026-09-09 10:56:00,No,Rajat Chopra,2026-09-09 10:56:00,Salaried — Government / PSU,Salaried,0.2,No
1009,Tanvi,Modi,AFL-RET-001009,Website,Ghar Ka Sapna OCT25,CMP-2025-0002,2025-10-02 11:31:00,,9481363714,,tanvi.modi@outlook.com,1989-06-12,,,Pune,Pune,Maharashtra,411057,India,Retail Home Loans,Home Purchase Loan,7500000,2025-11-16,Sagar Vora,Pune — Wakad,Maharashtra Region,West Zone,Rejected,REJ-13,Others,,,2025-10-14 09:51:00,No,Sagar Vora,2025-10-14 09:51:00,Business Owner,Self-Employed,,No
1010,Parth,Panchal,AFL-RET-001010,Social media,Swasthya Care JUL26,CMP-2026-0032,2026-07-28 09:44:00,,6989140224,,parth.panchal@gmail.com,1991-09-02,,,Mumbai,Mumbai Suburban,Maharashtra,400058,India,Loan Against Property,Lease Rental Discounting,26500000,2026-09-26,Bhavesh Patil,Mumbai — Andheri,Maharashtra Region,West Zone,Duplicate,DUP-03,"Same customer, different campaign",,,2026-07-28 10:59:00,Yes,Bhavesh Patil,2026-07-28 10:59:00,Self-Employed Professional,Self-Employed,,No
1011,Srinivas,Varma,AFL-RET-001011,Landing page,Diwali Dhamaka OCT25,CMP-2025-0001,2025-10-25 18:18:00,115744692,7812721240,,srinivas.varma@hotmail.com,1964-11-25,PRMPV7321Y,PAN_Srinivas_Varma.pdf,Hyderabad,Rangareddy,Telangana,500032,India,Vehicle & Consumer Loans,Consumer Durable Loan,115000,2025-12-09,Mahesh Varma,Hyderabad — Gachibowli,Telangana Region,South Zone,Disbursed,,,,AFLRET25000225,2025-11-21 18:43:00,No,Mahesh Varma,2025-11-21 18:43:00,Retired / Pensioner,Salaried,0.4,No
1012,Amit,Ahluwalia,AFL-RET-001012,Social media,Shiksha Education MAY26,CMP-2026-0026,2026-05-13 18:23:00,107275925,9357267711,,amit.ahluwalia@yahoo.com,1988-02-01,PHAPA5765U,PAN_Amit_Ahluwalia.pdf,Lucknow,Lucknow,Uttar Pradesh,226016,India,Retail Personal Loans,Education Loan,110000,2026-06-27,Tarun Tiwari,Lucknow — Hazratganj,North India Region,North Zone,Disbursed,,,,AFLRET26000226,2026-05-26 16:13:00,No,Tarun Tiwari,2026-05-26 16:13:00,Salaried — Private Sector,Salaried,0.2,No
1013,Sandip,Ghosh,AFL-RET-001013,Landing page,Property Power APR26,CMP-2026-0023,2026-04-25 18:37:00,,7606545026,,sandip.ghosh@yahoo.com,1977-12-26,,,Kolkata,Kolkata,West Bengal,700091,India,Retail Personal Loans,Debt Consolidation Loan,750000,2026-06-24,Paromita Majumdar,Kolkata — Salt Lake,West Bengal Region,East Zone,Not reachable,NR-01,Number switched off / unreachable,,,2026-04-28 10:31:00,No,Paromita Majumdar,2026-04-28 10:31:00,Salaried — Private Sector,Salaried,1.1,No
1014,Bhavesh,Modi,AFL-RET-001014,Social media,Swasthya Care AUG26,CMP-2026-0035,2026-08-01 16:12:00,,8974216817,,bhavesh.modi34@gmail.com,1999-06-10,,,Pune,Pune,Maharashtra,411045,India,Business & MSME Loans,Machinery Purchase Loan,2500000,2026-08-31,Sneha Parikh,Pune — Wakad,Maharashtra Region,West Zone,Follow-up,,,2026-09-10,,2026-08-04 16:30:00,No,Sneha Parikh,2026-08-04 16:30:00,Self-Employed Professional,Self-Employed,0.2,No
1015,Ramesh,Krishnan,AFL-RET-001015,Website,Vyapar Vriddhi MAR26,CMP-2026-0020,2026-03-08 14:18:00,,6176771882,9150910399,ramesh.krishnan@gmail.com,1982-11-04,XKJPD8099Q,PAN_Ramesh_Krishnan.pdf,Madurai,Madurai,Tamil Nadu,625014,India,Vehicle & Consumer Loans,Used Car Loan,1100000,2026-04-22,Kavya Krishnan,Madurai — Anna Nagar,Tamil Nadu Region,South Zone,Sanctioned,,,,AFLRET26000227,2026-03-21 17:38:00,No,Kavya Krishnan,2026-03-21 17:38:00,Self-Employed Non-Professional,Self-Employed,0.2,No
1016,Debolina,Chatterjee,AFL-RET-001016,Social media,Property Power MAY26,CMP-2026-0027,2026-05-02 09:12:00,,8222355723,,debolina.chatterjee@yahoo.com,2001-07-09,,,Kolkata,Kolkata,West Bengal,700091,India,Business & MSME Loans,MSME Growth Loan,950000,2026-06-01,Tanmoy Chakraborty,Kolkata — Salt Lake,West Bengal Region,East Zone,Not interested,NI-01,Rate of interest too high,,,2026-05-04 11:53:00,No,Tanmoy Chakraborty,2026-05-04 11:53:00,Self-Employed Professional,Self-Employed,3.7,Yes
1017,Mihir,Thakkar,AFL-RET-001017,Landing page,Grah Sajawat SEP26,CMP-2026-0040,2026-09-08 12:58:00,,6299239396,,mihir.thakkar@yahoo.com,1978-07-15,,,Pune,Pune,Maharashtra,411033,India,Retail Personal Loans,Home Renovation Loan,475000,2026-11-07,Sagar Vora,Pune — Wakad,Maharashtra Region,West Zone,Not reachable,NR-02,Invalid / wrong number,,,2026-09-10 18:30:00,No,Sagar Vora,2026-09-10 18:30:00,Self-Employed Professional,Self-Employed,6.1,Yes
1018,Karan,Tiwari,AFL-RET-001018,Website,Professional Edge AUG26,CMP-2026-0036,2026-08-12 19:58:00,,7759080656,9627023737,karan.tiwari@rediffmail.com,1972-06-24,,,New Delhi,West Delhi,Delhi,110015,India,Loan Against Property,Lease Rental Discounting,62000000,2026-10-11,Arjun Sethi,Delhi — Rajouri Garden,Delhi NCR Region,North Zone,Not interested,NI-06,Family / spouse declined,,,2026-08-18 10:08:00,No,Arjun Sethi,2026-08-18 10:08:00,Self-Employed Professional,Self-Employed,3.9,Yes
1019,Swapnil,Thakkar,AFL-RET-001019,PQ Campaign,Property Power MAY26,CMP-2026-0027,2026-05-29 10:18:00,621954637,9331316235,,swapnil.thakkar@yahoo.com,1979-07-28,,,Mumbai,Mumbai Suburban,Maharashtra,400087,India,Loan Against Property,Lease Rental Discounting,73000000,2026-07-13,Aniket Modi,Mumbai — Powai,Maharashtra Region,West Zone,Rejected,REJ-10,Technical valuation below expectation,,,2026-06-05 10:33:00,No,Aniket Modi,2026-06-05 10:33:00,Business Owner,Self-Employed,,No
1020,Abirami,Sundaram,AFL-RET-001020,Website,Property Power APR26,CMP-2026-0023,2026-04-25 10:31:00,,8921091381,7803356412,abirami.sundaram@gmail.com,1984-09-06,,,Chennai,Chennai,Tamil Nadu,600024,India,Loan Against Property,Loan Against Property,7500000,2026-06-09,Hariharan Krishnan,Chennai — T Nagar,Tamil Nadu Region,South Zone,Not interested,NI-04,Requirement postponed,,,2026-04-29 09:03:00,No,Hariharan Krishnan,2026-04-29 09:03:00,Salaried — Private Sector,Salaried,0.2,No
1021,Pankaj,Goel,AFL-RET-001021,PQ Campaign,Vyapar Vriddhi JAN26,CMP-2026-0013,2026-01-28 20:51:00,208211787,7874523575,,pankaj.goel78@gmail.com,1980-09-25,PFAPG1634B,PAN_Pankaj_Goel.pdf,Jaipur,Jaipur,Rajasthan,302004,India,Business & MSME Loans,Vyapar Business Loan,4600000,2026-02-27,Rajat Sethi,Jaipur — C Scheme,North India Region,North Zone,Not reachable,NR-01,Number switched off / unreachable,,,2026-01-31 11:01:00,No,Rajat Sethi,2026-01-31 11:01:00,Homemaker,Self-Employed,2.5,Yes
1022,Sirisha,Murthy,AFL-RET-001022,Landing page,Gold Utsav NOV25,CMP-2025-0009,2025-11-13 09:44:00,889018260,7616756189,8804258066,sirisha.murthy@hotmail.com,1982-12-19,,,Hyderabad,Hyderabad,Telangana,500073,India,Gold & Secured Loans,Gold Loan,450000,2025-12-13,Rajitha Reddy,Hyderabad — Banjara Hills,Telangana Region,South Zone,Not interested,NI-03,Only enquiring — no current need,,,2025-11-17 10:30:00,No,Rajitha Reddy,2025-11-17 10:30:00,Self-Employed Professional,Self-Employed,2,No
1023,Arindam,Majumdar,AFL-RET-001023,Website,Professional Edge AUG26,CMP-2026-0036,2026-08-21 14:00:00,,7786651534,6688167175,arindam.majumdar@gmail.com,1989-02-02,,,Kolkata,Kolkata,West Bengal,700020,India,Retail Home Loans,Plot + Construction Loan,3800000,2026-10-20,Debolina Banerjee,Kolkata — Park Street,West Bengal Region,East Zone,Not interested,NI-01,Rate of interest too high,,,2026-08-22 10:14:00,No,Debolina Banerjee,2026-08-22 10:14:00,Salaried — Private Sector,Salaried,0.2,No
1024,Krupa,Deshmukh,AFL-RET-001024,Website,Diwali Dhamaka NOV25,CMP-2025-0006,2025-11-12 20:58:00,486529272,9611619441,,krupa.deshmukh@yahoo.com,1977-04-24,LTEPU4480Z,PAN_Krupa_Deshmukh.pdf,Mumbai,Mumbai Suburban,Maharashtra,400059,India,Vehicle & Consumer Loans,Consumer Durable Loan,65000,2025-12-27,Bhavesh Patil,Mumbai — Andheri,Maharashtra Region,West Zone,Disbursed,,,,AFLRET25000228,2025-12-02 18:14:00,No,Bhavesh Patil,2025-12-02 18:14:00,Salaried — MNC,Salaried,1.2,No
1025,Sohini,Majumdar,AFL-RET-001025,Landing page,Shiksha Education JUN26,CMP-2026-0028,2026-06-18 13:44:00,,9884564360,8702645223,sohini.majumdar@yahoo.com,1997-11-22,,,Kolkata,Kolkata,West Bengal,700019,India,Vehicle & Consumer Loans,Used Car Loan,325000,2026-08-02,Debolina Banerjee,Kolkata — Park Street,West Bengal Region,East Zone,Not interested,NI-01,Rate of interest too high,,,2026-06-20 12:02:00,No,Debolina Banerjee,2026-06-20 12:02:00,Agriculturist,Self-Employed,0.2,No
1026,Nagaraj,Nair,AFL-RET-001026,Landing page,Property Power APR26,CMP-2026-0023,2026-04-14 13:05:00,,7379992521,,nagaraj.nair@rediffmail.com,1971-01-21,GJFPG6222E,PAN_Nagaraj_Nair.pdf,Bengaluru,Bengaluru Urban,Karnataka,560082,India,Retail Personal Loans,Marriage Loan,400000,2026-05-14,Nandini Rao,Bengaluru — Jayanagar,Karnataka Region,South Zone,Rejected,REJ-05,OGL — outside the geo location,,,2026-04-22 09:12:00,No,Nandini Rao,2026-04-22 09:12:00,Salaried — Government / PSU,Salaried,,No
1027,Nandhini,Sethuraman,AFL-RET-001027,Website,Shiksha Education MAY26,CMP-2026-0026,2026-05-22 11:12:00,,9293093918,9640393348,nandhini.sethuraman@gmail.com,1996-02-16,DALPX8392N,PAN_Nandhini_Sethuraman.pdf,Chennai,Chennai,Tamil Nadu,600017,India,Business & MSME Loans,Machinery Purchase Loan,4400000,2026-07-21,Saravanan Rajan,Chennai — T Nagar,Tamil Nadu Region,South Zone,Login Initiated,,,,,2026-05-26 11:19:00,No,Saravanan Rajan,2026-05-26 11:19:00,Self-Employed Non-Professional,Self-Employed,0.8,No
1028,Nagaraj,Rai,AFL-RET-001028,Landing page,Vyapar Vriddhi FEB26,CMP-2026-0016,2026-02-11 17:23:00,295156952,6256447175,,nagaraj.rai@gmail.com,1996-09-06,,,Bengaluru,Bengaluru Urban,Karnataka,560070,India,Loan Against Property,MLAP (Shakti),2000000,2026-04-12,Nandini Rao,Bengaluru — Jayanagar,Karnataka Region,South Zone,Not interested,NI-05,Processing fee not acceptable,,,2026-02-13 14:41:00,No,Nandini Rao,2026-02-13 14:41:00,Business Owner,Self-Employed,0.3,No
1029,Bala,Balaji,AFL-RET-001029,PQ Campaign,Shubh Vivah DEC25,CMP-2025-0011,2025-12-23 10:44:00,850925379,6327316858,,bala.balaji62@outlook.com,1975-11-02,,,Chennai,Chennai,Tamil Nadu,600018,India,Loan Against Property,MLAP (Shakti),625000,2026-01-22,Saravanan Rajan,Chennai — T Nagar,Tamil Nadu Region,South Zone,Not reachable,NR-02,Invalid / wrong number,,,2025-12-25 18:38:00,No,Saravanan Rajan,2025-12-25 18:38:00,Self-Employed Non-Professional,Self-Employed,3.9,Yes
1030,Deepa,Murthy,AFL-RET-001030,Website,Property Power APR26,CMP-2026-0023,2026-04-02 13:37:00,,8803809809,,deepa.murthy40@outlook.com,1977-09-10,,,Bengaluru,Bengaluru Urban,Karnataka,560029,India,Retail Personal Loans,Marriage Loan,200000,2026-05-02,Vinay Nair,Bengaluru — Koramangala,Karnataka Region,South Zone,Rejected,REJ-01,Credit / bureau issue (CIBIL below cut-off),,,2026-04-11 13:52:00,No,Vinay Nair,2026-04-11 13:52:00,Self-Employed Professional,Self-Employed,,No
1031,Sagar,Shah,AFL-RET-001031,Website,Balance Transfer Bonanza JUL26,CMP-2026-0033,2026-07-02 18:58:00,253961350,7782561966,8407956557,sagar.shah@yahoo.com,1974-11-24,,,Mumbai,Mumbai Suburban,Maharashtra,400053,India,Retail Home Loans,Home Loan Balance Transfer,2400000,2026-08-01,Jayesh Chavan,Mumbai — Bandra,Maharashtra Region,West Zone,Rejected,REJ-09,Property title not clear,,,2026-07-05 13:13:00,No,Jayesh Chavan,2026-07-05 13:13:00,Salaried — Government / PSU,Salaried,,No
1032,Tanmoy,Mitra,AFL-RET-001032,Social media,Shiksha Education MAY26,CMP-2026-0026,2026-05-29 09:12:00,,9655079657,,tanmoy.mitra27@gmail.com,1985-07-01,,,Siliguri,Darjeeling,West Bengal,734001,India,Loan Against Property,Lease Rental Discounting,55000000,2026-06-28,Srabani Chatterjee,Siliguri — Sevoke Road,West Bengal Region,East Zone,Rejected,REJ-09,Property title not clear,,,2026-05-31 16:27:00,No,Srabani Chatterjee,2026-05-31 16:27:00,Business Owner,Self-Employed,,No
1033,Aniket,Kulkarni,AFL-RET-001033,PQ Campaign,Shiksha Education AUG26,CMP-2026-0034,2026-08-18 16:51:00,872586283,9975361173,,aniket.kulkarni@outlook.com,1998-01-07,EGZPH6505C,PAN_Aniket_Kulkarni.pdf,Mumbai,Mumbai,Maharashtra,400023,India,Retail Personal Loans,Education Loan,1100000,2026-09-17,Omkar Patel,Mumbai — Fort,Maharashtra Region,West Zone,Not reachable,NR-02,Invalid / wrong number,,,2026-08-20 16:09:00,No,Omkar Patel,2026-08-20 16:09:00,Self-Employed Professional,Self-Employed,0.3,No
1034,Sirisha,Gupta,AFL-RET-001034,Website,Vyapar Vriddhi FEB26,CMP-2026-0016,2026-02-19 14:58:00,,6864581752,9416816693,sirisha.gupta@hotmail.com,1993-09-06,LPKPA3443E,PAN_Sirisha_Gupta.pdf,Hyderabad,Rangareddy,Telangana,500049,India,Business & MSME Loans,MSME Growth Loan,6000000,2026-03-21,Swapna Gupta,Hyderabad — Gachibowli,Telangana Region,South Zone,Login Initiated,,,,,2026-02-21 17:16:00,No,Swapna Gupta,2026-02-21 17:16:00,Business Owner,Self-Employed,0.2,No
1035,Sagar,Panchal,AFL-RET-001035,Landing page,Shiksha Education JUL26,CMP-2026-0031,2026-07-27 17:58:00,498833903,6790409796,9172946126,,1996-11-16,,,Ahmedabad,Ahmedabad,Gujarat,380054,India,Retail Personal Loans,Education Loan,1500000,2026-09-10,Swapnil Vora,Ahmedabad — CG Road,Gujarat Region,West Zone,Rejected,REJ-04,Negative / restricted profile,,,2026-07-30 10:17:00,No,Swapnil Vora,2026-07-30 10:17:00,Salaried — MNC,Salaried,,No
1036,Shashank,Jain,AFL-RET-001036,Landing page,Shubh Vivah JAN26,CMP-2026-0012,2026-01-22 19:44:00,,7225157177,,shashank.jain@hotmail.com,1972-04-26,,,Bengaluru,Bengaluru Urban,Karnataka,560067,India,Retail Home Loans,Plot + Construction Loan,2300000,2026-02-21,Kiran Udupa,Bengaluru — Whitefield,Karnataka Region,South Zone,Rejected,REJ-06,Documentation — unable to provide,,,2026-01-25 17:59:00,No,Kiran Udupa,2026-01-25 17:59:00,Salaried — Private Sector,Salaried,,No
1037,Nilesh,Joshi,AFL-RET-001037,Website,Vyapar Vriddhi MAR26,CMP-2026-0020,2026-03-11 13:58:00,,7301325217,7109769457,nilesh.joshi@outlook.com,2001-09-27,,,Ahmedabad,Ahmedabad,Gujarat,380009,India,Business & MSME Loans,Vyapar Business Loan,1400000,2026-04-10,Swapnil Vora,Ahmedabad — CG Road,Gujarat Region,West Zone,Not interested,NI-07,Tenure offered not suitable,,,2026-03-13 09:32:00,No,Swapnil Vora,2026-03-13 09:32:00,Self-Employed Non-Professional,Self-Employed,7.1,Yes
1038,Ranjan,Kumar,AFL-RET-001038,Website,Vyapar Vriddhi FEB26,CMP-2026-0016,2026-02-27 18:44:00,848959970,9637261393,,ranjan.kumar11@gmail.com,1998-05-16,NGPPA2289Z,PAN_Ranjan_Kumar.pdf,Ranchi,Ranchi,Jharkhand,834003,India,Business & MSME Loans,Vyapar Business Loan,3200000,2026-04-13,Anita Bora,Ranchi — Main Road,East India Region,East Zone,Disbursed,,,,AFLRET26000229,2026-03-14 10:07:00,No,Anita Bora,2026-03-14 10:07:00,Self-Employed Non-Professional,Self-Employed,8.1,Yes
1039,Chaitra,Rai,AFL-RET-001039,Website,Vyapar Vriddhi JAN26,CMP-2026-0013,2026-01-30 16:12:00,,9526859035,,chaitra.rai@yahoo.com,1974-07-01,MLCPG3042Q,PAN_Chaitra_Rai.pdf,Hubballi,Dharwad,Karnataka,580023,India,Business & MSME Loans,Working Capital Loan,7500000,2026-03-31,Suhas Pai,Hubballi — Vidyanagar,Karnataka Region,South Zone,Disbursed,,,,AFLRET26000230,2026-02-24 09:47:00,No,Suhas Pai,2026-02-24 09:47:00,Homemaker,Self-Employed,13,Yes
1040,Naresh,Chowdary,AFL-RET-001040,Landing page,Diwali Dhamaka OCT25,CMP-2025-0001,2025-10-23 09:51:00,432805372,8643928701,7304933040,naresh.chowdary@hotmail.com,1976-07-09,EEKPM6473F,PAN_Naresh_Chowdary.pdf,Hyderabad,Rangareddy,Telangana,500084,India,Retail Personal Loans,Diwali Special Loan,75000,2025-11-22,Swapna Gupta,Hyderabad — Gachibowli,Telangana Region,South Zone,Rejected,REJ-05,OGL — outside the geo location,,,2025-10-28 18:06:00,No,Swapna Gupta,2025-10-28 18:06:00,Self-Employed Professional,Self-Employed,,No
1041,Jyothi,Sarma,AFL-RET-001041,Social media,Shiksha Education AUG26,CMP-2026-0034,2026-08-17 19:05:00,131405219,6264896174,,jyothi.sarma@gmail.com,1992-03-06,SNBPG6350U,PAN_Jyothi_Sarma.pdf,Warangal,Warangal,Telangana,506007,India,Retail Personal Loans,Kushal Personal Loan,200000,2026-09-16,Aruna Reddy,Warangal — Hanamkonda,Telangana Region,South Zone,Not reachable,NR-01,Number switched off / unreachable,,,2026-08-21 09:35:00,No,Aruna Reddy,2026-08-21 09:35:00,Salaried — Private Sector,Salaried,3,Yes
1042,Divya,Setty,AFL-RET-001042,PQ Campaign,Balance Transfer Bonanza JUL26,CMP-2026-0033,2026-07-15 14:51:00,673838502,9136813111,9833528983,divya.setty@outlook.com,2001-11-02,,,Bengaluru,Bengaluru Urban,Karnataka,560041,India,Loan Against Property,Loan Against Property,37000000,2026-09-13,Nandini Rao,Bengaluru — Jayanagar,Karnataka Region,South Zone,Not interested,NI-06,Family / spouse declined,,,2026-07-16 10:09:00,No,Nandini Rao,2026-07-16 10:09:00,Self-Employed Non-Professional,Self-Employed,0.3,No
1043,Jyothi,Naidu,AFL-RET-001043,Website,Shubh Vivah JAN26,CMP-2026-0012,2026-01-31 11:37:00,,8330216774,7103809108,jyothi.naidu2@rediffmail.com,1988-10-25,SQQPT7309E,PAN_Jyothi_Naidu.pdf,Vijayawada,Krishna,Andhra Pradesh,520002,India,Retail Personal Loans,Marriage Loan,250000,2026-03-02,Sirisha Chowdary,Vijayawada — MG Road,Kerala & AP Region,South Zone,Rejected,REJ-12,GST / ITR not available,,,2026-02-11 10:11:00,No,Sirisha Chowdary,2026-02-11 10:11:00,Self-Employed Non-Professional,Self-Employed,,No
1044,Sneha,Jain,AFL-RET-001044,Landing page,Property Power MAY26,CMP-2026-0027,2026-05-13 13:18:00,,6158579617,,sneha.jain@rediffmail.com,1974-04-28,,,New Delhi,West Delhi,Delhi,110026,India,Business & MSME Loans,MSME Growth Loan,525000,2026-07-12,Arjun Sethi,Delhi — Rajouri Garden,Delhi NCR Region,North Zone,Not reachable,NR-03,No response after 3 attempts,,,2026-05-15 10:36:00,No,Arjun Sethi,2026-05-15 10:36:00,Self-Employed Professional,Self-Employed,0.2,No
1045,Parth,Amin,AFL-RET-001045,Landing page,Vyapar Vriddhi JAN26,CMP-2026-0013,2026-01-13 15:31:00,,7303012769,9382914994,parth.amin22@outlook.com,2001-05-28,DRRPH6651H,PAN_Parth_Amin.pdf,Pune,Pune,Maharashtra,411045,India,Business & MSME Loans,Working Capital Loan,3300000,2026-02-27,Sagar Vora,Pune — Wakad,Maharashtra Region,West Zone,Disbursed,,,,AFLRET26000231,2026-02-19 11:56:00,No,Sagar Vora,2026-02-19 11:56:00,Homemaker,Self-Employed,0.5,No
1046,Srabani,Dutta,AFL-RET-001046,Landing page,Shiksha Education JUN26,CMP-2026-0028,2026-06-25 18:58:00,,8540785800,8984853688,srabani.dutta@yahoo.com,1971-03-20,TPKPA2153G,PAN_Srabani_Dutta.pdf,Kolkata,Kolkata,West Bengal,700102,India,Business & MSME Loans,Machinery Purchase Loan,2900000,2026-07-25,Tanmoy Chakraborty,Kolkata — Salt Lake,West Bengal Region,East Zone,Not interested,NI-02,Already availed loan elsewhere,,,2026-07-01 10:29:00,No,Tanmoy Chakraborty,2026-07-01 10:29:00,Agriculturist,Self-Employed,0.2,No
1047,Naveen,Mishra,AFL-RET-001047,PQ Campaign,Safar Travel MAR26,CMP-2026-0022,2026-03-10 17:37:00,949533962,7960755363,9857869116,naveen.mishra@rediffmail.com,2002-11-23,BSZPC4531T,PAN_Naveen_Mishra.pdf,Faridabad,Faridabad,Haryana,121007,India,Retail Home Loans,Home Loan Balance Transfer,8000000,2026-05-09,Sumit Sinha,Faridabad — Sector 15,Delhi NCR Region,North Zone,Rejected,REJ-01,Credit / bureau issue (CIBIL below cut-off),,,2026-03-22 18:52:00,No,Sumit Sinha,2026-03-22 18:52:00,Self-Employed Professional,Self-Employed,,No
1048,Aniket,Joshi,AFL-RET-001048,Social media,Vyapar Vriddhi FEB26,CMP-2026-0016,2026-02-27 16:37:00,,6826816538,,aniket.joshi43@outlook.com,1996-12-23,,,Pune,Pune,Maharashtra,411061,India,Business & MSME Loans,Working Capital Loan,16000000,2026-04-28,Sneha Parikh,Pune — Wakad,Maharashtra Region,West Zone,Not reachable,NR-01,Number switched off / unreachable,,,2026-03-01 18:00:00,No,Sneha Parikh,2026-03-01 18:00:00,Self-Employed Non-Professional,Self-Employed,5.9,Yes
1049,Nandini,Prasad,AFL-RET-001049,Landing page,Grah Sajawat NOV25,CMP-2025-0010,2025-11-15 11:51:00,,8696199381,,nandini.prasad@gmail.com,1976-07-16,CUXPB5604M,PAN_Nandini_Prasad.pdf,Bengaluru,Bengaluru Urban,Karnataka,560069,India,Retail Personal Loans,Home Renovation Loan,400000,2026-01-14,Vinay Jain,Bengaluru — Jayanagar,Karnataka Region,South Zone,Disbursed,,,,AFLRET25000232,2025-12-17 11:15:00,No,Vinay Jain,2025-12-17 11:15:00,Self-Employed Professional,Self-Employed,9.3,Yes
1050,Sneha,Patel,AFL-RET-001050,Social media,Ghar Ka Sapna MAR26,CMP-2026-0019,2026-03-28 12:51:00,,7727737368,,sneha.patel@rediffmail.com,2001-02-26,YCMPX9146J,PAN_Sneha_Patel.pdf,Ahmedabad,Ahmedabad,Gujarat,380054,India,Retail Personal Loans,Kushal Personal Loan,1100000,2026-04-27,Payal Vora,Ahmedabad — CG Road,Gujarat Region,West Zone,Sanctioned,,,,AFLRET26000233,2026-04-14 11:51:00,No,Payal Vora,2026-04-14 11:51:00,Salaried — MNC,Salaried,0.2,No
1051,Nikhil,Chavan,AFL-RET-001051,PQ Campaign,Balance Transfer Bonanza JAN26,CMP-2026-0014,2026-01-17 18:31:00,368568830,6982961340,7752686244,nikhil.chavan35@gmail.com,1984-12-14,,,Pune,Pune,Maharashtra,411061,India,Retail Home Loans,Home Loan Balance Transfer,3200000,2026-02-16,Sagar Vora,Pune — Wakad,Maharashtra Region,West Zone,Rejected,REJ-05,OGL — outside the geo location,,,2026-01-25 09:45:00,No,Sagar Vora,2026-01-25 09:45:00,Business Owner,Self-Employed,,No
1052,Sanoj,Mathew,AFL-RET-001052,PQ Campaign,Safar Travel OCT25,CMP-2025-0004,2025-10-23 18:37:00,367660207,9154280935,,sanoj.mathew@gmail.com,2000-10-24,CWKPE7071F,PAN_Sanoj_Mathew.pdf,Thiruvananthapuram,Thiruvananthapuram,Kerala,695014,India,Retail Personal Loans,Travel Loan,375000,2025-12-07,Vivek Kurup,Trivandrum — Vazhuthacaud,Kerala & AP Region,South Zone,Disbursed,,,,AFLRET25000234,2025-11-13 09:43:00,No,Vivek Kurup,2025-11-13 09:43:00,Salaried — Private Sector,Salaried,0.2,No
1053,Vignesh,Vaidyanathan,AFL-RET-001053,Landing page,Professional Edge SEP26,CMP-2026-0039,2026-09-02 15:23:00,227734577,6904919382,8507034333,vignesh.vaidyanathan29@rediffmail.com,1979-09-01,QVMPB7416M,PAN_Vignesh_Vaidyanathan.pdf,Chennai,Chennai,Tamil Nadu,600024,India,Gold & Secured Loans,Loan Against Securities,9000000,2026-10-17,Saravanan Rajan,Chennai — T Nagar,Tamil Nadu Region,South Zone,Not reachable,NR-01,Number switched off / unreachable,,,2026-09-05 09:46:00,No,Saravanan Rajan,2026-09-05 09:46:00,Business Owner,Self-Employed,0.2,No
1054,Nilesh,Bhatt,AFL-RET-001054,Social media,Shiksha Education JUN26,CMP-2026-0028,2026-06-26 09:12:00,902267413,7777478358,7148403814,nilesh.bhatt@gmail.com,1981-11-02,ANYPW6890M,PAN_Nilesh_Bhatt.pdf,Mumbai,Mumbai Suburban,Maharashtra,400076,India,Retail Home Loans,Disha Home Loan,3200000,2026-08-25,Bhavesh Modi,Mumbai — Powai,Maharashtra Region,West Zone,Not interested,NI-03,Only enquiring — no current need,,,2026-06-29 13:48:00,No,Bhavesh Modi,2026-06-29 13:48:00,Salaried — Private Sector,Salaried,3.6,Yes
1055,Ramya,Rao,AFL-RET-001055,Social media,Swasthya Care JUL26,CMP-2026-0032,2026-07-25 10:31:00,756762289,6444339657,,ramya.rao@gmail.com,1981-01-03,,,Mysuru,Mysuru,Karnataka,570001,India,Retail Home Loans,Plot + Construction Loan,10500000,2026-09-08,Deepa Nair,Mysuru — Saraswathipuram,Karnataka Region,South Zone,Not interested,NI-03,Only enquiring — no current need,,,2026-07-28 10:12:00,No,Deepa Nair,2026-07-28 10:12:00,Self-Employed Non-Professional,Self-Employed,3.7,Yes
1056,Jayesh,Doshi,AFL-RET-001056,Website,Balance Transfer Bonanza JAN26,CMP-2026-0014,2026-01-26 10:31:00,269948796,6369991767,,jayesh.doshi@rediffmail.com,2002-12-11,QPBPX4968D,PAN_Jayesh_Doshi.pdf,Mumbai,Mumbai Suburban,Maharashtra,400052,India,Retail Home Loans,Home Loan Balance Transfer,13000000,2026-03-12,Shreya Desai,Mumbai — Bandra,Maharashtra Region,West Zone,Disbursed,,,,AFLRET26000235,2026-02-05 11:19:00,No,Shreya Desai,2026-02-05 11:19:00,Homemaker,Self-Employed,1,No
1057,Rajat,Singh,AFL-RET-001057,Website,Shubh Vivah FEB26,CMP-2026-0015,2026-02-03 09:31:00,735668911,9117031714,,rajat.singh@yahoo.com,1992-02-13,RHPPL6489S,PAN_Rajat_Singh.pdf,Faridabad,Faridabad,Haryana,121006,India,Business & MSME Loans,Machinery Purchase Loan,9000000,2026-04-04,Sumit Sinha,Faridabad — Sector 15,Delhi NCR Region,North Zone,Sanctioned,,,,AFLRET26000236,2026-02-17 09:41:00,No,Sumit Sinha,2026-02-17 09:41:00,Business Owner,Self-Employed,0.4,No
1058,Tanmoy,Guha,AFL-RET-001058,Landing page,Vyapar Vriddhi MAR26,CMP-2026-0020,2026-03-03 10:00:00,,9688379293,7430476891,,1972-02-18,,,Kolkata,Kolkata,West Bengal,700106,India,Business & MSME Loans,Working Capital Loan,17000000,2026-05-02,Tanmoy Chakraborty,Kolkata — Salt Lake,West Bengal Region,East Zone,Not interested,NI-05,Processing fee not acceptable,,,2026-03-04 15:54:00,No,Tanmoy Chakraborty,2026-03-04 15:54:00,Business Owner,Self-Employed,1.9,No
1059,Aarav,Sinha,AFL-RET-001059,Landing page,Diwali Dhamaka NOV25,CMP-2025-0006,2025-11-04 14:12:00,733481796,9368953662,,aarav.sinha@gmail.com,1981-03-06,BACPM2434U,PAN_Aarav_Sinha.pdf,Lucknow,Lucknow,Uttar Pradesh,226016,India,Vehicle & Consumer Loans,Two-Wheeler Loan,95000,2025-12-04,Tarun Tiwari,Lucknow — Hazratganj,North India Region,North Zone,Disbursed,,,,AFLRET25000237,2025-11-19 12:30:00,No,Tarun Tiwari,2025-11-19 12:30:00,Self-Employed Non-Professional,Self-Employed,0.2,No
1060,Aniket,Bhatt,AFL-RET-001060,Website,Swasthya Care AUG26,CMP-2026-0035,2026-08-27 13:31:00,,8798379493,,aniket.bhatt@hotmail.com,1994-08-17,CAGPH7969Z,PAN_Aniket_Bhatt.pdf,Ahmedabad,Ahmedabad,Gujarat,380058,India,Retail Personal Loans,Kushal Personal Loan,350000,2026-09-26,Hardik Bhatt,Ahmedabad — Satellite,Gujarat Region,West Zone,Follow-up,,,2026-09-21,,2026-08-29 12:43:00,No,Hardik Bhatt,2026-08-29 12:43:00,Salaried — Government / PSU,Salaried,3.2,Yes
1061,Bhavani,Kumar,AFL-RET-001061,Social media,Balance Transfer Bonanza JUN26,CMP-2026-0030,2026-06-26 13:58:00,,6426633546,,bhavani.kumar@rediffmail.com,1984-05-03,,,Hyderabad,Hyderabad,Telangana,500073,India,Retail Personal Loans,Debt Consolidation Loan,250000,2026-08-25,Sirisha Prasad,Hyderabad — Banjara Hills,Telangana Region,South Zone,Not interested,NI-05,Processing fee not acceptable,,,2026-06-29 14:16:00,No,Sirisha Prasad,2026-06-29 14:16:00,Salaried — Government / PSU,Salaried,0.2,No
1062,Debashish,Ghosh,AFL-RET-001062,PQ Campaign,Swasthya Care AUG26,CMP-2026-0035,2026-08-09 12:18:00,202974360,8504503607,,debashish.ghosh@gmail.com,1982-05-09,ZBWPJ8556V,PAN_Debashish_Ghosh.pdf,Kolkata,Kolkata,West Bengal,700020,India,Vehicle & Consumer Loans,Consumer Durable Loan,110000,2026-09-08,Rajib Chatterjee,Kolkata — Park Street,West Bengal Region,East Zone,Sanctioned,,,,AFLRET26000238,2026-08-14 10:43:00,No,Rajib Chatterjee,2026-08-14 10:43:00,Salaried — MNC,Salaried,0.2,No
1063,Tanmoy,Das,AFL-RET-001063,Landing page,Property Power MAY26,CMP-2026-0027,2026-05-06 17:18:00,,8526995056,,tanmoy.das@rediffmail.com,1973-10-27,VJMPB3612J,PAN_Tanmoy_Das.pdf,Kolkata,Kolkata,West Bengal,700102,India,Retail Personal Loans,Kushal Personal Loan,925000,2026-06-05,Paromita Majumdar,Kolkata — Salt Lake,West Bengal Region,East Zone,Rejected,REJ-01,Credit / bureau issue (CIBIL below cut-off),,,2026-05-09 11:39:00,No,Paromita Majumdar,2026-05-09 11:39:00,Salaried — Private Sector,Salaried,,No
1064,Nidhi,Sharma,AFL-RET-001064,Website,Professional Edge FEB26,CMP-2026-0018,2026-02-26 10:44:00,,8833977674,,nidhi.sharma@yahoo.com,1971-02-08,NJBPS7102B,PAN_Nidhi_Sharma.pdf,New Delhi,New Delhi,Delhi,110021,India,Loan Against Property,MLAP (Shakti),2100000,2026-04-12,Ritika Mishra,Delhi — Connaught Place,Delhi NCR Region,North Zone,Disbursed,,,,AFLRET26000239,2026-03-27 16:38:00,No,Ritika Mishra,2026-03-27 16:38:00,Self-Employed Non-Professional,Self-Employed,1.3,No
1065,Paromita,Chakraborty,AFL-RET-001065,Social media,Vyapar Vriddhi MAR26,CMP-2026-0020,2026-03-16 17:51:00,,6592171672,6360176950,paromita.chakraborty@gmail.com,1968-06-14,FAUPT4468D,PAN_Paromita_Chakraborty.pdf,Kolkata,Kolkata,West Bengal,700071,India,Business & MSME Loans,Working Capital Loan,2500000,2026-04-15,Debolina Banerjee,Kolkata — Park Street,West Bengal Region,East Zone,Not interested,NI-02,Already availed loan elsewhere,,,2026-03-19 11:23:00,No,Debolina Banerjee,2026-03-19 11:23:00,Business Owner,Self-Employed,10.3,Yes
1066,Meenakshi,Goel,AFL-RET-001066,Landing page,Shubh Vivah DEC25,CMP-2025-0011,2025-12-17 14:12:00,,9675058236,,meenakshi.goel@gmail.com,1999-03-12,SZRPN7347L,PAN_Meenakshi_Goel.pdf,New Delhi,New Delhi,Delhi,110021,India,Retail Personal Loans,Marriage Loan,225000,2026-01-31,Ritika Mishra,Delhi — Connaught Place,Delhi NCR Region,North Zone,Sanctioned,,,,AFLRET25000240,2026-01-02 09:01:00,No,Ritika Mishra,2026-01-02 09:01:00,Self-Employed Professional,Self-Employed,6.4,Yes
1067,Manish,Jain,AFL-RET-001067,Website,Diwali Dhamaka NOV25,CMP-2025-0006,2025-11-10 13:37:00,,8244003802,,manish.jain@hotmail.com,1977-03-07,YHEPF8290Y,PAN_Manish_Jain.pdf,Noida,Gautam Buddha Nagar,Uttar Pradesh,201304,India,Retail Personal Loans,Diwali Special Loan,125000,2025-12-25,Ritika Singh,Noida — Sector 62,Delhi NCR Region,North Zone,Not reachable,NR-03,No response after 3 attempts,,,2025-11-12 12:41:00,No,Ritika Singh,2025-11-12 12:41:00,Business Owner,Self-Employed,12,Yes
1068,Bhavesh,Bhatt,AFL-RET-001068,Website,Property Power JUN26,CMP-2026-0029,2026-06-07 18:18:00,,9291443426,8905180731,bhavesh.bhatt@gmail.com,1973-05-12,KTRPD1016V,PAN_Bhavesh_Bhatt.pdf,Ahmedabad,Ahmedabad,Gujarat,380052,India,Loan Against Property,MLAP (Shakti),5000000,2026-08-06,Hardik Bhatt,Ahmedabad — Satellite,Gujarat Region,West Zone,Rejected,REJ-10,Technical valuation below expectation,,,2026-06-12 09:06:00,No,Hardik Bhatt,2026-06-12 09:06:00,Business Owner,Self-Employed,,No
1069,Trupti,Deshmukh,AFL-RET-001069,Social media,Shubh Vivah JAN26,CMP-2026-0012,2026-01-30 10:12:00,,8845613674,,trupti.deshmukh76@rediffmail.com,1996-05-10,,,Pune,Pune,Maharashtra,411001,India,Gold & Secured Loans,Gold Loan,450000,2026-03-31,Parth Parikh,Pune — Shivajinagar,Maharashtra Region,West Zone,Rejected,REJ-09,Property title not clear,,,2026-02-04 10:06:00,No,Parth Parikh,2026-02-04 10:06:00,Salaried — Private Sector,Salaried,,No
1070,Abirami,Pillai,AFL-RET-001070,Landing page,Shubh Vivah FEB26,CMP-2026-0015,2026-02-01 14:00:00,,9898677112,,abirami.pillai@hotmail.com,1995-03-12,JQPPG6139V,PAN_Abirami_Pillai.pdf,Madurai,Madurai,Tamil Nadu,625001,India,Gold & Secured Loans,Gold Loan,200000,2026-03-03,Kavya Krishnan,Madurai — Anna Nagar,Tamil Nadu Region,South Zone,Rejected,REJ-12,GST / ITR not available,,,2026-02-06 09:06:00,No,Kavya Krishnan,2026-02-06 09:06:00,Salaried — Government / PSU,Salaried,,No
1071,Sneha,Trivedi,AFL-RET-001071,Website,Shubh Vivah FEB26,CMP-2026-0015,2026-02-06 09:51:00,306016814,7701570311,,sneha.trivedi@hotmail.com,1977-04-08,LRVPD1920T,PAN_Sneha_Trivedi.pdf,Pune,Pune,Maharashtra,411001,India,Retail Personal Loans,Home Renovation Loan,350000,2026-03-08,Parth Parikh,Pune — Shivajinagar,Maharashtra Region,West Zone,Rejected,REJ-08,Employer / company not approved,,,2026-02-16 10:30:00,No,Parth Parikh,2026-02-16 10:30:00,Salaried — MNC,Salaried,,No
1072,Naveen,Rathore,AFL-RET-001072,Landing page,Ghar Ka Sapna OCT25,CMP-2025-0002,2025-10-29 15:58:00,,8380045641,7301720011,naveen.rathore@gmail.com,1977-08-24,,,Jaipur,Jaipur,Rajasthan,302001,India,Business & MSME Loans,Machinery Purchase Loan,3300000,2025-11-28,Rajat Sethi,Jaipur — C Scheme,North India Region,North Zone,Duplicate,DUP-02,Same LAN already sourced,,,2025-10-29 17:13:00,Yes,Rajat Sethi,2025-10-29 17:13:00,Business Owner,Self-Employed,,No
1073,Naresh,Sastry,AFL-RET-001073,Social media,Shubh Vivah DEC25,CMP-2025-0011,2025-12-12 12:00:00,,9709556309,,naresh.sastry@rediffmail.com,1971-10-25,BUTPQ2085N,PAN_Naresh_Sastry.pdf,Hyderabad,Rangareddy,Telangana,500089,India,Retail Home Loans,Home Loan Balance Transfer,2800000,2026-01-26,Mahesh Varma,Hyderabad — Gachibowli,Telangana Region,South Zone,Sanctioned,,,,AFLRET25000241,2025-12-21 09:51:00,No,Mahesh Varma,2025-12-21 09:51:00,Salaried — Private Sector,Salaried,0.4,No
1074,Sagar,Rane,AFL-RET-001074,Landing page,Diwali Dhamaka NOV25,CMP-2025-0006,2025-11-19 16:58:00,641271619,9774319375,6327593940,sagar.rane@yahoo.com,1971-08-10,,,Mumbai,Mumbai Suburban,Maharashtra,400053,India,Business & MSME Loans,Machinery Purchase Loan,2900000,2026-01-18,Shreya Desai,Mumbai — Bandra,Maharashtra Region,West Zone,Not interested,NI-02,Already availed loan elsewhere,,,2025-11-25 11:41:00,No,Shreya Desai,2025-11-25 11:41:00,Homemaker,Self-Employed,13.8,Yes
1075,Shruthi,Murthy,AFL-RET-001075,Landing page,Property Power MAY26,CMP-2026-0027,2026-05-27 16:05:00,,8231840684,,shruthi.murthy@gmail.com,1999-11-23,QSJPZ9022H,PAN_Shruthi_Murthy.pdf,Bengaluru,Bengaluru Urban,Karnataka,560067,India,Retail Home Loans,Plot + Construction Loan,3800000,2026-07-26,Deepa Iyengar,Bengaluru — Whitefield,Karnataka Region,South Zone,Not interested,NI-04,Requirement postponed,,,2026-06-01 11:23:00,No,Deepa Iyengar,2026-06-01 11:23:00,Agriculturist,Self-Employed,0.2,No
1076,Pallavi,Acharya,AFL-RET-001076,Website,Vyapar Vriddhi JAN26,CMP-2026-0013,2026-01-22 12:37:00,,6451480148,,pallavi.acharya87@gmail.com,1976-06-26,SPMPB2231C,PAN_Pallavi_Acharya.pdf,Mysuru,Mysuru,Karnataka,570001,India,Business & MSME Loans,Vyapar Business Loan,2100000,2026-03-08,Deepa Nair,Mysuru — Saraswathipuram,Karnataka Region,South Zone,Disbursed,,,,AFLRET26000242,2026-02-20 09:32:00,No,Deepa Nair,2026-02-20 09:32:00,Self-Employed Non-Professional,Self-Employed,0.6,No
1077,Meenakshi,Bhatia,AFL-RET-001077,PQ Campaign,Shubh Vivah JAN26,CMP-2026-0012,2026-01-02 17:51:00,344976191,9149433216,,meenakshi.bhatia26@yahoo.com,1989-12-10,CFMPC8244K,PAN_Meenakshi_Bhatia.pdf,Faridabad,Faridabad,Haryana,121002,India,Retail Home Loans,Disha Home Loan,9500000,2026-03-03,Sumit Sinha,Faridabad — Sector 15,Delhi NCR Region,North Zone,Disbursed,,,,AFLRET26000243,2026-02-08 11:21:00,No,Sumit Sinha,2026-02-08 11:21:00,Self-Employed Professional,Self-Employed,0.3,No
1078,Parth,Pawar,AFL-RET-001078,Landing page,Grah Sajawat NOV25,CMP-2025-0010,2025-11-03 16:23:00,,6755192975,,parth.pawar34@yahoo.com,1986-08-21,HUMPK2722T,PAN_Parth_Pawar.pdf,Rajkot,Rajkot,Gujarat,360005,India,Vehicle & Consumer Loans,Used Car Loan,1300000,2025-12-03,Siddharth Trivedi,Rajkot — Kalawad Road,Gujarat Region,West Zone,Disbursed,,,,AFLRET25000244,2025-11-24 13:29:00,No,Siddharth Trivedi,2025-11-24 13:29:00,Salaried — Private Sector,Salaried,0.2,No
1079,Payal,Mehta,AFL-RET-001079,Landing page,Shiksha Education AUG26,CMP-2026-0034,2026-08-21 10:23:00,992337105,8954837568,6422977182,payal.mehta@gmail.com,1975-02-21,,,Surat,Surat,Gujarat,395001,India,Retail Personal Loans,Education Loan,1700000,2026-10-05,Omkar Shah,Surat — Adajan,Gujarat Region,West Zone,Follow-up,,,2026-09-10,,2026-08-24 10:15:00,No,Omkar Shah,2026-08-24 10:15:00,Salaried — Private Sector,Salaried,0.2,No
1080,Nikhil,Jadhav,AFL-RET-001080,Social media,Shiksha Education MAY26,CMP-2026-0026,2026-05-31 14:23:00,128185516,7895194476,6455619787,,1980-12-19,XJAPW2209S,PAN_Nikhil_Jadhav.pdf,Mumbai,Mumbai Suburban,Maharashtra,400064,India,Retail Personal Loans,Education Loan,275000,2026-07-15,Bhavesh Patil,Mumbai — Andheri,Maharashtra Region,West Zone,Disbursed,,,,AFLRET26000245,2026-06-22 09:38:00,No,Bhavesh Patil,2026-06-22 09:38:00,Self-Employed Non-Professional,Self-Employed,1.1,No
1081,Arindam,Dutta,AFL-RET-001081,Landing page,Shubh Vivah DEC25,CMP-2025-0011,2025-12-26 14:00:00,,9373748135,9179452445,,1983-03-17,,,Kolkata,Kolkata,West Bengal,700105,India,Retail Home Loans,Home Loan Balance Transfer,8000000,2026-02-24,Paromita Majumdar,Kolkata — Salt Lake,West Bengal Region,East Zone,Not interested,NI-05,Processing fee not acceptable,,,2025-12-28 11:54:00,No,Paromita Majumdar,2025-12-28 11:54:00,Salaried — Private Sector,Salaried,4.7,Yes
1082,Swapnil,Panchal,AFL-RET-001082,Landing page,Swasthya Care SEP26,CMP-2026-0038,2026-09-09 19:51:00,,7600968731,,swapnil.panchal@hotmail.com,1993-07-04,,,Pune,Pune,Maharashtra,411061,India,Retail Personal Loans,Medical Emergency Loan,50000,2026-10-24,Sneha Parikh,Pune — Wakad,Maharashtra Region,West Zone,New,,,,,2026-09-09 20:06:00,No,Sneha Parikh,2026-09-09 20:06:00,Self-Employed Non-Professional,Self-Employed,,No
1083,Kishore,Raju,AFL-RET-001083,Landing page,Swasthya Care AUG26,CMP-2026-0035,2026-08-13 18:00:00,755281100,9992934192,,kishore.raju22@outlook.com,1972-09-12,DBLPV7651Z,PAN_Kishore_Raju.pdf,Vijayawada,Krishna,Andhra Pradesh,520013,India,Retail Personal Loans,Medical Emergency Loan,125000,2026-09-27,Sirisha Chowdary,Vijayawada — MG Road,Kerala & AP Region,South Zone,Sanctioned,,,,AFLRET26000246,2026-08-26 11:05:00,No,Sirisha Chowdary,2026-08-26 11:05:00,Self-Employed Non-Professional,Self-Employed,0.2,No
1084,Kavita,Rathore,AFL-RET-001084,Website,Ghar Ka Sapna SEP26,CMP-2026-0037,2026-09-04 17:58:00,222961333,6343392493,8818599922,kavita.rathore88@rediffmail.com,1988-08-21,,,Gurugram,Gurugram,Haryana,122002,India,Retail Home Loans,Disha Home Loan,1000000,2026-11-03,Aarav Khanna,Gurugram — Cyber City,Delhi NCR Region,North Zone,Follow-up,,,2026-09-15,,2026-09-05 16:16:00,No,Aarav Khanna,2026-09-05 16:16:00,Self-Employed Professional,Self-Employed,0.3,No
1085,Manu,Raghavan,AFL-RET-001085,Social media,Grah Sajawat OCT25,CMP-2025-0005,2025-10-20 09:37:00,,8652627072,,manu.raghavan@gmail.com,1994-11-28,,,Kochi,Ernakulam,Kerala,682036,India,Retail Personal Loans,Home Renovation Loan,180000,2025-11-19,Anjana Menon,Kochi — Kaloor,Kerala & AP Region,South Zone,Rejected,REJ-12,GST / ITR not available,,,2025-10-25 11:56:00,No,Anjana Menon,2025-10-25 11:56:00,Agriculturist,Self-Employed,,No
1086,Vasanth,Rajan,AFL-RET-001086,Website,Safar Travel APR26,CMP-2026-0025,2026-04-30 13:51:00,,6686842153,6251983104,vasanth.rajan@yahoo.com,1994-11-19,,,Chennai,Chennai,Tamil Nadu,600033,India,Retail Home Loans,Home Loan Balance Transfer,5500000,2026-05-30,Hariharan Krishnan,Chennai — T Nagar,Tamil Nadu Region,South Zone,Not interested,NI-07,Tenure offered not suitable,,,2026-05-04 17:09:00,No,Hariharan Krishnan,2026-05-04 17:09:00,Salaried — Government / PSU,Salaried,0.3,No
1087,Aditi,Joshi,AFL-RET-001087,Social media,Vyapar Vriddhi MAR26,CMP-2026-0020,2026-03-02 18:58:00,,8788487915,,,1995-04-07,USWPP3032Z,PAN_Aditi_Joshi.pdf,Pune,Pune,Maharashtra,411027,India,Retail Personal Loans,Debt Consolidation Loan,600000,2026-05-01,Sagar Vora,Pune — Wakad,Maharashtra Region,West Zone,Sanctioned,,,,AFLRET26000247,2026-03-10 10:16:00,No,Sagar Vora,2026-03-10 10:16:00,Salaried — Government / PSU,Salaried,0.3,No
1088,Nandhini,Balaji,AFL-RET-001088,PQ Campaign,Vyapar Vriddhi JAN26,CMP-2026-0013,2026-01-10 10:05:00,118948465,6613839179,,,1990-07-02,,,Chennai,Chennai,Tamil Nadu,600033,India,Business & MSME Loans,Vyapar Business Loan,2600000,2026-02-24,Hariharan Krishnan,Chennai — T Nagar,Tamil Nadu Region,South Zone,Not interested,NI-05,Processing fee not acceptable,,,2026-01-14 10:05:00,No,Hariharan Krishnan,2026-01-14 10:05:00,Self-Employed Professional,Self-Employed,1.6,No
1089,Rushabh,Kulkarni,AFL-RET-001089,Website,Shiksha Education JUL26,CMP-2026-0031,2026-07-31 16:51:00,405304328,7586866174,,rushabh.kulkarni@yahoo.com,2002-08-06,,,Ahmedabad,Ahmedabad,Gujarat,380006,India,Retail Personal Loans,Education Loan,200000,2026-09-14,Swapnil Vora,Ahmedabad — CG Road,Gujarat Region,West Zone,Follow-up,,,2026-09-20,,2026-08-02 10:19:00,No,Swapnil Vora,2026-08-02 10:19:00,Self-Employed Professional,Self-Employed,0.5,No
1090,Mrunal,Gaikwad,AFL-RET-001090,Website,Shiksha Education AUG26,CMP-2026-0034,2026-08-29 12:44:00,,7335652630,,mrunal.gaikwad22@gmail.com,2002-09-28,,,Ahmedabad,Ahmedabad,Gujarat,380006,India,Retail Home Loans,Disha Home Loan,650000,2026-10-13,Payal Vora,Ahmedabad — CG Road,Gujarat Region,West Zone,Not interested,NI-02,Already availed loan elsewhere,,,2026-09-02 10:30:00,No,Payal Vora,2026-09-02 10:30:00,Self-Employed Non-Professional,Self-Employed,3.6,Yes
1091,Bikash,Sen,AFL-RET-001091,Website,Gold Utsav APR26,CMP-2026-0024,2026-04-13 12:31:00,,7710092527,7615464171,bikash.sen87@yahoo.com,1991-02-01,ECMPJ3462T,PAN_Bikash_Sen.pdf,Kolkata,Kolkata,West Bengal,700105,India,Retail Personal Loans,Marriage Loan,275000,2026-05-13,Paromita Majumdar,Kolkata — Salt Lake,West Bengal Region,East Zone,Not interested,NI-03,Only enquiring — no current need,,,2026-04-17 10:07:00,No,Paromita Majumdar,2026-04-17 10:07:00,Salaried — MNC,Salaried,8.5,Yes
1092,Pankaj,Singh,AFL-RET-001092,PQ Campaign,Shiksha Education JUL26,CMP-2026-0031,2026-07-02 16:44:00,344390814,6702689046,,pankaj.singh@outlook.com,1979-07-11,,,Jodhpur,Jodhpur,Rajasthan,342005,India,Business & MSME Loans,Machinery Purchase Loan,2200000,2026-08-31,Rohit Sharma,Jodhpur — Sardarpura,North India Region,North Zone,Rejected,REJ-11,Business vintage below minimum,,,2026-07-11 18:59:00,No,Rohit Sharma,2026-07-11 18:59:00,Self-Employed Non-Professional,Self-Employed,,No
1093,Tanvi,Trivedi,AFL-RET-001093,Social media,Shiksha Education AUG26,CMP-2026-0034,2026-08-02 11:23:00,605017133,6387886213,,tanvi.trivedi@yahoo.com,1995-07-14,,,Surat,Surat,Gujarat,395010,India,Loan Against Property,MLAP (Shakti),3700000,2026-09-01,Omkar Shah,Surat — Adajan,Gujarat Region,West Zone,Not interested,NI-07,Tenure offered not suitable,,,2026-08-07 09:34:00,No,Omkar Shah,2026-08-07 09:34:00,Self-Employed Professional,Self-Employed,1.3,No
1094,Aarav,Saxena,AFL-RET-001094,Website,Balance Transfer Bonanza JUL26,CMP-2026-0033,2026-07-04 19:05:00,662002959,6384810899,,aarav.saxena94@rediffmail.com,1988-03-15,HJSPZ1610E,PAN_Aarav_Saxena.pdf,New Delhi,New Delhi,Delhi,110011,India,Retail Personal Loans,Debt Consolidation Loan,1500000,2026-09-02,Ritika Mishra,Delhi — Connaught Place,Delhi NCR Region,North Zone,Disbursed,,,,AFLRET26000248,2026-08-05 10:23:00,No,Ritika Mishra,2026-08-05 10:23:00,Salaried — Private Sector,Salaried,0.2,No
1095,Sagar,Pawar,AFL-RET-001095,Website,Safar Travel APR26,CMP-2026-0025,2026-04-20 09:23:00,,6344449486,,,2000-07-16,,,Nagpur,Nagpur,Maharashtra,440015,India,Retail Personal Loans,Travel Loan,170000,2026-05-20,Hardik Patel,Nagpur — Dharampeth,Maharashtra Region,West Zone,Follow-up,,,2026-09-18,,2026-04-21 11:23:00,No,Hardik Patel,2026-04-21 11:23:00,Student,Salaried,2,No
1096,Revathi,Raman,AFL-RET-001096,Landing page,Ghar Ka Sapna NOV25,CMP-2025-0008,2025-11-18 16:51:00,859786503,6444204973,9777461764,revathi.raman@yahoo.com,1995-05-02,,,Madurai,Madurai,Tamil Nadu,625002,India,Retail Home Loans,Disha Home Loan,2100000,2025-12-18,Kavya Krishnan,Madurai — Anna Nagar,Tamil Nadu Region,South Zone,Not reachable,NR-02,Invalid / wrong number,,,2025-11-21 15:21:00,No,Kavya Krishnan,2025-11-21 15:21:00,Self-Employed Professional,Self-Employed,0.5,No
1097,Kunal,Panchal,AFL-RET-001097,Website,Ghar Ka Sapna OCT25,CMP-2025-0002,2025-10-30 14:37:00,,8411592752,8752408525,kunal.panchal@rediffmail.com,1979-04-16,DGHPF8722C,PAN_Kunal_Panchal.pdf,Pune,Pune,Maharashtra,411027,India,Retail Home Loans,Home Purchase Loan,12000000,2025-12-29,Sagar Vora,Pune — Wakad,Maharashtra Region,West Zone,Rejected,REJ-01,Credit / bureau issue (CIBIL below cut-off),,,2025-11-11 11:45:00,No,Sagar Vora,2025-11-11 11:45:00,Salaried — Government / PSU,Salaried,,No
1098,Yash,Parikh,AFL-RET-001098,Landing page,Shiksha Education MAY26,CMP-2026-0026,2026-05-12 16:00:00,891566798,7779589408,,yash.parikh@hotmail.com,1993-04-21,YBXPB5134Y,PAN_Yash_Parikh.pdf,Mumbai,Mumbai Suburban,Maharashtra,400064,India,Retail Personal Loans,Diwali Special Loan,65000,2026-07-11,Bhavesh Patil,Mumbai — Andheri,Maharashtra Region,West Zone,Login Initiated,,,,,2026-05-18 11:43:00,No,Bhavesh Patil,2026-05-18 11:43:00,Business Owner,Self-Employed,0.2,No
1099,Ashwin,Ravichandran,AFL-RET-001099,Social media,Ghar Ka Sapna OCT25,CMP-2025-0002,2025-10-27 18:23:00,705619822,6513868360,9429443989,ashwin.ravichandran@gmail.com,1973-08-23,,,Madurai,Madurai,Tamil Nadu,625014,India,Retail Home Loans,Plot + Construction Loan,8500000,2025-12-26,Kavya Krishnan,Madurai — Anna Nagar,Tamil Nadu Region,South Zone,Not interested,NI-06,Family / spouse declined,,,2025-10-29 11:41:00,No,Kavya Krishnan,2025-10-29 11:41:00,Self-Employed Professional,Self-Employed,0.2,No
1100,Jayesh,Pawar,AFL-RET-001100,Website,Safar Travel APR26,CMP-2026-0025,2026-04-05 18:37:00,,9158395650,9193243160,jayesh.pawar89@hotmail.com,1989-12-21,,,Mumbai,Mumbai Suburban,Maharashtra,400051,India,Retail Personal Loans,Debt Consolidation Loan,400000,2026-05-20,Shreya Desai,Mumbai — Bandra,Maharashtra Region,West Zone,Follow-up,,,2026-09-16,,2026-04-08 09:31:00,No,Shreya Desai,2026-04-08 09:31:00,Salaried — Government / PSU,Salaried,1,No
1101,Ritika,Verma,AFL-RET-001101,Website,Balance Transfer Bonanza FEB26,CMP-2026-0017,2026-02-23 14:44:00,,6479524734,,ritika.verma@hotmail.com,1992-07-28,,,New Delhi,New Delhi,Delhi,110001,India,Retail Personal Loans,Home Renovation Loan,1100000,2026-03-25,Nidhi Sharma,Delhi — Connaught Place,Delhi NCR Region,North Zone,Not interested,NI-06,Family / spouse declined,,,2026-02-25 11:08:00,No,Nidhi Sharma,2026-02-25 11:08:00,Salaried — Private Sector,Salaried,1.4,No
1102,Arjun,Verma,AFL-RET-001102,PQ Campaign,Shiksha Education MAY26,CMP-2026-0026,2026-05-31 18:44:00,610259768,9244559156,,arjun.verma65@rediffmail.com,1990-10-06,ZSAPA4062D,PAN_Arjun_Verma.pdf,Kanpur,Kanpur Nagar,Uttar Pradesh,208005,India,Retail Personal Loans,Education Loan,140000,2026-07-15,Nitin Bansal,Kanpur — Civil Lines,North India Region,North Zone,Sanctioned,,,,AFLRET26000249,2026-06-09 16:35:00,No,Nitin Bansal,2026-06-09 16:35:00,Salaried — MNC,Salaried,0.5,No
1103,Janani,Ravichandran,AFL-RET-001103,Website,Shiksha Education JUL26,CMP-2026-0031,2026-07-21 09:00:00,623669436,9907926328,,janani.ravichandran45@rediffmail.com,1998-05-13,YECPL4110Z,PAN_Janani_Ravichandran.pdf,Coimbatore,Coimbatore,Tamil Nadu,641045,India,Retail Personal Loans,Education Loan,165000,2026-08-20,Muthu Krishnan,Coimbatore — RS Puram,Tamil Nadu Region,South Zone,Follow-up,,,2026-09-08,,2026-07-24 11:34:00,No,Muthu Krishnan,2026-07-24 11:34:00,Agriculturist,Self-Employed,0.3,No
1104,Manoj,Nath,AFL-RET-001104,Social media,Professional Edge MAR26,CMP-2026-0021,2026-03-23 17:18:00,,9904367444,,,1993-05-25,NTHPC7866S,PAN_Manoj_Nath.pdf,Ranchi,Ranchi,Jharkhand,834001,India,Vehicle & Consumer Loans,Used Car Loan,400000,2026-04-22,Anita Bora,Ranchi — Main Road,East India Region,East Zone,Login Initiated,,,,,2026-03-25 11:10:00,No,Anita Bora,2026-03-25 11:10:00,Salaried — Private Sector,Salaried,0.2,No
1105,Rituparna,Mukherjee,AFL-RET-001105,Social media,Diwali Dhamaka NOV25,CMP-2025-0006,2025-11-28 11:05:00,485645742,8178488609,7741608451,rituparna.mukherjee@gmail.com,1974-05-18,TMRPU6579L,PAN_Rituparna_Mukherjee.pdf,Kolkata,Kolkata,West Bengal,700102,India,Vehicle & Consumer Loans,Consumer Durable Loan,60000,2026-01-12,Paromita Majumdar,Kolkata — Salt Lake,West Bengal Region,East Zone,Disbursed,,,,AFLRET25000250,2025-12-25 09:42:00,No,Paromita Majumdar,2025-12-25 09:42:00,Salaried — Government / PSU,Salaried,0.2,No
1106,Tarun,Chopra,AFL-RET-001106,Landing page,Shubh Vivah JAN26,CMP-2026-0012,2026-01-25 09:00:00,408319849,8478413640,,tarun.chopra@rediffmail.com,1990-04-09,,,Faridabad,Faridabad,Haryana,121002,India,Retail Personal Loans,Marriage Loan,250000,2026-03-11,Sumit Sinha,Faridabad — Sector 15,Delhi NCR Region,North Zone,Not interested,NI-01,Rate of interest too high,,,2026-01-29 11:32:00,No,Sumit Sinha,2026-01-29 11:32:00,Self-Employed Non-Professional,Self-Employed,2.1,Yes
1107,Hariharan,Krishnan,AFL-RET-001107,Social media,Swasthya Care AUG26,CMP-2026-0035,2026-08-29 12:05:00,734645943,8360680281,8387280589,hariharan.krishnan21@gmail.com,1984-09-02,,,Chennai,Chennai,Tamil Nadu,600090,India,Business & MSME Loans,Working Capital Loan,7500000,2026-10-28,Suresh Raman,Chennai — Adyar,Tamil Nadu Region,South Zone,Rejected,REJ-12,GST / ITR not available,,,2026-09-10 11:58:00,No,Suresh Raman,2026-09-10 11:58:00,Self-Employed Professional,Self-Employed,,No
1108,Chandra,Reddy,AFL-RET-001108,Social media,Shiksha Education MAY26,CMP-2026-0026,2026-05-21 17:23:00,616359719,6139965584,9509472219,chandra.reddy@gmail.com,1990-10-01,LSWPA3213V,PAN_Chandra_Reddy.pdf,Hyderabad,Hyderabad,Telangana,500073,India,Loan Against Property,Lease Rental Discounting,6000000,2026-06-20,Rajitha Reddy,Hyderabad — Banjara Hills,Telangana Region,South Zone,Not reachable,NR-03,No response after 3 attempts,,,2026-05-23 09:49:00,No,Rajitha Reddy,2026-05-23 09:49:00,Agriculturist,Self-Employed,0.6,No
1109,Harsha,Pai,AFL-RET-001109,Landing page,Balance Transfer Bonanza JUN26,CMP-2026-0030,2026-06-05 12:05:00,,7404970081,9319272291,harsha.pai@hotmail.com,1978-01-09,YHJPV6102F,PAN_Harsha_Pai.pdf,Bengaluru,Bengaluru Urban,Karnataka,560034,India,Retail Personal Loans,Debt Consolidation Loan,1900000,2026-07-05,Manoj Nair,Bengaluru — Koramangala,Karnataka Region,South Zone,Rejected,REJ-12,GST / ITR not available,,,2026-06-15 11:54:00,No,Manoj Nair,2026-06-15 11:54:00,Salaried — Government / PSU,Salaried,,No
1110,Aruna,Reddy,AFL-RET-001110,Website,Shiksha Education JUN26,CMP-2026-0028,2026-06-14 10:31:00,,8821932233,6865540564,aruna.reddy@yahoo.com,2001-09-19,,,Vijayawada,Krishna,Andhra Pradesh,520013,India,Retail Personal Loans,Education Loan,675000,2026-07-29,Sirisha Chowdary,Vijayawada — MG Road,Kerala & AP Region,South Zone,Not reachable,NR-02,Invalid / wrong number,,,2026-06-16 10:16:00,No,Sirisha Chowdary,2026-06-16 10:16:00,Salaried — Government / PSU,Salaried,0.2,No
1111,Tejas,Mehta,AFL-RET-001111,Website,Balance Transfer Bonanza FEB26,CMP-2026-0017,2026-02-07 11:51:00,,6586318769,,tejas.mehta16@hotmail.com,1977-09-04,,,Surat,Surat,Gujarat,395010,India,Retail Home Loans,Home Loan Balance Transfer,4000000,2026-03-09,Omkar Shah,Surat — Adajan,Gujarat Region,West Zone,Not interested,NI-05,Processing fee not acceptable,,,2026-02-08 17:09:00,No,Omkar Shah,2026-02-08 17:09:00,Homemaker,Self-Employed,0.2,No
1112,Piyali,Roy,AFL-RET-001112,Website,Ghar Ka Sapna MAR26,CMP-2026-0019,2026-03-26 09:05:00,333172062,8481431821,,piyali.roy@hotmail.com,1995-02-22,YPUPR5749X,PAN_Piyali_Roy.pdf,Howrah,Howrah,West Bengal,711106,India,Vehicle & Consumer Loans,Used Car Loan,975000,2026-05-10,Ananya Das,Howrah — Shibpur,West Bengal Region,East Zone,Not interested,NI-06,Family / spouse declined,,,2026-03-28 09:23:00,No,Ananya Das,2026-03-28 09:23:00,Business Owner,Self-Employed,0.2,No
1113,Aniket,Panchal,AFL-RET-001113,Social media,Swasthya Care AUG26,CMP-2026-0035,2026-08-21 17:23:00,,9877069917,9988327881,aniket.panchal4@outlook.com,1973-04-06,,,Mumbai,Mumbai,Maharashtra,400020,India,Gold & Secured Loans,Gold Loan,675000,2026-10-20,Omkar Patel,Mumbai — Fort,Maharashtra Region,West Zone,Not reachable,NR-03,No response after 3 attempts,,,2026-08-25 09:37:00,No,Omkar Patel,2026-08-25 09:37:00,Salaried — Private Sector,Salaried,1.7,No
1114,Sameer,Parikh,AFL-RET-001114,Social media,Shubh Vivah JAN26,CMP-2026-0012,2026-01-29 19:23:00,,8917664599,,sameer.parikh@outlook.com,2002-03-23,DPVPX3429K,PAN_Sameer_Parikh.pdf,Mumbai,Mumbai Suburban,Maharashtra,400097,India,Retail Home Loans,Disha Home Loan,6000000,2026-03-30,Bhavesh Modi,Mumbai — Powai,Maharashtra Region,West Zone,Disbursed,,,,AFLRET26000251,2026-02-20 09:40:00,No,Bhavesh Modi,2026-02-20 09:40:00,Salaried — MNC,Salaried,0.2,No
1115,Sunita,Mahto,AFL-RET-001115,Landing page,Vyapar Vriddhi JAN26,CMP-2026-0013,2026-01-15 16:00:00,,6439611902,6130392064,sunita.mahto@rediffmail.com,2002-03-06,,,Ranchi,Ranchi,Jharkhand,834009,India,Business & MSME Loans,Working Capital Loan,7500000,2026-02-14,Anita Bora,Ranchi — Main Road,East India Region,East Zone,Not interested,NI-02,Already availed loan elsewhere,,,2026-01-19 11:00:00,No,Anita Bora,2026-01-19 11:00:00,Self-Employed Professional,Self-Employed,0.4,No
1116,Shashank,Shenoy,AFL-RET-001116,Website,Professional Edge MAR26,CMP-2026-0021,2026-03-25 14:31:00,,9698387039,,shashank.shenoy@outlook.com,1983-05-26,UNWPL3369Z,PAN_Shashank_Shenoy.pdf,Mysuru,Mysuru,Karnataka,570023,India,Loan Against Property,Lease Rental Discounting,22000000,2026-05-24,Deepa Nair,Mysuru — Saraswathipuram,Karnataka Region,South Zone,Disbursed,,,,AFLRET26000252,2026-04-24 11:47:00,No,Deepa Nair,2026-04-24 11:47:00,Homemaker,Self-Employed,0.2,No
1117,Siddharth,Sawant,AFL-RET-001117,Website,Ghar Ka Sapna NOV25,CMP-2025-0008,2025-11-26 09:05:00,,8524087333,,siddharth.sawant@outlook.com,1975-07-12,PRQPE1461A,PAN_Siddharth_Sawant.pdf,Mumbai,Mumbai Suburban,Maharashtra,400076,India,Retail Home Loans,Disha Home Loan,1200000,2026-01-25,Aniket Modi,Mumbai — Powai,Maharashtra Region,West Zone,Disbursed,,,,AFLRET25000253,2025-12-19 11:19:00,No,Aniket Modi,2025-12-19 11:19:00,Salaried — Government / PSU,Salaried,7.9,Yes
1118,Kishore,Raju,AFL-RET-001118,Landing page,Property Power APR26,CMP-2026-0023,2026-04-27 12:12:00,897285079,9499414809,,kishore.raju16@gmail.com,1987-09-17,CYZPZ3821G,PAN_Kishore_Raju.pdf,Anantapur,Anantapur,Andhra Pradesh,515001,India,Gold & Secured Loans,Loan Against Securities,2300000,2026-05-27,UNALLOCATED,UNALLOCATED,UNALLOCATED,UNALLOCATED,New,,,,,2026-04-27 12:24:00,No,System,2026-04-27 12:24:00,Salaried — Government / PSU,Salaried,,Yes
1119,Subhankar,Chatterjee,AFL-RET-001119,Landing page,Shiksha Education AUG26,CMP-2026-0034,2026-08-02 20:05:00,,8857990036,,subhankar.chatterjee71@rediffmail.com,1972-02-26,FLQPJ8001J,PAN_Subhankar_Chatterjee.pdf,Kolkata,Kolkata,West Bengal,700105,India,Loan Against Property,Lease Rental Discounting,29000000,2026-09-01,Paromita Majumdar,Kolkata — Salt Lake,West Bengal Region,East Zone,Login Initiated,,,,,2026-08-08 09:00:00,No,Paromita Majumdar,2026-08-08 09:00:00,Self-Employed Professional,Self-Employed,0.2,No
1120,Hardik,Modi,AFL-RET-001120,Landing page,Shubh Vivah DEC25,CMP-2025-0011,2025-12-25 09:51:00,,8540013516,,hardik.modi@gmail.com,1985-09-07,,,Mumbai,Mumbai Suburban,Maharashtra,400058,India,Loan Against Property,Loan Against Property,9000000,2026-02-23,Bhavesh Patil,Mumbai — Andheri,Maharashtra Region,West Zone,Not reachable,NR-01,Number switched off / unreachable,,,2025-12-27 18:09:00,No,Bhavesh Patil,2025-12-27 18:09:00,Salaried — MNC,Salaried,0.2,No
1121,Naresh,Kumar,AFL-RET-001121,Landing page,Diwali Dhamaka NOV25,CMP-2025-0006,2025-11-01 17:44:00,,8667906906,,naresh.kumar69@outlook.com,1990-08-15,,,Visakhapatnam,Visakhapatnam,Andhra Pradesh,530020,India,Retail Personal Loans,Diwali Special Loan,75000,2025-12-16,Chandra Naidu,Vizag — Dwaraka Nagar,Kerala & AP Region,South Zone,Rejected,REJ-08,Employer / company not approved,,,2025-11-12 09:06:00,No,Chandra Naidu,2025-11-12 09:06:00,Self-Employed Professional,Self-Employed,,No
1122,Lakshmi,Sethuraman,AFL-RET-001122,PQ Campaign,Balance Transfer Bonanza JAN26,CMP-2026-0014,2026-01-22 20:12:00,419215067,7335100039,,lakshmi.sethuraman@gmail.com,1991-06-21,TSAPT5159F,PAN_Lakshmi_Sethuraman.pdf,Chennai,Chennai,Tamil Nadu,600028,India,Retail Personal Loans,Debt Consolidation Loan,225000,2026-03-08,Gokul Srinivasan,Chennai — Adyar,Tamil Nadu Region,South Zone,Login Initiated,,,,,2026-01-25 14:32:00,No,Gokul Srinivasan,2026-01-25 14:32:00,Salaried — Private Sector,Salaried,9.3,Yes
1123,Bhavesh,Wagh,AFL-RET-001123,Website,Balance Transfer Bonanza JAN26,CMP-2026-0014,2026-01-30 19:05:00,,6383071783,6186898333,bhavesh.wagh@yahoo.com,1997-10-10,,,Mumbai,Mumbai,Maharashtra,400001,India,Retail Personal Loans,Kushal Personal Loan,375000,2026-03-16,Omkar Patel,Mumbai — Fort,Maharashtra Region,West Zone,Not interested,NI-06,Family / spouse declined,,,2026-02-01 17:28:00,No,Omkar Patel,2026-02-01 17:28:00,Salaried — MNC,Salaried,10.9,Yes
1124,Ashwini,Amin,AFL-RET-001124,Landing page,Shiksha Education JUL26,CMP-2026-0031,2026-07-06 11:44:00,,6261469192,9293143799,ashwini.amin@gmail.com,2002-06-03,,,Pune,Pune,Maharashtra,411030,India,Retail Personal Loans,Education Loan,160000,2026-09-04,Nikhil Deshmukh,Pune — Shivajinagar,Maharashtra Region,West Zone,Rejected,REJ-09,Property title not clear,,,2026-07-14 11:42:00,No,Nikhil Deshmukh,2026-07-14 11:42:00,Salaried — Government / PSU,Salaried,,No
1125,Hardik,Patel,AFL-RET-001125,Website,Shiksha Education JUN26,CMP-2026-0028,2026-06-14 12:23:00,,7101001105,6780821831,hardik.patel@hotmail.com,2002-06-28,,,Mumbai,Mumbai Suburban,Maharashtra,400054,India,Retail Home Loans,Home Purchase Loan,4500000,2026-07-29,Jayesh Chavan,Mumbai — Bandra,Maharashtra Region,West Zone,Rejected,REJ-02,Income below minimum,,,2026-06-17 13:38:00,No,Jayesh Chavan,2026-06-17 13:38:00,Salaried — Private Sector,Salaried,,No
1126,Kunal,Desai,AFL-RET-001126,Website,Safar Travel APR26,CMP-2026-0025,2026-04-25 09:37:00,,8498837619,9401173540,,1997-06-28,,,Mumbai,Mumbai,Maharashtra,400023,India,Retail Personal Loans,Travel Loan,250000,2026-06-24,Rutuja Pawar,Mumbai — Fort,Maharashtra Region,West Zone,Not interested,NI-02,Already availed loan elsewhere,,,2026-04-28 15:14:00,No,Rutuja Pawar,2026-04-28 15:14:00,Salaried — Government / PSU,Salaried,10.1,Yes
1127,Sowmya,Bhat,AFL-RET-001127,PQ Campaign,Balance Transfer Bonanza FEB26,CMP-2026-0017,2026-02-02 16:31:00,936902262,6457552777,9333280084,sowmya.bhat22@rediffmail.com,1991-04-10,QTMPB3046D,PAN_Sowmya_Bhat.pdf,Bengaluru,Bengaluru Urban,Karnataka,560069,India,Retail Home Loans,Disha Home Loan,4000000,2026-04-03,Vinay Jain,Bengaluru — Jayanagar,Karnataka Region,South Zone,Sanctioned,,,,AFLRET26000254,2026-02-08 14:59:00,No,Vinay Jain,2026-02-08 14:59:00,Self-Employed Professional,Self-Employed,4.5,Yes
1128,Suresh,Murugan,AFL-RET-001128,PQ Campaign,Shiksha Education JUL26,CMP-2026-0031,2026-07-21 13:05:00,860926169,8311622392,8316923514,suresh.murugan@outlook.com,1998-01-01,,,Chennai,Chennai,Tamil Nadu,600041,India,Retail Personal Loans,Education Loan,1700000,2026-09-04,Gokul Srinivasan,Chennai — Adyar,Tamil Nadu Region,South Zone,Rejected,REJ-02,Income below minimum,,,2026-07-29 11:01:00,No,Gokul Srinivasan,2026-07-29 11:01:00,Self-Employed Non-Professional,Self-Employed,,No
1129,Shalini,Malhotra,AFL-RET-001129,Landing page,Swasthya Care SEP26,CMP-2026-0038,2026-09-01 12:51:00,,6527267584,,shalini.malhotra@hotmail.com,1991-10-05,,,New Delhi,New Delhi,Delhi,110001,India,Retail Personal Loans,Medical Emergency Loan,185000,2026-10-16,Nidhi Sharma,Delhi — Connaught Place,Delhi NCR Region,North Zone,Not reachable,NR-03,No response after 3 attempts,,,2026-09-03 11:30:00,No,Nidhi Sharma,2026-09-03 11:30:00,Business Owner,Self-Employed,1.3,No
1130,Naresh,Prasad,AFL-RET-001130,Website,Swasthya Care JUL26,CMP-2026-0032,2026-07-25 11:37:00,,7162082499,,naresh.prasad34@yahoo.com,2000-11-23,,,Visakhapatnam,Visakhapatnam,Andhra Pradesh,530002,India,Business & MSME Loans,MSME Growth Loan,1800000,2026-09-08,Chandra Naidu,Vizag — Dwaraka Nagar,Kerala & AP Region,South Zone,Follow-up,,,2026-09-20,,2026-07-28 14:55:00,No,Chandra Naidu,2026-07-28 14:55:00,Self-Employed Non-Professional,Self-Employed,3.3,Yes
1131,Divya,Srinivasan,AFL-RET-001131,Website,Shubh Vivah DEC25,CMP-2025-0011,2025-12-07 14:37:00,,6465253135,,divya.srinivasan40@rediffmail.com,2003-10-18,,,Chennai,Chennai,Tamil Nadu,600035,India,Retail Home Loans,Home Loan Balance Transfer,11500000,2026-02-05,Saravanan Rajan,Chennai — T Nagar,Tamil Nadu Region,South Zone,Rejected,REJ-13,Others,,,2025-12-09 09:16:00,No,Saravanan Rajan,2025-12-09 09:16:00,Student,Salaried,,No
1132,Sirisha,Pillai,AFL-RET-001132,Website,Balance Transfer Bonanza JUN26,CMP-2026-0030,2026-06-21 18:31:00,717914951,6190449818,,sirisha.pillai@yahoo.com,1979-02-11,HTKPU8096T,PAN_Sirisha_Pillai.pdf,Vijayawada,Krishna,Andhra Pradesh,520013,India,Retail Home Loans,Home Loan Balance Transfer,6000000,2026-07-21,Sirisha Chowdary,Vijayawada — MG Road,Kerala & AP Region,South Zone,Rejected,REJ-01,Credit / bureau issue (CIBIL below cut-off),,,2026-07-04 11:17:00,No,Sirisha Chowdary,2026-07-04 11:17:00,Salaried — MNC,Salaried,,No
1133,Sowmya,Setty,AFL-RET-001133,PQ Campaign,Balance Transfer Bonanza JUN26,CMP-2026-0030,2026-06-11 17:12:00,974582242,9664663839,6653679552,,1991-02-02,,,Mysuru,Mysuru,Karnataka,570023,India,Retail Home Loans,Home Loan Balance Transfer,2700000,2026-07-11,Deepa Nair,Mysuru — Saraswathipuram,Karnataka Region,South Zone,Rejected,REJ-10,Technical valuation below expectation,,,2026-06-16 11:27:00,No,Deepa Nair,2026-06-16 11:27:00,Self-Employed Non-Professional,Self-Employed,,No
1134,Manoj,Rai,AFL-RET-001134,PQ Campaign,Shiksha Education JUN26,CMP-2026-0028,2026-06-13 19:44:00,876378580,8397955312,,manoj.rai@gmail.com,1987-04-17,CHZPN8868X,PAN_Manoj_Rai.pdf,Bengaluru,Bengaluru Urban,Karnataka,560029,India,Retail Personal Loans,Education Loan,625000,2026-07-28,Vinay Nair,Bengaluru — Koramangala,Karnataka Region,South Zone,Duplicate,DUP-02,Same LAN already sourced,,,2026-06-13 20:59:00,Yes,Vinay Nair,2026-06-13 20:59:00,Business Owner,Self-Employed,,No
1135,Amit,Rathore,AFL-RET-001135,Website,Vyapar Vriddhi FEB26,CMP-2026-0016,2026-02-13 18:37:00,,7866592778,,amit.rathore@gmail.com,1981-01-22,JRXPY1240J,PAN_Amit_Rathore.pdf,Lucknow,Lucknow,Uttar Pradesh,226024,India,Business & MSME Loans,Vyapar Business Loan,1100000,2026-03-15,Tarun Tiwari,Lucknow — Hazratganj,North India Region,North Zone,Disbursed,,,,AFLRET26000255,2026-03-14 11:20:00,No,Tarun Tiwari,2026-03-14 11:20:00,Self-Employed Non-Professional,Self-Employed,0.4,No
1136,Sneha,Pawar,AFL-RET-001136,Social media,Gold Utsav APR26,CMP-2026-0024,2026-04-11 16:05:00,329301132,8814795396,,sneha.pawar45@hotmail.com,1977-02-10,,,Ahmedabad,Ahmedabad,Gujarat,380001,India,Retail Personal Loans,Debt Consolidation Loan,875000,2026-05-26,Payal Vora,Ahmedabad — CG Road,Gujarat Region,West Zone,Not interested,NI-02,Already availed loan elsewhere,,,2026-04-16 10:52:00,No,Payal Vora,2026-04-16 10:52:00,Salaried — Private Sector,Salaried,0.2,No
1137,Pranav,Panchal,AFL-RET-001137,Landing page,Vyapar Vriddhi MAR26,CMP-2026-0020,2026-03-16 12:37:00,305776677,9155232640,7571259285,pranav.panchal71@outlook.com,1986-01-07,KVLPS6345A,PAN_Pranav_Panchal.pdf,Mumbai,Mumbai Suburban,Maharashtra,400061,India,Business & MSME Loans,Vyapar Business Loan,3400000,2026-05-15,Mihir Bhatt,Mumbai — Andheri,Maharashtra Region,West Zone,Disbursed,,,,AFLRET26000256,2026-04-14 13:10:00,No,Mihir Bhatt,2026-04-14 13:10:00,Self-Employed Professional,Self-Employed,16.8,Yes
1138,Prabhu,Natarajan,AFL-RET-001138,Website,Vyapar Vriddhi FEB26,CMP-2026-0016,2026-02-20 14:44:00,,7882123222,,prabhu.natarajan@outlook.com,1984-06-06,,,Chennai,Chennai,Tamil Nadu,600096,India,Business & MSME Loans,Vyapar Business Loan,6000000,2026-04-06,Gokul Srinivasan,Chennai — Adyar,Tamil Nadu Region,South Zone,Not interested,NI-03,Only enquiring — no current need,,,2026-02-22 09:29:00,No,Gokul Srinivasan,2026-02-22 09:29:00,Self-Employed Professional,Self-Employed,2.7,Yes
1139,Debolina,Dutta,AFL-RET-001139,PQ Campaign,Shubh Vivah DEC25,CMP-2025-0011,2025-12-24 19:05:00,133759995,8182044488,8321386768,debolina.dutta43@hotmail.com,2000-04-01,,,Kolkata,Kolkata,West Bengal,700106,India,Retail Personal Loans,Marriage Loan,200000,2026-01-23,Paromita Majumdar,Kolkata — Salt Lake,West Bengal Region,East Zone,Follow-up,,,2026-09-10,,2025-12-25 15:33:00,No,Paromita Majumdar,2025-12-25 15:33:00,Salaried — Private Sector,Salaried,0.2,No
1140,Sowmya,Naik,AFL-RET-001140,Website,Shiksha Education JUL26,CMP-2026-0031,2026-07-22 18:12:00,,6939966260,,sowmya.naik20@yahoo.com,1991-02-08,,,Hubballi,Dharwad,Karnataka,580025,India,Retail Personal Loans,Education Loan,650000,2026-08-21,Suhas Pai,Hubballi — Vidyanagar,Karnataka Region,South Zone,Rejected,REJ-03,Policy restriction,,,2026-07-27 16:27:00,No,Suhas Pai,2026-07-27 16:27:00,Self-Employed Professional,Self-Employed,,No
1141,Padmaja,Sarma,AFL-RET-001141,Social media,Shubh Vivah DEC25,CMP-2025-0011,2025-12-21 16:05:00,,6308080813,,padmaja.sarma@gmail.com,1985-02-09,,,Warangal,Warangal,Telangana,506002,India,Retail Personal Loans,Kushal Personal Loan,1800000,2026-01-20,Aruna Reddy,Warangal — Hanamkonda,Telangana Region,South Zone,Rejected,REJ-01,Credit / bureau issue (CIBIL below cut-off),,,2025-12-23 11:18:00,No,Aruna Reddy,2025-12-23 11:18:00,Salaried — Private Sector,Salaried,,No
1142,Venkat,Sastry,AFL-RET-001142,Website,Swasthya Care AUG26,CMP-2026-0035,2026-08-21 16:00:00,,6791879889,7359949553,venkat.sastry@gmail.com,1988-05-03,,,Anantapur,Anantapur,Andhra Pradesh,515001,India,Retail Home Loans,Disha Home Loan,4200000,2026-10-05,UNALLOCATED,UNALLOCATED,UNALLOCATED,UNALLOCATED,New,,,,,2026-08-21 16:12:00,No,System,2026-08-21 16:12:00,Salaried — Government / PSU,Salaried,,Yes
1143,Aparna,Joseph,AFL-RET-001143,PQ Campaign,Diwali Dhamaka NOV25,CMP-2025-0006,2025-11-11 18:12:00,674843670,8540101857,9658140450,aparna.joseph@gmail.com,1993-04-24,,,Kochi,Ernakulam,Kerala,682036,India,Vehicle & Consumer Loans,Two-Wheeler Loan,85000,2025-12-26,Anjana Menon,Kochi — Kaloor,Kerala & AP Region,South Zone,Follow-up,,,2026-09-21,,2025-11-12 09:42:00,No,Anjana Menon,2025-11-12 09:42:00,Salaried — Government / PSU,Salaried,0.7,No
1144,Mrunal,Kulkarni,AFL-RET-001144,Website,Balance Transfer Bonanza JAN26,CMP-2026-0014,2026-01-16 10:44:00,,7936859962,9702587286,mrunal.kulkarni49@gmail.com,2002-03-16,,,Pune,Pune,Maharashtra,411004,India,Business & MSME Loans,Machinery Purchase Loan,1500000,2026-03-02,Nikhil Deshmukh,Pune — Shivajinagar,Maharashtra Region,West Zone,Not interested,NI-04,Requirement postponed,,,2026-01-18 11:13:00,No,Nikhil Deshmukh,2026-01-18 11:13:00,Self-Employed Professional,Self-Employed,0.2,No
1145,Debolina,Roy,AFL-RET-001145,Website,Shiksha Education MAY26,CMP-2026-0026,2026-05-28 19:23:00,302498271,8676417413,6919823992,debolina.roy@rediffmail.com,1979-08-25,MMZPG4672M,PAN_Debolina_Roy.pdf,Howrah,Howrah,West Bengal,711103,India,Retail Personal Loans,Education Loan,425000,2026-07-27,Ananya Das,Howrah — Shibpur,West Bengal Region,East Zone,Not interested,NI-06,Family / spouse declined,,,2026-06-03 10:11:00,No,Ananya Das,2026-06-03 10:11:00,Salaried — Private Sector,Salaried,2.1,Yes
1146,Padmaja,Gupta,AFL-RET-001146,Website,Shubh Vivah DEC25,CMP-2025-0011,2025-12-04 12:44:00,,6552277349,,,1990-05-28,RBAPA1465W,PAN_Padmaja_Gupta.pdf,Hyderabad,Hyderabad,Telangana,500096,India,Retail Personal Loans,Diwali Special Loan,185000,2026-01-18,Rajitha Reddy,Hyderabad — Banjara Hills,Telangana Region,South Zone,Rejected,REJ-05,OGL — outside the geo location,,,2025-12-16 15:59:00,No,Rajitha Reddy,2025-12-16 15:59:00,Salaried — Government / PSU,Salaried,,No
1147,Prakash,Kumar,AFL-RET-001147,Landing page,Shubh Vivah NOV25,CMP-2025-0007,2025-11-27 15:05:00,231102336,7610001641,6901534805,prakash.kumar28@rediffmail.com,1972-09-25,,,Patna,Patna,Bihar,800014,India,Retail Personal Loans,Marriage Loan,275000,2026-01-26,Sanjay Singh,Patna — Boring Road,East India Region,East Zone,Not interested,NI-04,Requirement postponed,,,2025-11-30 11:48:00,No,Sanjay Singh,2025-11-30 11:48:00,Salaried — MNC,Salaried,0.2,No
1148,Puja,Oraon,AFL-RET-001148,Social media,Property Power APR26,CMP-2026-0023,2026-04-18 12:00:00,,7741692334,9868091733,puja.oraon@gmail.com,1981-10-25,EADPU8268J,PAN_Puja_Oraon.pdf,Patna,Patna,Bihar,800020,India,Loan Against Property,Loan Against Property,25000000,2026-06-17,Sanjay Singh,Patna — Boring Road,East India Region,East Zone,Rejected,REJ-12,GST / ITR not available,,,2026-04-19 13:15:00,No,Sanjay Singh,2026-04-19 13:15:00,Salaried — Government / PSU,Salaried,,No
1149,Aditi,Trivedi,AFL-RET-001149,PQ Campaign,Gold Utsav OCT25,CMP-2025-0003,2025-10-04 16:37:00,473041611,6412990493,6571793044,aditi.trivedi@outlook.com,2001-06-08,,,Ahmedabad,Ahmedabad,Gujarat,380061,India,Gold & Secured Loans,Gold Loan,475000,2025-11-18,Parth Joshi,Ahmedabad — Satellite,Gujarat Region,West Zone,Not interested,NI-06,Family / spouse declined,,,2025-10-08 18:13:00,No,Parth Joshi,2025-10-08 18:13:00,Salaried — Government / PSU,Salaried,1.6,No
1150,Manish,Sethi,AFL-RET-001150,Website,Grah Sajawat SEP26,CMP-2026-0040,2026-09-01 09:51:00,,8327125091,7830028344,,1978-06-28,DCBPZ2093U,PAN_Manish_Sethi.pdf,Ludhiana,Ludhiana,Punjab,141003,India,Retail Home Loans,Home Loan Balance Transfer,2700000,2026-10-01,Swati Saxena,Ludhiana — Mall Road,North India Region,North Zone,Sanctioned,,,,AFLRET26000257,2026-09-10 10:13:00,No,Swati Saxena,2026-09-10 10:13:00,Self-Employed Professional,Self-Employed,0.3,No
1151,Ritika,Dua,AFL-RET-001151,Landing page,Shiksha Education JUL26,CMP-2026-0031,2026-07-19 16:18:00,,7523172107,6523324646,ritika.dua@gmail.com,1988-08-18,FKGPZ7623F,PAN_Ritika_Dua.pdf,Ludhiana,Ludhiana,Punjab,141008,India,Retail Personal Loans,Education Loan,1300000,2026-08-18,Swati Saxena,Ludhiana — Mall Road,North India Region,North Zone,Disbursed,,,,AFLRET26000258,2026-08-14 11:59:00,No,Swati Saxena,2026-08-14 11:59:00,Salaried — Government / PSU,Salaried,6.4,Yes
1152,Ramesh,Balaji,AFL-RET-001152,Landing page,Property Power JUN26,CMP-2026-0029,2026-06-08 17:37:00,,7899854368,,ramesh.balaji@gmail.com,1978-03-12,,,Chennai,Chennai,Tamil Nadu,600096,India,Retail Home Loans,Plot + Construction Loan,1700000,2026-07-08,Gokul Srinivasan,Chennai — Adyar,Tamil Nadu Region,South Zone,Not interested,NI-01,Rate of interest too high,,,2026-06-13 13:01:00,No,Gokul Srinivasan,2026-06-13 13:01:00,Self-Employed Non-Professional,Self-Employed,0.4,No
1153,Sushil,Bora,AFL-RET-001153,Social media,Professional Edge MAR26,CMP-2026-0021,2026-03-05 17:00:00,,9318187105,,sushil.bora@gmail.com,1998-07-01,QJQPJ5588W,PAN_Sushil_Bora.pdf,Bhubaneswar,Khordha,Odisha,751015,India,Vehicle & Consumer Loans,Used Car Loan,350000,2026-04-04,Rakesh Deka,Bhubaneswar — Saheed Nagar,East India Region,East Zone,Disbursed,,,,AFLRET26000259,2026-03-27 09:56:00,No,Rakesh Deka,2026-03-27 09:56:00,Self-Employed Professional,Self-Employed,0.6,No
1154,Yash,Joshi,AFL-RET-001154,Website,Shiksha Education MAY26,CMP-2026-0026,2026-05-20 17:18:00,,9445040418,,yash.joshi20@hotmail.com,1971-09-11,,,Mumbai,Mumbai Suburban,Maharashtra,400069,India,Professional Loans,CA / Professional Loan,4300000,2026-07-19,Bhavesh Patil,Mumbai — Andheri,Maharashtra Region,West Zone,Not reachable,NR-03,No response after 3 attempts,,,2026-05-22 11:15:00,No,Bhavesh Patil,2026-05-22 11:15:00,Business Owner,Self-Employed,0.2,No
1155,Rohit,Chauhan,AFL-RET-001155,Landing page,Vyapar Vriddhi FEB26,CMP-2026-0016,2026-02-04 10:37:00,,7796386081,,rohit.chauhan@gmail.com,1976-06-01,NTSPK3735S,PAN_Rohit_Chauhan.pdf,Faridabad,Faridabad,Haryana,121006,India,Loan Against Property,Lease Rental Discounting,17500000,2026-03-21,Sumit Sinha,Faridabad — Sector 15,Delhi NCR Region,North Zone,Not interested,NI-02,Already availed loan elsewhere,,,2026-02-09 10:27:00,No,Sumit Sinha,2026-02-09 10:27:00,Self-Employed Non-Professional,Self-Employed,0.2,No
1156,Payal,Vora,AFL-RET-001156,PQ Campaign,Shiksha Education AUG26,CMP-2026-0034,2026-08-25 17:37:00,887359353,8597266332,8339412242,payal.vora82@yahoo.com,1992-03-24,,,Ahmedabad,Ahmedabad,Gujarat,380009,India,Retail Personal Loans,Education Loan,100000,2026-10-24,Payal Vora,Ahmedabad — CG Road,Gujarat Region,West Zone,Follow-up,,,2026-09-18,,2026-08-26 12:55:00,No,Payal Vora,2026-08-26 12:55:00,Business Owner,Self-Employed,0.2,No
1157,Nagaraj,Kamath,AFL-RET-001157,Landing page,Diwali Dhamaka NOV25,CMP-2025-0006,2025-11-12 15:23:00,,9866901235,,nagaraj.kamath@rediffmail.com,1984-05-09,,,Bengaluru,Bengaluru Urban,Karnataka,560071,India,Retail Personal Loans,Diwali Special Loan,165000,2025-12-12,Manoj Nair,Bengaluru — Koramangala,Karnataka Region,South Zone,Not interested,NI-01,Rate of interest too high,,,2025-11-17 09:56:00,No,Manoj Nair,2025-11-17 09:56:00,Self-Employed Non-Professional,Self-Employed,0.2,No
1158,Trupti,Shinde,AFL-RET-001158,Website,Swasthya Care JUL26,CMP-2026-0032,2026-07-20 17:18:00,728764427,9839063115,,trupti.shinde@yahoo.com,1978-02-22,,,Pune,Pune,Maharashtra,411061,India,Retail Personal Loans,Kushal Personal Loan,600000,2026-08-19,Sneha Parikh,Pune — Wakad,Maharashtra Region,West Zone,Not interested,NI-07,Tenure offered not suitable,,,2026-07-24 10:11:00,No,Sneha Parikh,2026-07-24 10:11:00,Salaried — Government / PSU,Salaried,0.2,No
1159,Pranav,Trivedi,AFL-RET-001159,Social media,Balance Transfer Bonanza JUN26,CMP-2026-0030,2026-06-20 13:12:00,,6177749028,,pranav.trivedi42@gmail.com,2001-05-13,,,Mumbai,Mumbai Suburban,Maharashtra,400059,India,Retail Personal Loans,Debt Consolidation Loan,425000,2026-07-20,Mihir Bhatt,Mumbai — Andheri,Maharashtra Region,West Zone,Rejected,REJ-03,Policy restriction,,,2026-06-24 10:58:00,No,Mihir Bhatt,2026-06-24 10:58:00,Salaried — Private Sector,Salaried,,No
1160,Hariharan,Iyer,AFL-RET-001160,Landing page,Professional Edge AUG26,CMP-2026-0036,2026-08-17 10:05:00,,6943492784,,hariharan.iyer@yahoo.com,1975-05-16,XTMPW6312K,PAN_Hariharan_Iyer.pdf,Chennai,Chennai,Tamil Nadu,600018,India,Loan Against Property,Loan Against Property,25000000,2026-10-01,Hariharan Krishnan,Chennai — T Nagar,Tamil Nadu Region,South Zone,Sanctioned,,,,AFLRET26000260,2026-08-30 10:44:00,No,Hariharan Krishnan,2026-08-30 10:44:00,Salaried — Government / PSU,Salaried,5.2,Yes
1161,Alok,Prasad,AFL-RET-001161,PQ Campaign,Shubh Vivah DEC25,CMP-2025-0011,2025-12-27 15:37:00,616561917,7280759144,,alok.prasad26@outlook.com,1992-09-06,RPHPP4531D,PAN_Alok_Prasad.pdf,Ranchi,Ranchi,Jharkhand,834002,India,Retail Home Loans,Home Purchase Loan,13500000,2026-02-10,Anita Bora,Ranchi — Main Road,East India Region,East Zone,Not reachable,NR-01,Number switched off / unreachable,,,2025-12-30 11:57:00,No,Anita Bora,2025-12-30 11:57:00,Business Owner,Self-Employed,0.3,No
1162,Kunal,Patil,AFL-RET-001162,Website,Vyapar Vriddhi FEB26,CMP-2026-0016,2026-02-22 20:23:00,,7169797892,9487214669,kunal.patil@gmail.com,1983-09-18,TGSPH4954P,PAN_Kunal_Patil.pdf,Ahmedabad,Ahmedabad,Gujarat,380061,India,Business & MSME Loans,Working Capital Loan,8500000,2026-03-24,Hardik Bhatt,Ahmedabad — Satellite,Gujarat Region,West Zone,Rejected,REJ-04,Negative / restricted profile,,,2026-03-05 09:58:00,No,Hardik Bhatt,2026-03-05 09:58:00,Self-Employed Professional,Self-Employed,,No
1163,Meenakshi,Jain,AFL-RET-001163,PQ Campaign,Shiksha Education JUN26,CMP-2026-0028,2026-06-25 15:23:00,779093447,8946430021,,meenakshi.jain@outlook.com,1978-11-14,,,Faridabad,Faridabad,Haryana,121006,India,Retail Personal Loans,Education Loan,165000,2026-08-24,Sumit Sinha,Faridabad — Sector 15,Delhi NCR Region,North Zone,Rejected,REJ-01,Credit / bureau issue (CIBIL below cut-off),,,2026-06-29 09:21:00,No,Sumit Sinha,2026-06-29 09:21:00,Salaried — Private Sector,Salaried,,No
1164,Deepak,Prasad,AFL-RET-001164,PQ Campaign,Shubh Vivah DEC25,CMP-2025-0011,2025-12-18 11:31:00,388878953,7889063317,8112294021,deepak.prasad@gmail.com,1974-10-05,,,Bengaluru,Bengaluru Urban,Karnataka,560037,India,Retail Home Loans,Plot + Construction Loan,3900000,2026-02-01,Kiran Udupa,Bengaluru — Whitefield,Karnataka Region,South Zone,Rejected,REJ-08,Employer / company not approved,,,2025-12-23 12:46:00,No,Kiran Udupa,2025-12-23 12:46:00,Salaried — Private Sector,Salaried,,No
1165,Deepak,Sethi,AFL-RET-001165,Social media,Property Power JUN26,CMP-2026-0029,2026-06-04 17:23:00,,9864075056,,deepak.sethi@hotmail.com,1984-09-28,CYQPN7921Q,PAN_Deepak_Sethi.pdf,New Delhi,South Delhi,Delhi,110065,India,Retail Personal Loans,Kushal Personal Loan,1900000,2026-08-03,Aarav Kapoor,Delhi — Saket,Delhi NCR Region,North Zone,Not interested,NI-03,Only enquiring — no current need,,,2026-06-09 10:15:00,No,Aarav Kapoor,2026-06-09 10:15:00,Salaried — MNC,Salaried,0.2,No
1166,Harsha,Iyengar,AFL-RET-001166,PQ Campaign,Grah Sajawat SEP26,CMP-2026-0040,2026-09-03 10:51:00,542239866,7797247215,9776099736,harsha.iyengar59@hotmail.com,2003-09-12,,,Bengaluru,Bengaluru Urban,Karnataka,560103,India,Business & MSME Loans,MSME Growth Loan,2200000,2026-11-02,Kiran Udupa,Bengaluru — Whitefield,Karnataka Region,South Zone,Follow-up,,,2026-09-18,,2026-09-04 11:15:00,No,Kiran Udupa,2026-09-04 11:15:00,Self-Employed Non-Professional,Self-Employed,2.4,Yes
1167,Kiran,Jain,AFL-RET-001167,PQ Campaign,Vyapar Vriddhi JAN26,CMP-2026-0013,2026-01-09 12:31:00,569347611,6912491525,8958617148,kiran.jain@outlook.com,1993-11-12,,,Bengaluru,Bengaluru Urban,Karnataka,560011,India,Business & MSME Loans,Vyapar Business Loan,1200000,2026-02-23,Vinay Jain,Bengaluru — Jayanagar,Karnataka Region,South Zone,Rejected,REJ-06,Documentation — unable to provide,,,2026-01-19 11:48:00,No,Vinay Jain,2026-01-19 11:48:00,Business Owner,Self-Employed,,No
1168,Tarun,Grover,AFL-RET-001168,Social media,Diwali Dhamaka OCT25,CMP-2025-0001,2025-10-25 16:58:00,779491365,7498549434,,tarun.grover38@yahoo.com,1997-11-13,PFQPT7725S,PAN_Tarun_Grover.pdf,Faridabad,Faridabad,Haryana,121002,India,Retail Personal Loans,Diwali Special Loan,95000,2025-12-09,Sumit Sinha,Faridabad — Sector 15,Delhi NCR Region,North Zone,Disbursed,,,,AFLRET25000261,2025-11-27 11:07:00,No,Sumit Sinha,2025-11-27 11:07:00,Salaried — Government / PSU,Salaried,0.3,No
1169,Shashank,Shetty,AFL-RET-001169,Landing page,Shiksha Education JUN26,CMP-2026-0028,2026-06-21 10:51:00,,7540607811,,shashank.shetty46@rediffmail.com,1973-06-01,DQEPX3437N,PAN_Shashank_Shetty.pdf,Bengaluru,Bengaluru Urban,Karnataka,560103,India,Business & MSME Loans,MSME Growth Loan,2400000,2026-08-20,Deepa Iyengar,Bengaluru — Whitefield,Karnataka Region,South Zone,Sanctioned,,,,AFLRET26000262,2026-07-02 10:31:00,No,Deepa Iyengar,2026-07-02 10:31:00,Self-Employed Non-Professional,Self-Employed,1,No
1170,Mihir,Panchal,AFL-RET-001170,Website,Gold Utsav NOV25,CMP-2025-0009,2025-11-12 20:18:00,,7307965948,8592721091,mihir.panchal@rediffmail.com,1978-07-28,NTFPW2218G,PAN_Mihir_Panchal.pdf,Pune,Pune,Maharashtra,411033,India,Retail Home Loans,Home Loan Balance Transfer,2100000,2025-12-12,Sneha Parikh,Pune — Wakad,Maharashtra Region,West Zone,Not interested,NI-04,Requirement postponed,,,2025-11-17 09:43:00,No,Sneha Parikh,2025-11-17 09:43:00,Salaried — Private Sector,Salaried,0.2,No
1171,Sanoj,Panicker,AFL-RET-001171,Social media,Grah Sajawat SEP26,CMP-2026-0040,2026-09-05 17:05:00,,6303116427,,sanoj.panicker64@gmail.com,1982-12-25,,,Kochi,Ernakulam,Kerala,682017,India,Retail Personal Loans,Home Renovation Loan,130000,2026-10-20,Anjana Menon,Kochi — Kaloor,Kerala & AP Region,South Zone,Follow-up,,,2026-09-15,,2026-09-07 13:23:00,No,Anjana Menon,2026-09-07 13:23:00,Salaried — MNC,Salaried,0.2,No
1172,Priya,Tiwari,AFL-RET-001172,Landing page,Property Power APR26,CMP-2026-0023,2026-04-17 14:12:00,,9477598101,7649182648,priya.tiwari@gmail.com,1992-02-28,BBUPH6623N,PAN_Priya_Tiwari.pdf,New Delhi,South Delhi,Delhi,110019,India,Loan Against Property,Loan Against Property,29500000,2026-05-17,Rajat Chopra,Delhi — Saket,Delhi NCR Region,North Zone,Disbursed,,,,AFLRET26000263,2026-05-23 09:27:00,No,Rajat Chopra,2026-05-23 09:27:00,Salaried — MNC,Salaried,1.7,No
1173,Aruna,Varma,AFL-RET-001173,Website,Balance Transfer Bonanza JAN26,CMP-2026-0014,2026-01-21 14:44:00,,6589660949,,aruna.varma24@rediffmail.com,1988-05-03,WYZPD9334S,PAN_Aruna_Varma.pdf,Warangal,Warangal,Telangana,506002,India,Retail Personal Loans,Debt Consolidation Loan,2100000,2026-03-22,Aruna Reddy,Warangal — Hanamkonda,Telangana Region,South Zone,Disbursed,,,,AFLRET26000264,2026-02-23 10:46:00,No,Aruna Reddy,2026-02-23 10:46:00,Salaried — Private Sector,Salaried,0.2,No
1174,Tejas,Patel,AFL-RET-001174,Landing page,Shubh Vivah DEC25,CMP-2025-0011,2025-12-11 14:37:00,,6752802620,,tejas.patel55@gmail.com,1987-03-22,,,Mumbai,Mumbai,Maharashtra,400005,India,Gold & Secured Loans,Loan Against Securities,3200000,2026-02-09,Rutuja Pawar,Mumbai — Fort,Maharashtra Region,West Zone,Not reachable,NR-02,Invalid / wrong number,,,2025-12-13 09:55:00,No,Rutuja Pawar,2025-12-13 09:55:00,Salaried — Government / PSU,Salaried,0.2,No
1175,Anjali,Ahluwalia,AFL-RET-001175,Social media,Shiksha Education JUL26,CMP-2026-0031,2026-07-04 14:00:00,,8425560999,8712035041,anjali.ahluwalia28@rediffmail.com,1978-10-11,,,Noida,Gautam Buddha Nagar,Uttar Pradesh,201304,India,Vehicle & Consumer Loans,Two-Wheeler Loan,85000,2026-08-18,Ritika Singh,Noida — Sector 62,Delhi NCR Region,North Zone,Rejected,REJ-07,Existing obligations too high (FOIR),,,2026-07-15 09:37:00,No,Ritika Singh,2026-07-15 09:37:00,Salaried — MNC,Salaried,,No
1176,Pallavi,Kulkarni,AFL-RET-001176,Landing page,Professional Edge AUG26,CMP-2026-0036,2026-08-03 15:12:00,415861161,9676312990,,,1976-11-05,,,Bengaluru,Bengaluru Urban,Karnataka,560103,India,Loan Against Property,Loan Against Property,7000000,2026-09-02,Kiran Udupa,Bengaluru — Whitefield,Karnataka Region,South Zone,Rejected,REJ-07,Existing obligations too high (FOIR),,,2026-08-06 09:42:00,No,Kiran Udupa,2026-08-06 09:42:00,Self-Employed Professional,Self-Employed,,No
1177,Bikash,Guha,AFL-RET-001177,Website,Vyapar Vriddhi MAR26,CMP-2026-0020,2026-03-29 14:12:00,923692057,9579195259,7273078355,bikash.guha19@gmail.com,1987-12-26,CNCPA3578G,PAN_Bikash_Guha.pdf,Kolkata,Kolkata,West Bengal,700106,India,Loan Against Property,Lease Rental Discounting,33500000,2026-05-28,Paromita Majumdar,Kolkata — Salt Lake,West Bengal Region,East Zone,Sanctioned,,,,AFLRET26000265,2026-04-07 18:30:00,No,Paromita Majumdar,2026-04-07 18:30:00,Self-Employed Professional,Self-Employed,0.2,No
1178,Tanmoy,Sarkar,AFL-RET-001178,Landing page,Vyapar Vriddhi JAN26,CMP-2026-0013,2026-01-25 14:05:00,,8955075314,,tanmoy.sarkar@hotmail.com,1986-03-05,,,Kolkata,Kolkata,West Bengal,700102,India,Business & MSME Loans,Working Capital Loan,3700000,2026-03-11,Tanmoy Chakraborty,Kolkata — Salt Lake,West Bengal Region,East Zone,Rejected,REJ-02,Income below minimum,,,2026-02-01 10:52:00,No,Tanmoy Chakraborty,2026-02-01 10:52:00,Self-Employed Professional,Self-Employed,,No
1179,Manoj,Gogoi,AFL-RET-001179,Social media,Professional Edge AUG26,CMP-2026-0036,2026-08-23 11:37:00,822658940,6880821258,,manoj.gogoi59@gmail.com,1999-09-28,,,Ranchi,Ranchi,Jharkhand,834009,India,Retail Personal Loans,Marriage Loan,425000,2026-10-22,Anita Bora,Ranchi — Main Road,East India Region,East Zone,Not reachable,NR-03,No response after 3 attempts,,,2026-08-26 10:12:00,No,Anita Bora,2026-08-26 10:12:00,Salaried — Private Sector,Salaried,0.2,No
1180,Prakash,Gogoi,AFL-RET-001180,PQ Campaign,Safar Travel MAR26,CMP-2026-0022,2026-03-10 09:23:00,741865162,7405186587,8791323044,prakash.gogoi@yahoo.com,1987-01-04,ZSAPK7324G,PAN_Prakash_Gogoi.pdf,Bhubaneswar,Khordha,Odisha,751001,India,Retail Personal Loans,Travel Loan,150000,2026-05-09,Rakesh Deka,Bhubaneswar — Saheed Nagar,East India Region,East Zone,Rejected,REJ-11,Business vintage below minimum,,,2026-03-16 10:26:00,No,Rakesh Deka,2026-03-16 10:26:00,Salaried — Private Sector,Salaried,,No
1181,Shashank,Naik,AFL-RET-001181,PQ Campaign,Shubh Vivah NOV25,CMP-2025-0007,2025-11-08 15:05:00,657808975,6705913777,,shashank.naik46@gmail.com,1995-12-13,,,Bengaluru,Bengaluru Urban,Karnataka,560103,India,Retail Personal Loans,Marriage Loan,425000,2025-12-08,Deepa Iyengar,Bengaluru — Whitefield,Karnataka Region,South Zone,Not reachable,NR-03,No response after 3 attempts,,,2025-11-12 10:00:00,No,Deepa Iyengar,2025-11-12 10:00:00,Salaried — Government / PSU,Salaried,7.3,Yes
1182,Naresh,Gupta,AFL-RET-001182,Landing page,Diwali Dhamaka OCT25,CMP-2025-0001,2025-10-12 13:12:00,,7407820786,,naresh.gupta20@gmail.com,1980-03-16,,,Visakhapatnam,Visakhapatnam,Andhra Pradesh,530013,India,Vehicle & Consumer Loans,Two-Wheeler Loan,200000,2025-12-11,Chandra Naidu,Vizag — Dwaraka Nagar,Kerala & AP Region,South Zone,Not interested,NI-07,Tenure offered not suitable,,,2025-10-16 12:42:00,No,Chandra Naidu,2025-10-16 12:42:00,Salaried — Government / PSU,Salaried,1.5,No
1183,Naveen,Chauhan,AFL-RET-001183,Social media,Shiksha Education AUG26,CMP-2026-0034,2026-08-11 10:12:00,,8593265563,8521486696,naveen.chauhan@rediffmail.com,2000-06-27,SKTPF9025Q,PAN_Naveen_Chauhan.pdf,New Delhi,West Delhi,Delhi,110063,India,Retail Personal Loans,Home Renovation Loan,115000,2026-09-10,Nitin Mishra,Delhi — Rajouri Garden,Delhi NCR Region,North Zone,Rejected,REJ-05,OGL — outside the geo location,,,2026-08-21 11:27:00,No,Nitin Mishra,2026-08-21 11:27:00,Salaried — MNC,Salaried,,No
1184,Vaishnavi,Modi,AFL-RET-001184,Social media,Vyapar Vriddhi FEB26,CMP-2026-0016,2026-02-18 18:51:00,,8155696064,9974399397,vaishnavi.modi@gmail.com,1985-08-08,,,Ahmedabad,Ahmedabad,Gujarat,380015,India,Business & MSME Loans,Vyapar Business Loan,2000000,2026-03-20,Payal Vora,Ahmedabad — CG Road,Gujarat Region,West Zone,Duplicate,DUP-01,"Same campaign, same mobile",,,2026-02-18 20:06:00,Yes,Payal Vora,2026-02-18 20:06:00,Self-Employed Non-Professional,Self-Employed,,No
1185,Revathi,Anand,AFL-RET-001185,Social media,Property Power MAY26,CMP-2026-0027,2026-05-13 18:05:00,,9397728713,8333409115,,1971-08-08,,,Coimbatore,Coimbatore,Tamil Nadu,641018,India,Business & MSME Loans,Machinery Purchase Loan,1100000,2026-06-27,Muthu Krishnan,Coimbatore — RS Puram,Tamil Nadu Region,South Zone,Not interested,NI-04,Requirement postponed,,,2026-05-16 10:20:00,No,Muthu Krishnan,2026-05-16 10:20:00,Self-Employed Professional,Self-Employed,3.5,Yes
1186,Kunal,Modi,AFL-RET-001186,Website,Professional Edge FEB26,CMP-2026-0018,2026-02-16 13:44:00,,9713671912,,,1989-10-15,CCQPB8584F,PAN_Kunal_Modi.pdf,Ahmedabad,Ahmedabad,Gujarat,380058,India,Business & MSME Loans,Machinery Purchase Loan,5500000,2026-03-18,Hardik Bhatt,Ahmedabad — Satellite,Gujarat Region,West Zone,Sanctioned,,,,AFLRET26000266,2026-02-25 09:51:00,No,Hardik Bhatt,2026-02-25 09:51:00,Business Owner,Self-Employed,1.3,No
1187,Harsha,Kamath,AFL-RET-001187,Website,Shiksha Education AUG26,CMP-2026-0034,2026-08-18 18:58:00,,8816671006,7549994480,harsha.kamath@outlook.com,1993-02-20,,,Bengaluru,Bengaluru Urban,Karnataka,560047,India,Retail Personal Loans,Education Loan,550000,2026-10-02,Manoj Nair,Bengaluru — Koramangala,Karnataka Region,South Zone,Follow-up,,,2026-09-20,,2026-08-20 13:18:00,No,Manoj Nair,2026-08-20 13:18:00,Business Owner,Self-Employed,1.5,No
1188,Krupa,Amin,AFL-RET-001188,PQ Campaign,Property Power MAY26,CMP-2026-0027,2026-05-14 12:58:00,241347657,8456966962,,krupa.amin@gmail.com,1972-12-04,,,Rajkot,Rajkot,Gujarat,360001,India,Retail Personal Loans,Diwali Special Loan,55000,2026-06-13,Siddharth Trivedi,Rajkot — Kalawad Road,Gujarat Region,West Zone,Rejected,REJ-05,OGL — outside the geo location,,,2026-05-26 11:08:00,No,Siddharth Trivedi,2026-05-26 11:08:00,Salaried — Government / PSU,Salaried,,No
1189,Suhas,Setty,AFL-RET-001189,Social media,Ghar Ka Sapna MAR26,CMP-2026-0019,2026-03-04 20:23:00,,8589736636,8847364693,suhas.setty@gmail.com,1995-11-28,HKHPF7562B,PAN_Suhas_Setty.pdf,Bengaluru,Bengaluru Urban,Karnataka,560103,India,Vehicle & Consumer Loans,Used Car Loan,1100000,2026-05-03,Deepa Iyengar,Bengaluru — Whitefield,Karnataka Region,South Zone,Disbursed,,,,AFLRET26000267,2026-04-08 13:08:00,No,Deepa Iyengar,2026-04-08 13:08:00,Business Owner,Self-Employed,2.5,Yes
1190,Tanvi,Rane,AFL-RET-001190,PQ Campaign,Swasthya Care JUL26,CMP-2026-0032,2026-07-24 13:58:00,615824471,9241948562,,tanvi.rane55@yahoo.com,2001-04-19,WUJPN7394K,PAN_Tanvi_Rane.pdf,Pune,Pune,Maharashtra,411001,India,Retail Personal Loans,Marriage Loan,1300000,2026-09-07,Nikhil Deshmukh,Pune — Shivajinagar,Maharashtra Region,West Zone,Login Initiated,,,,,2026-07-27 12:49:00,No,Nikhil Deshmukh,2026-07-27 12:49:00,Student,Salaried,6.6,Yes
1191,Muthu,Mahadevan,AFL-RET-001191,Website,Diwali Dhamaka OCT25,CMP-2025-0001,2025-10-07 20:58:00,,9884219634,,muthu.mahadevan@hotmail.com,1968-10-25,UJKPX4825U,PAN_Muthu_Mahadevan.pdf,Coimbatore,Coimbatore,Tamil Nadu,641018,India,Vehicle & Consumer Loans,Consumer Durable Loan,195000,2025-11-06,Muthu Krishnan,Coimbatore — RS Puram,Tamil Nadu Region,South Zone,Not interested,NI-05,Processing fee not acceptable,,,2025-10-10 11:50:00,No,Muthu Krishnan,2025-10-10 11:50:00,Retired / Pensioner,Salaried,0.2,No
1192,Chaitra,Naik,AFL-RET-001192,Website,Swasthya Care JUL26,CMP-2026-0032,2026-07-08 19:37:00,781023862,6768696976,,chaitra.naik23@gmail.com,1999-08-07,,,Mysuru,Mysuru,Karnataka,570023,India,Retail Personal Loans,Travel Loan,650000,2026-08-07,Deepa Nair,Mysuru — Saraswathipuram,Karnataka Region,South Zone,Rejected,REJ-02,Income below minimum,,,2026-07-20 15:52:00,No,Deepa Nair,2026-07-20 15:52:00,Salaried — MNC,Salaried,,No
1193,Sneha,Deshmukh,AFL-RET-001193,PQ Campaign,Grah Sajawat SEP26,CMP-2026-0040,2026-09-01 09:58:00,385656907,9985213174,,sneha.deshmukh32@gmail.com,2001-12-13,ALQPP1369K,PAN_Sneha_Deshmukh.pdf,Mumbai,Mumbai Suburban,Maharashtra,400054,India,Retail Personal Loans,Home Renovation Loan,425000,2026-10-16,Jayesh Chavan,Mumbai — Bandra,Maharashtra Region,West Zone,Login Initiated,,,,,2026-09-06 09:46:00,No,Jayesh Chavan,2026-09-06 09:46:00,Self-Employed Non-Professional,Self-Employed,2.8,Yes
1194,Aruna,Reddy,AFL-RET-001194,Social media,Ghar Ka Sapna NOV25,CMP-2025-0008,2025-11-15 11:05:00,,8109976432,6800845092,aruna.reddy30@rediffmail.com,1962-12-24,TCDPC4996E,PAN_Aruna_Reddy.pdf,Anantapur,Anantapur,Andhra Pradesh,515001,India,Retail Home Loans,Plot + Construction Loan,5500000,2026-01-14,UNALLOCATED,UNALLOCATED,UNALLOCATED,UNALLOCATED,New,,,,,2025-11-15 11:17:00,No,System,2025-11-15 11:17:00,Retired / Pensioner,Salaried,,Yes
1195,Tanmoy,Sarkar,AFL-RET-001195,Social media,Ghar Ka Sapna OCT25,CMP-2025-0002,2025-10-16 16:58:00,,6762685420,,,1986-07-23,GDZPB9374G,PAN_Tanmoy_Sarkar.pdf,Siliguri,Darjeeling,West Bengal,734003,India,Loan Against Property,Loan Against Property,21500000,2025-11-30,Srabani Chatterjee,Siliguri — Sevoke Road,West Bengal Region,East Zone,Rejected,REJ-06,Documentation — unable to provide,,,2025-10-19 09:40:00,No,Srabani Chatterjee,2025-10-19 09:40:00,Self-Employed Professional,Self-Employed,,No
1196,Mahesh,Reddy,AFL-RET-001196,Social media,Professional Edge AUG26,CMP-2026-0036,2026-08-04 14:00:00,,8748932896,8904201890,mahesh.reddy54@gmail.com,1984-07-21,RWTPJ7078U,PAN_Mahesh_Reddy.pdf,Visakhapatnam,Visakhapatnam,Andhra Pradesh,530013,India,Business & MSME Loans,Machinery Purchase Loan,1300000,2026-10-03,Chandra Naidu,Vizag — Dwaraka Nagar,Kerala & AP Region,South Zone,Disbursed,,,,AFLRET26000268,2026-09-01 12:58:00,No,Chandra Naidu,2026-09-01 12:58:00,Self-Employed Professional,Self-Employed,8.8,Yes
1197,Sneha,Bansal,AFL-RET-001197,Landing page,Shiksha Education AUG26,CMP-2026-0034,2026-08-28 12:23:00,,9412559102,,sneha.bansal@gmail.com,1999-06-09,,,Faridabad,Faridabad,Haryana,121007,India,Loan Against Property,Lease Rental Discounting,20500000,2026-10-27,Sumit Sinha,Faridabad — Sector 15,Delhi NCR Region,North Zone,Rejected,REJ-01,Credit / bureau issue (CIBIL below cut-off),,,2026-09-09 10:41:00,No,Sumit Sinha,2026-09-09 10:41:00,Self-Employed Professional,Self-Employed,,No
1198,Yash,Bhatt,AFL-RET-001198,Social media,Property Power MAY26,CMP-2026-0027,2026-05-26 19:58:00,594541055,7240127395,8392339182,yash.bhatt@rediffmail.com,1973-11-21,,,Mumbai,Mumbai Suburban,Maharashtra,400101,India,Retail Home Loans,Plot + Construction Loan,5000000,2026-06-25,Bhavesh Modi,Mumbai — Powai,Maharashtra Region,West Zone,Not interested,NI-06,Family / spouse declined,,,2026-05-28 14:53:00,No,Bhavesh Modi,2026-05-28 14:53:00,Self-Employed Non-Professional,Self-Employed,6.4,Yes
1199,Mamata,Bora,AFL-RET-001199,Landing page,Ghar Ka Sapna SEP26,CMP-2026-0037,2026-09-10 18:00:00,,9339176632,,mamata.bora32@gmail.com,1973-09-28,MDHPS3722A,PAN_Mamata_Bora.pdf,Bhubaneswar,Khordha,Odisha,751001,India,Business & MSME Loans,Machinery Purchase Loan,3300000,2026-10-10,Rakesh Deka,Bhubaneswar — Saheed Nagar,East India Region,East Zone,New,,,,,2026-09-10 18:15:00,No,Rakesh Deka,2026-09-10 18:15:00,Self-Employed Non-Professional,Self-Employed,,No
1200,Chaitra,Shenoy,AFL-RET-001200,Landing page,Property Power MAY26,CMP-2026-0027,2026-05-08 13:00:00,,6210793084,,chaitra.shenoy56@hotmail.com,1977-05-11,VJGPS3840A,PAN_Chaitra_Shenoy.pdf,Bengaluru,Bengaluru Urban,Karnataka,560067,India,Retail Personal Loans,Debt Consolidation Loan,1500000,2026-07-07,Kiran Udupa,Bengaluru — Whitefield,Karnataka Region,South Zone,Login Initiated,,,,,2026-05-12 09:37:00,No,Kiran Udupa,2026-05-12 09:37:00,Salaried — Private Sector,Salaried,0.2,No
1201,Kavita,Bhatia,AFL-RET-001201,Landing page,Shiksha Education JUL26,CMP-2026-0031,2026-07-21 16:58:00,121115570,6125328569,,kavita.bhatia19@yahoo.com,1972-01-25,CFCPJ4251B,PAN_Kavita_Bhatia.pdf,New Delhi,South Delhi,Delhi,110048,India,Business & MSME Loans,Machinery Purchase Loan,4000000,2026-08-20,Aarav Kapoor,Delhi — Saket,Delhi NCR Region,North Zone,Not reachable,NR-02,Invalid / wrong number,,,2026-07-24 10:55:00,No,Aarav Kapoor,2026-07-24 10:55:00,Business Owner,Self-Employed,0.5,No
1202,Payal,Desai,AFL-RET-001202,Website,Shiksha Education AUG26,CMP-2026-0034,2026-08-04 15:51:00,,9694423975,7305150530,payal.desai@yahoo.com,1972-05-23,,,Ahmedabad,Ahmedabad,Gujarat,380006,India,Retail Personal Loans,Education Loan,1100000,2026-09-03,Payal Vora,Ahmedabad — CG Road,Gujarat Region,West Zone,Not interested,NI-02,Already availed loan elsewhere,,,2026-08-07 09:37:00,No,Payal Vora,2026-08-07 09:37:00,Salaried — Private Sector,Salaried,0.2,No
1203,Abhishek,Jena,AFL-RET-001203,Landing page,Diwali Dhamaka NOV25,CMP-2025-0006,2025-11-11 15:18:00,674483292,7854836541,,abhishek.jena@gmail.com,1976-06-15,EVGPT3329E,PAN_Abhishek_Jena.pdf,Ranchi,Ranchi,Jharkhand,834002,India,Retail Home Loans,Home Loan Balance Transfer,9500000,2025-12-11,Anita Bora,Ranchi — Main Road,East India Region,East Zone,Not interested,NI-06,Family / spouse declined,,,2025-11-14 11:10:00,No,Anita Bora,2025-11-14 11:10:00,Self-Employed Non-Professional,Self-Employed,17.8,Yes
1204,Ravi,Sarma,AFL-RET-001204,Website,Shiksha Education JUL26,CMP-2026-0031,2026-07-23 19:12:00,,9807024731,,ravi.sarma@gmail.com,1983-12-23,,,Visakhapatnam,Visakhapatnam,Andhra Pradesh,530020,India,Loan Against Property,Lease Rental Discounting,49000000,2026-09-06,Chandra Naidu,Vizag — Dwaraka Nagar,Kerala & AP Region,South Zone,Rejected,REJ-10,Technical valuation below expectation,,,2026-08-04 10:27:00,No,Chandra Naidu,2026-08-04 10:27:00,Homemaker,Self-Employed,,No
1205,Manoj,Oraon,AFL-RET-001205,Website,Balance Transfer Bonanza JUL26,CMP-2026-0033,2026-07-29 09:00:00,,9451928998,,manoj.oraon@gmail.com,1989-12-02,GQXPP1276D,PAN_Manoj_Oraon.pdf,Bhubaneswar,Khordha,Odisha,751015,India,Retail Home Loans,Home Loan Balance Transfer,2800000,2026-09-12,Rakesh Deka,Bhubaneswar — Saheed Nagar,East India Region,East Zone,Login Initiated,,,,,2026-08-03 09:10:00,No,Rakesh Deka,2026-08-03 09:10:00,Salaried — MNC,Salaried,5,Yes
1206,Aditi,Kulkarni,AFL-RET-001206,PQ Campaign,Shiksha Education MAY26,CMP-2026-0026,2026-05-06 13:31:00,159877969,8278136971,7302002615,aditi.kulkarni11@hotmail.com,1981-05-06,,,Mumbai,Mumbai,Maharashtra,400001,India,Retail Personal Loans,Education Loan,105000,2026-07-05,Rutuja Pawar,Mumbai — Fort,Maharashtra Region,West Zone,Not interested,NI-02,Already availed loan elsewhere,,,2026-05-08 18:07:00,No,Rutuja Pawar,2026-05-08 18:07:00,Business Owner,Self-Employed,0.6,No
1207,Rekha,Saikia,AFL-RET-001207,Website,Gold Utsav APR26,CMP-2026-0024,2026-04-17 09:51:00,,8187309308,,rekha.saikia@hotmail.com,1990-11-06,SKRPW6700D,PAN_Rekha_Saikia.pdf,Cuttack,Cuttack,Odisha,753008,India,Gold & Secured Loans,Gold Loan,225000,2026-06-16,Prakash Saikia,Cuttack — Buxi Bazaar,East India Region,East Zone,Disbursed,,,,AFLRET26000269,2026-05-08 09:03:00,No,Prakash Saikia,2026-05-08 09:03:00,Salaried — Government / PSU,Salaried,0.5,No
1208,Rashmi,Dua,AFL-RET-001208,Website,Swasthya Care AUG26,CMP-2026-0035,2026-08-13 11:51:00,,7608248450,,rashmi.dua@rediffmail.com,2002-08-07,ZZGPZ1896X,PAN_Rashmi_Dua.pdf,New Delhi,South Delhi,Delhi,110019,India,Retail Personal Loans,Debt Consolidation Loan,925000,2026-09-27,Rajat Chopra,Delhi — Saket,Delhi NCR Region,North Zone,Not reachable,NR-02,Invalid / wrong number,,,2026-08-15 09:49:00,No,Rajat Chopra,2026-08-15 09:49:00,Salaried — Private Sector,Salaried,0.2,No
1209,Pooja,Khanna,AFL-RET-001209,Landing page,Safar Travel OCT25,CMP-2025-0004,2025-10-27 11:00:00,,6278725604,,,1984-07-22,,,Noida,Gautam Buddha Nagar,Uttar Pradesh,201305,India,Retail Personal Loans,Travel Loan,70000,2025-12-11,Ritika Singh,Noida — Sector 62,Delhi NCR Region,North Zone,Rejected,REJ-11,Business vintage below minimum,,,2025-11-01 09:20:00,No,Ritika Singh,2025-11-01 09:20:00,Salaried — Private Sector,Salaried,,No
1210,Pallavi,Rai,AFL-RET-001210,Website,Vyapar Vriddhi MAR26,CMP-2026-0020,2026-03-03 17:18:00,775700460,9819974172,,pallavi.rai@gmail.com,1975-05-18,,,Mysuru,Mysuru,Karnataka,570011,India,Business & MSME Loans,Working Capital Loan,12500000,2026-04-17,Deepa Nair,Mysuru — Saraswathipuram,Karnataka Region,South Zone,Rejected,REJ-11,Business vintage below minimum,,,2026-03-07 11:33:00,No,Deepa Nair,2026-03-07 11:33:00,Self-Employed Non-Professional,Self-Employed,,No
1211,Priyanka,Srinivasan,AFL-RET-001211,Website,Shubh Vivah FEB26,CMP-2026-0015,2026-02-20 10:44:00,,7871993038,8900193358,priyanka.srinivasan@gmail.com,1995-01-23,QMUPG8557U,PAN_Priyanka_Srinivasan.pdf,Chennai,Chennai,Tamil Nadu,600035,India,Retail Personal Loans,Marriage Loan,375000,2026-04-06,Saravanan Rajan,Chennai — T Nagar,Tamil Nadu Region,South Zone,Duplicate,DUP-02,Same LAN already sourced,,,2026-02-20 11:59:00,Yes,Saravanan Rajan,2026-02-20 11:59:00,Self-Employed Professional,Self-Employed,,No
1212,Naveen,Tiwari,AFL-RET-001212,Website,Diwali Dhamaka NOV25,CMP-2025-0006,2025-11-29 19:51:00,,6200128946,8527482371,naveen.tiwari81@rediffmail.com,1973-03-23,,,Ludhiana,Ludhiana,Punjab,141003,India,Vehicle & Consumer Loans,Used Car Loan,750000,2026-01-13,Swati Saxena,Ludhiana — Mall Road,North India Region,North Zone,Not interested,NI-05,Processing fee not acceptable,,,2025-12-04 16:41:00,No,Swati Saxena,2025-12-04 16:41:00,Salaried — Government / PSU,Salaried,4.5,Yes
1213,Alok,Pradhan,AFL-RET-001213,Social media,Shiksha Education JUL26,CMP-2026-0031,2026-07-22 10:00:00,,9460826493,,alok.pradhan@yahoo.com,1991-02-08,,,Patna,Patna,Bihar,800013,India,Business & MSME Loans,MSME Growth Loan,2000000,2026-08-21,Sanjay Singh,Patna — Boring Road,East India Region,East Zone,Not interested,NI-03,Only enquiring — no current need,,,2026-07-24 09:26:00,No,Sanjay Singh,2026-07-24 09:26:00,Homemaker,Self-Employed,4.2,Yes
1214,Rajitha,Gupta,AFL-RET-001214,Website,Property Power MAY26,CMP-2026-0027,2026-05-14 16:51:00,576883416,6896083920,9284724290,rajitha.gupta@gmail.com,1992-10-04,VDTPR1822X,PAN_Rajitha_Gupta.pdf,Hyderabad,Hyderabad,Telangana,500034,India,Vehicle & Consumer Loans,Consumer Durable Loan,225000,2026-06-28,Rajitha Reddy,Hyderabad — Banjara Hills,Telangana Region,South Zone,Rejected,REJ-03,Policy restriction,,,2026-05-20 10:08:00,No,Rajitha Reddy,2026-05-20 10:08:00,Salaried — MNC,Salaried,,No
1215,Lavanya,Rao,AFL-RET-001215,Landing page,Ghar Ka Sapna MAR26,CMP-2026-0019,2026-03-12 10:51:00,,9991496616,,lavanya.rao80@gmail.com,1974-05-13,,,Hyderabad,Hyderabad,Telangana,500034,India,Loan Against Property,Loan Against Property,16000000,2026-04-26,Sirisha Prasad,Hyderabad — Banjara Hills,Telangana Region,South Zone,Rejected,REJ-12,GST / ITR not available,,,2026-03-16 13:06:00,No,Sirisha Prasad,2026-03-16 13:06:00,Salaried — Private Sector,Salaried,,No
1216,Rahul,Rathore,AFL-RET-001216,Social media,Shiksha Education AUG26,CMP-2026-0034,2026-08-19 20:58:00,,7198156163,,rahul.rathore@hotmail.com,2002-04-06,HVVPW3346W,PAN_Rahul_Rathore.pdf,Lucknow,Lucknow,Uttar Pradesh,226001,India,Retail Home Loans,Home Loan Balance Transfer,16000000,2026-10-18,Tarun Tiwari,Lucknow — Hazratganj,North India Region,North Zone,Follow-up,,,2026-09-12,,2026-08-21 11:24:00,No,Tarun Tiwari,2026-08-21 11:24:00,Salaried — Government / PSU,Salaried,0.2,No
1217,Dinesh,Ravichandran,AFL-RET-001217,Website,Ghar Ka Sapna NOV25,CMP-2025-0008,2025-11-10 11:37:00,,7646392184,,dinesh.ravichandran58@outlook.com,1996-12-18,,,Chennai,Chennai,Tamil Nadu,600035,India,Business & MSME Loans,MSME Growth Loan,1000000,2025-12-10,Saravanan Rajan,Chennai — T Nagar,Tamil Nadu Region,South Zone,Not interested,NI-01,Rate of interest too high,,,2025-11-12 17:55:00,No,Saravanan Rajan,2025-11-12 17:55:00,Self-Employed Non-Professional,Self-Employed,0.2,No
1218,Shashank,Rao,AFL-RET-001218,Landing page,Vyapar Vriddhi JAN26,CMP-2026-0013,2026-01-02 13:31:00,,7306869540,,shashank.rao@hotmail.com,2002-04-25,VEGPW7469Z,PAN_Shashank_Rao.pdf,Bengaluru,Bengaluru Urban,Karnataka,560070,India,Business & MSME Loans,Vyapar Business Loan,875000,2026-03-03,Nandini Rao,Bengaluru — Jayanagar,Karnataka Region,South Zone,Not interested,NI-02,Already availed loan elsewhere,,,2026-01-06 11:00:00,No,Nandini Rao,2026-01-06 11:00:00,Self-Employed Non-Professional,Self-Employed,0.2,No
1219,Satish,Naidu,AFL-RET-001219,Website,Balance Transfer Bonanza JUL26,CMP-2026-0033,2026-07-26 18:51:00,,8614252062,7457934774,satish.naidu@gmail.com,1979-06-26,,,Hyderabad,Hyderabad,Telangana,500096,India,Retail Personal Loans,Debt Consolidation Loan,550000,2026-08-25,Sirisha Prasad,Hyderabad — Banjara Hills,Telangana Region,South Zone,Not interested,NI-06,Family / spouse declined,,,2026-07-31 09:25:00,No,Sirisha Prasad,2026-07-31 09:25:00,Salaried — Government / PSU,Salaried,5,Yes
1220,Parth,Wagh,AFL-RET-001220,Landing page,Shiksha Education MAY26,CMP-2026-0026,2026-05-10 12:00:00,137539374,7151057480,,parth.wagh12@gmail.com,1975-08-13,,,Mumbai,Mumbai Suburban,Maharashtra,400053,India,Retail Home Loans,Disha Home Loan,4600000,2026-06-09,Shreya Desai,Mumbai — Bandra,Maharashtra Region,West Zone,Rejected,REJ-05,OGL — outside the geo location,,,2026-05-16 09:34:00,No,Shreya Desai,2026-05-16 09:34:00,Self-Employed Non-Professional,Self-Employed,,No
1221,Bhavani,Reddy,AFL-RET-001221,PQ Campaign,Shiksha Education MAY26,CMP-2026-0026,2026-05-27 09:18:00,522008469,7633461223,,bhavani.reddy41@rediffmail.com,1994-06-22,,,Warangal,Warangal,Telangana,506001,India,Retail Personal Loans,Marriage Loan,1100000,2026-06-26,Aruna Reddy,Warangal — Hanamkonda,Telangana Region,South Zone,Rejected,REJ-08,Employer / company not approved,,,2026-06-08 18:33:00,No,Aruna Reddy,2026-06-08 18:33:00,Salaried — Private Sector,Salaried,,No
1222,Karan,Jain,AFL-RET-001222,Landing page,Diwali Dhamaka OCT25,CMP-2025-0001,2025-10-11 20:05:00,,8647434318,,karan.jain@outlook.com,2001-01-07,QTDPJ7069T,PAN_Karan_Jain.pdf,New Delhi,West Delhi,Delhi,110058,India,Vehicle & Consumer Loans,Consumer Durable Loan,20000,2025-11-10,Arjun Sethi,Delhi — Rajouri Garden,Delhi NCR Region,North Zone,Sanctioned,,,,AFLRET25000270,2025-10-27 10:44:00,No,Arjun Sethi,2025-10-27 10:44:00,Student,Salaried,1,No
1223,Sailaja,Varma,AFL-RET-001223,PQ Campaign,Property Power JUN26,CMP-2026-0029,2026-06-03 16:58:00,607609711,7753552132,,sailaja.varma@yahoo.com,1972-08-28,,,Hyderabad,Hyderabad,Telangana,500073,India,Retail Personal Loans,Kushal Personal Loan,450000,2026-07-18,Sirisha Prasad,Hyderabad — Banjara Hills,Telangana Region,South Zone,Rejected,REJ-06,Documentation — unable to provide,,,2026-06-10 12:13:00,No,Sirisha Prasad,2026-06-10 12:13:00,Salaried — Government / PSU,Salaried,,No
1224,Sneha,Sinha,AFL-RET-001224,Website,Shiksha Education JUN26,CMP-2026-0028,2026-06-20 19:31:00,,7401543998,8231080395,sneha.sinha@outlook.com,1984-05-06,VCUPC8640W,PAN_Sneha_Sinha.pdf,New Delhi,West Delhi,Delhi,110063,India,Retail Home Loans,Plot + Construction Loan,3800000,2026-08-04,Arjun Sethi,Delhi — Rajouri Garden,Delhi NCR Region,North Zone,Rejected,REJ-04,Negative / restricted profile,,,2026-07-03 09:52:00,No,Arjun Sethi,2026-07-03 09:52:00,Salaried — Government / PSU,Salaried,,No
1225,Kiran,Prasad,AFL-RET-001225,PQ Campaign,Shubh Vivah DEC25,CMP-2025-0011,2025-12-17 15:00:00,610002590,6839171140,9460192106,kiran.prasad@outlook.com,1982-06-03,LDEPP1421A,PAN_Kiran_Prasad.pdf,Bengaluru,Bengaluru Urban,Karnataka,560067,India,Retail Home Loans,Home Loan Balance Transfer,9500000,2026-01-16,Deepa Iyengar,Bengaluru — Whitefield,Karnataka Region,South Zone,Disbursed,,,,AFLRET25000271,2026-01-09 16:18:00,No,Deepa Iyengar,2026-01-09 16:18:00,Homemaker,Self-Employed,0.2,No
1226,Padmaja,Babu,AFL-RET-001226,Website,Swasthya Care JUL26,CMP-2026-0032,2026-07-08 14:37:00,,9308679391,6956006606,padmaja.babu@outlook.com,1974-10-06,MQHPN7668D,PAN_Padmaja_Babu.pdf,Hyderabad,Hyderabad,Telangana,500034,India,Business & MSME Loans,MSME Growth Loan,6500000,2026-08-22,Rajitha Reddy,Hyderabad — Banjara Hills,Telangana Region,South Zone,Disbursed,,,,AFLRET26000272,2026-08-09 09:20:00,No,Rajitha Reddy,2026-08-09 09:20:00,Business Owner,Self-Employed,0.2,No
1227,Jyothi,Babu,AFL-RET-001227,Landing page,Shiksha Education AUG26,CMP-2026-0034,2026-08-22 17:05:00,696639607,9211490022,7170821519,jyothi.babu@outlook.com,1973-04-06,KSTPH5343B,PAN_Jyothi_Babu.pdf,Anantapur,Anantapur,Andhra Pradesh,515001,India,Business & MSME Loans,Working Capital Loan,4900000,2026-10-21,UNALLOCATED,UNALLOCATED,UNALLOCATED,UNALLOCATED,New,,,,,2026-08-22 17:17:00,No,System,2026-08-22 17:17:00,Self-Employed Non-Professional,Self-Employed,,Yes
1228,Payal,Rane,AFL-RET-001228,Social media,Grah Sajawat OCT25,CMP-2025-0005,2025-10-09 12:44:00,,8106187379,,payal.rane@gmail.com,1993-03-14,QYGPR1897R,PAN_Payal_Rane.pdf,Mumbai,Mumbai Suburban,Maharashtra,400059,India,Retail Home Loans,Home Loan Balance Transfer,6000000,2025-12-08,Bhavesh Patil,Mumbai — Andheri,Maharashtra Region,West Zone,Sanctioned,,,,AFLRET25000273,2025-10-28 09:21:00,No,Bhavesh Patil,2025-10-28 09:21:00,Business Owner,Self-Employed,0.3,No
1229,Shashank,Setty,AFL-RET-001229,Website,Safar Travel MAR26,CMP-2026-0022,2026-03-17 13:05:00,299298942,8506554675,,shashank.setty@hotmail.com,1982-10-13,,,Bengaluru,Bengaluru Urban,Karnataka,560047,India,Loan Against Property,Lease Rental Discounting,5000000,2026-04-16,Manoj Nair,Bengaluru — Koramangala,Karnataka Region,South Zone,Not interested,NI-04,Requirement postponed,,,2026-03-20 16:23:00,No,Manoj Nair,2026-03-20 16:23:00,Business Owner,Self-Employed,0.2,No
1230,Madhumita,Bhattacharya,AFL-RET-001230,Website,Shiksha Education MAY26,CMP-2026-0026,2026-05-21 16:37:00,259867053,6776039402,,madhumita.bhattacharya@yahoo.com,1981-01-19,KRPPY7652P,PAN_Madhumita_Bhattacharya.pdf,Kolkata,Kolkata,West Bengal,700091,India,Retail Personal Loans,Education Loan,325000,2026-07-20,Tanmoy Chakraborty,Kolkata — Salt Lake,West Bengal Region,East Zone,Disbursed,,,,AFLRET26000274,2026-05-31 10:57:00,No,Tanmoy Chakraborty,2026-05-31 10:57:00,Salaried — Government / PSU,Salaried,7.5,Yes
1231,Trupti,Parikh,AFL-RET-001231,PQ Campaign,Vyapar Vriddhi MAR26,CMP-2026-0020,2026-03-24 14:05:00,503537109,6210380461,7194257312,trupti.parikh15@yahoo.com,1994-09-16,,,Rajkot,Rajkot,Gujarat,360004,India,Business & MSME Loans,Working Capital Loan,4400000,2026-05-23,Siddharth Trivedi,Rajkot — Kalawad Road,Gujarat Region,West Zone,Rejected,REJ-05,OGL — outside the geo location,,,2026-03-28 11:03:00,No,Siddharth Trivedi,2026-03-28 11:03:00,Self-Employed Non-Professional,Self-Employed,,No
1232,Aruna,Prasad,AFL-RET-001232,Landing page,Shubh Vivah JAN26,CMP-2026-0012,2026-01-09 10:12:00,139405083,8111480853,,aruna.prasad48@gmail.com,1989-03-28,AZRPC5510Q,PAN_Aruna_Prasad.pdf,Vijayawada,Krishna,Andhra Pradesh,520001,India,Retail Home Loans,Plot + Construction Loan,5500000,2026-02-23,Sirisha Chowdary,Vijayawada — MG Road,Kerala & AP Region,South Zone,Rejected,REJ-07,Existing obligations too high (FOIR),,,2026-01-11 11:27:00,No,Sirisha Chowdary,2026-01-11 11:27:00,Salaried — Government / PSU,Salaried,,No
1233,Sunita,Nath,AFL-RET-001233,PQ Campaign,Gold Utsav OCT25,CMP-2025-0003,2025-10-11 20:05:00,211551905,8270063793,,sunita.nath@gmail.com,1981-12-16,KFDPE3489W,PAN_Sunita_Nath.pdf,Ranchi,Ranchi,Jharkhand,834009,India,Retail Personal Loans,Marriage Loan,650000,2025-11-25,Anita Bora,Ranchi — Main Road,East India Region,East Zone,Not reachable,NR-03,No response after 3 attempts,,,2025-10-13 16:19:00,No,Anita Bora,2025-10-13 16:19:00,Salaried — Private Sector,Salaried,0.2,No
1234,Nilesh,Joshi,AFL-RET-001234,Website,Vyapar Vriddhi JAN26,CMP-2026-0013,2026-01-08 09:00:00,,6182745955,,nilesh.joshi@gmail.com,1983-07-14,DMDPQ7463E,PAN_Nilesh_Joshi.pdf,Mumbai,Mumbai Suburban,Maharashtra,400069,India,Business & MSME Loans,Vyapar Business Loan,800000,2026-02-22,Bhavesh Patil,Mumbai — Andheri,Maharashtra Region,West Zone,Disbursed,,,,AFLRET26000275,2026-02-01 10:04:00,No,Bhavesh Patil,2026-02-01 10:04:00,Self-Employed Non-Professional,Self-Employed,0.2,No
1235,Tanmoy,Majumdar,AFL-RET-001235,Website,Shubh Vivah DEC25,CMP-2025-0011,2025-12-15 10:44:00,,9537207483,,tanmoy.majumdar4@gmail.com,1996-10-24,,,Kolkata,Kolkata,West Bengal,700064,India,Business & MSME Loans,Machinery Purchase Loan,7000000,2026-01-14,Paromita Majumdar,Kolkata — Salt Lake,West Bengal Region,East Zone,Not interested,NI-01,Rate of interest too high,,,2025-12-18 09:41:00,No,Paromita Majumdar,2025-12-18 09:41:00,Self-Employed Professional,Self-Employed,0.2,No
1236,Mihir,Rane,AFL-RET-001236,Social media,Ghar Ka Sapna MAR26,CMP-2026-0019,2026-03-31 16:12:00,,9890996280,,mihir.rane@hotmail.com,1975-02-21,,,Mumbai,Mumbai Suburban,Maharashtra,400058,India,Loan Against Property,Loan Against Property,8000000,2026-05-30,Bhavesh Patil,Mumbai — Andheri,Maharashtra Region,West Zone,Not interested,NI-07,Tenure offered not suitable,,,2026-04-04 11:03:00,No,Bhavesh Patil,2026-04-04 11:03:00,Business Owner,Self-Employed,5.7,Yes
1237,Rutuja,Patil,AFL-RET-001237,Social media,Professional Edge AUG26,CMP-2026-0036,2026-08-29 16:12:00,,9440457335,,rutuja.patil@rediffmail.com,1996-04-05,,,Pune,Pune,Maharashtra,411033,India,Professional Loans,CA / Professional Loan,1400000,2026-10-13,Sagar Vora,Pune — Wakad,Maharashtra Region,West Zone,Not interested,NI-05,Processing fee not acceptable,,,2026-09-01 09:54:00,No,Sagar Vora,2026-09-01 09:54:00,Business Owner,Self-Employed,1.7,No
1238,Parth,Desai,AFL-RET-001238,Social media,Vyapar Vriddhi JAN26,CMP-2026-0013,2026-01-03 12:37:00,,6836566530,,parth.desai@gmail.com,1996-02-13,,,Mumbai,Mumbai,Maharashtra,400023,India,Business & MSME Loans,Vyapar Business Loan,2600000,2026-02-02,Rutuja Pawar,Mumbai — Fort,Maharashtra Region,West Zone,Duplicate,DUP-01,"Same campaign, same mobile",,,2026-01-03 13:52:00,Yes,Rutuja Pawar,2026-01-03 13:52:00,Self-Employed Professional,Self-Employed,,No
1239,Abirami,Sundaram,AFL-RET-001239,Social media,Safar Travel APR26,CMP-2026-0025,2026-04-07 12:51:00,,6349685038,,abirami.sundaram@gmail.com,1984-08-10,BWXPZ6744A,PAN_Abirami_Sundaram.pdf,Coimbatore,Coimbatore,Tamil Nadu,641002,India,Business & MSME Loans,MSME Growth Loan,2000000,2026-05-07,Muthu Krishnan,Coimbatore — RS Puram,Tamil Nadu Region,South Zone,Not interested,NI-03,Only enquiring — no current need,,,2026-04-12 14:51:00,No,Muthu Krishnan,2026-04-12 14:51:00,Self-Employed Professional,Self-Employed,3,Yes
1240,Ashwini,Deshmukh,AFL-RET-001240,Social media,Swasthya Care AUG26,CMP-2026-0035,2026-08-09 18:44:00,,7851718072,,,1980-08-12,AZSPU6044N,PAN_Ashwini_Deshmukh.pdf,Ahmedabad,Ahmedabad,Gujarat,380054,India,Retail Home Loans,Disha Home Loan,3400000,2026-09-23,Payal Vora,Ahmedabad — CG Road,Gujarat Region,West Zone,Sanctioned,,,,AFLRET26000276,2026-08-19 11:06:00,No,Payal Vora,2026-08-19 11:06:00,Business Owner,Self-Employed,5.3,Yes
1241,Pallavi,Iyengar,AFL-RET-001241,PQ Campaign,Vyapar Vriddhi JAN26,CMP-2026-0013,2026-01-04 10:00:00,178198947,9947532857,,pallavi.iyengar@rediffmail.com,2003-10-24,YKDPW6584X,PAN_Pallavi_Iyengar.pdf,Bengaluru,Bengaluru Urban,Karnataka,560103,India,Loan Against Property,Loan Against Property,19500000,2026-02-18,Deepa Iyengar,Bengaluru — Whitefield,Karnataka Region,South Zone,Disbursed,,,,AFLRET26000277,2026-01-22 11:09:00,No,Deepa Iyengar,2026-01-22 11:09:00,Salaried — MNC,Salaried,0.2,No
1242,Tanvi,Sawant,AFL-RET-001242,Landing page,Shubh Vivah DEC25,CMP-2025-0011,2025-12-02 11:18:00,,6598306430,,tanvi.sawant56@rediffmail.com,2001-02-16,,,Pune,Pune,Maharashtra,411030,India,Retail Personal Loans,Kushal Personal Loan,2200000,2026-01-01,Nikhil Deshmukh,Pune — Shivajinagar,Maharashtra Region,West Zone,Rejected,REJ-13,Others,,,2025-12-06 09:58:00,No,Nikhil Deshmukh,2025-12-06 09:58:00,Salaried — Government / PSU,Salaried,,No
1243,Parth,Panchal,AFL-RET-001243,Social media,Shubh Vivah DEC25,CMP-2025-0011,2025-12-26 11:23:00,,6174589946,,parth.panchal@rediffmail.com,1980-11-15,AEJPM7133D,PAN_Parth_Panchal.pdf,Mumbai,Mumbai,Maharashtra,400001,India,Retail Home Loans,Plot + Construction Loan,8000000,2026-01-25,Omkar Patel,Mumbai — Fort,Maharashtra Region,West Zone,Disbursed,,,,AFLRET25000278,2026-01-18 17:41:00,No,Omkar Patel,2026-01-18 17:41:00,Business Owner,Self-Employed,0.2,No
1244,Siddharth,Pawar,AFL-RET-001244,Website,Property Power APR26,CMP-2026-0023,2026-04-16 20:44:00,,9297013560,,siddharth.pawar68@gmail.com,1974-05-25,HPKPK1156Z,PAN_Siddharth_Pawar.pdf,Pune,Pune,Maharashtra,411061,India,Loan Against Property,MLAP (Shakti),6500000,2026-05-31,Sneha Parikh,Pune — Wakad,Maharashtra Region,West Zone,Sanctioned,,,,AFLRET26000279,2026-04-28 10:06:00,No,Sneha Parikh,2026-04-28 10:06:00,Agriculturist,Self-Employed,0.2,No
1245,Dinesh,Pillai,AFL-RET-001245,Social media,Vyapar Vriddhi MAR26,CMP-2026-0020,2026-03-10 19:12:00,,6371407270,,dinesh.pillai@gmail.com,1991-11-14,,,Chennai,Chennai,Tamil Nadu,600020,India,Business & MSME Loans,Working Capital Loan,7500000,2026-05-09,Suresh Raman,Chennai — Adyar,Tamil Nadu Region,South Zone,Rejected,REJ-02,Income below minimum,,,2026-03-18 09:53:00,No,Suresh Raman,2026-03-18 09:53:00,Self-Employed Professional,Self-Employed,,No
1246,Nandini,Kamath,AFL-RET-001246,Website,Professional Edge AUG26,CMP-2026-0036,2026-08-31 14:44:00,,6494675278,,nandini.kamath27@hotmail.com,1976-02-06,DTQPK8001N,PAN_Nandini_Kamath.pdf,Bengaluru,Bengaluru Urban,Karnataka,560070,India,Retail Personal Loans,Debt Consolidation Loan,250000,2026-10-15,Nandini Rao,Bengaluru — Jayanagar,Karnataka Region,South Zone,Not interested,NI-01,Rate of interest too high,,,2026-09-04 18:02:00,No,Nandini Rao,2026-09-04 18:02:00,Salaried — MNC,Salaried,0.2,No
1247,Jayesh,Patil,AFL-RET-001247,Website,Swasthya Care JUL26,CMP-2026-0032,2026-07-26 14:12:00,,7737855180,,jayesh.patil14@outlook.com,1961-01-27,,,Ahmedabad,Ahmedabad,Gujarat,380001,India,Retail Personal Loans,Kushal Personal Loan,4400000,2026-08-25,Swapnil Vora,Ahmedabad — CG Road,Gujarat Region,West Zone,Not interested,NI-04,Requirement postponed,,,2026-07-30 09:56:00,No,Swapnil Vora,2026-07-30 09:56:00,Retired / Pensioner,Salaried,0.2,No
1248,Rutuja,Trivedi,AFL-RET-001248,Website,Shiksha Education AUG26,CMP-2026-0034,2026-08-05 15:18:00,,7445640026,,,1980-03-10,,,Nagpur,Nagpur,Maharashtra,440015,India,Retail Personal Loans,Education Loan,1400000,2026-09-19,Hardik Patel,Nagpur — Dharampeth,Maharashtra Region,West Zone,Not reachable,NR-02,Invalid / wrong number,,,2026-08-07 18:36:00,No,Hardik Patel,2026-08-07 18:36:00,Agriculturist,Self-Employed,0.2,No
1249,Hetal,Jadhav,AFL-RET-001249,Website,Vyapar Vriddhi MAR26,CMP-2026-0020,2026-03-09 15:00:00,,7917169899,,hetal.jadhav57@gmail.com,2000-10-13,,,Nashik,Nashik,Maharashtra,422005,India,Retail Personal Loans,Home Renovation Loan,350000,2026-05-08,Tanvi Mehta,Nashik — College Road,Maharashtra Region,West Zone,Not interested,NI-01,Rate of interest too high,,,2026-03-14 10:41:00,No,Tanvi Mehta,2026-03-14 10:41:00,Self-Employed Non-Professional,Self-Employed,0.2,No
1250,Parth,Pawar,AFL-RET-001250,Landing page,Shiksha Education AUG26,CMP-2026-0034,2026-08-21 09:44:00,821519998,7537954179,,,1978-08-26,ZMTPL8967V,PAN_Parth_Pawar.pdf,Mumbai,Mumbai Suburban,Maharashtra,400087,India,Retail Home Loans,Home Loan Balance Transfer,6500000,2026-10-20,Bhavesh Modi,Mumbai — Powai,Maharashtra Region,West Zone,Sanctioned,,,,AFLRET26000280,2026-09-09 09:17:00,No,Bhavesh Modi,2026-09-09 09:17:00,Salaried — Government / PSU,Salaried,1.2,No
1251,Manish,Verma,AFL-RET-001251,PQ Campaign,Diwali Dhamaka OCT25,CMP-2025-0001,2025-10-03 12:05:00,595884364,7738901624,7131373591,manish.verma@outlook.com,1986-12-20,MWGPV7556U,PAN_Manish_Verma.pdf,New Delhi,South Delhi,Delhi,110065,India,Vehicle & Consumer Loans,Consumer Durable Loan,50000,2025-11-17,Aarav Kapoor,Delhi — Saket,Delhi NCR Region,North Zone,Disbursed,,,,AFLRET25000281,2025-10-29 12:23:00,No,Aarav Kapoor,2025-10-29 12:23:00,Salaried — Private Sector,Salaried,0.2,No
1252,Meenakshi,Chauhan,AFL-RET-001252,Website,Ghar Ka Sapna NOV25,CMP-2025-0008,2025-11-05 20:18:00,214168221,9568220749,,meenakshi.chauhan47@outlook.com,1978-07-26,,,New Delhi,West Delhi,Delhi,110015,India,Retail Home Loans,Plot + Construction Loan,1100000,2026-01-04,Arjun Sethi,Delhi — Rajouri Garden,Delhi NCR Region,North Zone,Duplicate,DUP-02,Same LAN already sourced,,,2025-11-05 21:33:00,Yes,Arjun Sethi,2025-11-05 21:33:00,Business Owner,Self-Employed,,No
1253,Subhankar,Mitra,AFL-RET-001253,Website,Property Power MAY26,CMP-2026-0027,2026-05-22 19:31:00,,7594602358,6152597633,subhankar.mitra@gmail.com,1990-06-15,,,Siliguri,Darjeeling,West Bengal,734006,India,Retail Personal Loans,Kushal Personal Loan,1200000,2026-07-21,Srabani Chatterjee,Siliguri — Sevoke Road,West Bengal Region,East Zone,Rejected,REJ-05,OGL — outside the geo location,,,2026-05-29 09:34:00,No,Srabani Chatterjee,2026-05-29 09:34:00,Salaried — Private Sector,Salaried,,No
1254,Bibhuti,Panda,AFL-RET-001254,Landing page,Safar Travel OCT25,CMP-2025-0004,2025-10-21 13:31:00,,9513321577,,bibhuti.panda30@rediffmail.com,1991-03-22,,,Guwahati,Kamrup Metro,Assam,781005,India,Retail Personal Loans,Travel Loan,450000,2025-12-20,Sunita Saikia,Guwahati — GS Road,East India Region,East Zone,Not interested,NI-06,Family / spouse declined,,,2025-10-25 16:19:00,No,Sunita Saikia,2025-10-25 16:19:00,Salaried — Government / PSU,Salaried,1.8,No
1255,Ashwini,Desai,AFL-RET-001255,Social media,Professional Edge AUG26,CMP-2026-0036,2026-08-25 12:51:00,128109802,8725540095,,ashwini.desai2@gmail.com,1985-01-04,NQTPN9063D,PAN_Ashwini_Desai.pdf,Mumbai,Mumbai Suburban,Maharashtra,400053,India,Retail Home Loans,Plot + Construction Loan,1000000,2026-09-24,Jayesh Chavan,Mumbai — Bandra,Maharashtra Region,West Zone,Not interested,NI-07,Tenure offered not suitable,,,2026-08-30 11:09:00,No,Jayesh Chavan,2026-08-30 11:09:00,Salaried — MNC,Salaried,0.2,No
1256,Kunal,Jadhav,AFL-RET-001256,PQ Campaign,Professional Edge AUG26,CMP-2026-0036,2026-08-16 15:23:00,724612939,6967772072,9446497725,kunal.jadhav@yahoo.com,1973-07-19,,,Pune,Pune,Maharashtra,411005,India,Retail Home Loans,Disha Home Loan,1100000,2026-09-15,Nikhil Deshmukh,Pune — Shivajinagar,Maharashtra Region,West Zone,Not reachable,NR-03,No response after 3 attempts,,,2026-08-18 11:05:00,No,Nikhil Deshmukh,2026-08-18 11:05:00,Self-Employed Professional,Self-Employed,0.7,No
1257,Shalini,Aggarwal,AFL-RET-001257,Landing page,Property Power MAY26,CMP-2026-0027,2026-05-25 18:37:00,,7941946996,,shalini.aggarwal@rediffmail.com,1986-06-18,DUPPP8680B,PAN_Shalini_Aggarwal.pdf,Jodhpur,Jodhpur,Rajasthan,342001,India,Loan Against Property,Loan Against Property,4700000,2026-07-24,Rohit Sharma,Jodhpur — Sardarpura,North India Region,North Zone,Disbursed,,,,AFLRET26000282,2026-06-27 11:30:00,No,Rohit Sharma,2026-06-27 11:30:00,Business Owner,Self-Employed,0.2,No
1258,Sameer,Thakkar,AFL-RET-001258,Website,Safar Travel OCT25,CMP-2025-0004,2025-10-12 09:12:00,,6205957013,6223366666,sameer.thakkar@gmail.com,2001-04-02,WARPY2196E,PAN_Sameer_Thakkar.pdf,Pune,Pune,Maharashtra,411001,India,Retail Personal Loans,Kushal Personal Loan,4200000,2025-12-11,Nikhil Deshmukh,Pune — Shivajinagar,Maharashtra Region,West Zone,Disbursed,,,,AFLRET25000283,2025-11-11 11:14:00,No,Nikhil Deshmukh,2025-11-11 11:14:00,Salaried — Private Sector,Salaried,3.5,Yes
1259,Vignesh,Ganesan,AFL-RET-001259,Landing page,Safar Travel OCT25,CMP-2025-0004,2025-10-10 10:12:00,,6470357508,7256553248,vignesh.ganesan@gmail.com,2001-12-19,WFKPP9704K,PAN_Vignesh_Ganesan.pdf,Chennai,Chennai,Tamil Nadu,600028,India,Retail Personal Loans,Travel Loan,250000,2025-11-24,Suresh Raman,Chennai — Adyar,Tamil Nadu Region,South Zone,Disbursed,,,,AFLRET25000284,2025-11-10 13:30:00,No,Suresh Raman,2025-11-10 13:30:00,Student,Salaried,0.2,No
1260,Mihir,Parikh,AFL-RET-001260,PQ Campaign,Diwali Dhamaka NOV25,CMP-2025-0006,2025-11-08 20:05:00,379672906,9284317627,,mihir.parikh@hotmail.com,1977-06-13,,,Ahmedabad,Ahmedabad,Gujarat,380009,India,Vehicle & Consumer Loans,Consumer Durable Loan,40000,2025-12-23,Payal Vora,Ahmedabad — CG Road,Gujarat Region,West Zone,Rejected,REJ-11,Business vintage below minimum,,,2025-11-18 17:20:00,No,Payal Vora,2025-11-18 17:20:00,Salaried — MNC,Salaried,,No
1261,Piyali,Banerjee,AFL-RET-001261,Social media,Professional Edge AUG26,CMP-2026-0036,2026-08-28 13:00:00,,8875461583,6203623927,piyali.banerjee67@rediffmail.com,1996-07-15,,,Kolkata,Kolkata,West Bengal,700016,India,Retail Home Loans,Disha Home Loan,1500000,2026-10-27,Debolina Banerjee,Kolkata — Park Street,West Bengal Region,East Zone,Not interested,NI-01,Rate of interest too high,,,2026-08-29 09:15:00,No,Debolina Banerjee,2026-08-29 09:15:00,Salaried — Private Sector,Salaried,0.2,No
1262,Shalini,Singh,AFL-RET-001262,Social media,Vyapar Vriddhi MAR26,CMP-2026-0020,2026-03-16 12:31:00,,7720920791,,shalini.singh@hotmail.com,1985-10-09,,,Amritsar,Amritsar,Punjab,143001,India,Business & MSME Loans,Working Capital Loan,2600000,2026-04-15,Rahul Malhotra,Amritsar — Lawrence Road,North India Region,North Zone,Rejected,REJ-05,OGL — outside the geo location,,,2026-03-17 13:46:00,No,Rahul Malhotra,2026-03-17 13:46:00,Self-Employed Non-Professional,Self-Employed,,No
1263,Jayesh,Gaikwad,AFL-RET-001263,Website,Balance Transfer Bonanza JAN26,CMP-2026-0014,2026-01-14 19:18:00,,7869928640,,jayesh.gaikwad@yahoo.com,1972-05-10,CEEPE2973J,PAN_Jayesh_Gaikwad.pdf,Vadodara,Vadodara,Gujarat,390005,India,Retail Personal Loans,Home Renovation Loan,1100000,2026-02-13,Chirag Vora,Vadodara — Alkapuri,Gujarat Region,West Zone,Not interested,NI-04,Requirement postponed,,,2026-01-19 09:14:00,No,Chirag Vora,2026-01-19 09:14:00,Salaried — MNC,Salaried,0.2,No
1264,Vikram,Bansal,AFL-RET-001264,Website,Vyapar Vriddhi MAR26,CMP-2026-0020,2026-03-24 18:23:00,881966851,8183565639,6793449578,vikram.bansal84@gmail.com,1971-04-18,,,New Delhi,South Delhi,Delhi,110065,India,Vehicle & Consumer Loans,Used Car Loan,950000,2026-05-08,Rajat Chopra,Delhi — Saket,Delhi NCR Region,North Zone,Follow-up,,,2026-09-19,,2026-03-27 16:58:00,No,Rajat Chopra,2026-03-27 16:58:00,Salaried — Private Sector,Salaried,1.9,No
1265,Swapna,Kumar,AFL-RET-001265,Social media,Shiksha Education JUN26,CMP-2026-0028,2026-06-17 13:31:00,,9310327259,,swapna.kumar49@rediffmail.com,1990-03-08,YDSPS7053D,PAN_Swapna_Kumar.pdf,Hyderabad,Rangareddy,Telangana,500084,India,Retail Personal Loans,Education Loan,800000,2026-08-01,Mahesh Varma,Hyderabad — Gachibowli,Telangana Region,South Zone,Disbursed,,,,AFLRET26000285,2026-07-07 09:43:00,No,Mahesh Varma,2026-07-07 09:43:00,Salaried — MNC,Salaried,0.2,No
1266,Deepika,Ravichandran,AFL-RET-001266,Website,Vyapar Vriddhi FEB26,CMP-2026-0016,2026-02-14 16:51:00,,9686489187,6804212801,deepika.ravichandran@yahoo.com,1994-10-18,ZKAPH6861D,PAN_Deepika_Ravichandran.pdf,Madurai,Madurai,Tamil Nadu,625007,India,Business & MSME Loans,Vyapar Business Loan,2500000,2026-04-15,Kavya Krishnan,Madurai — Anna Nagar,Tamil Nadu Region,South Zone,Rejected,REJ-02,Income below minimum,,,2026-02-16 16:06:00,No,Kavya Krishnan,2026-02-16 16:06:00,Business Owner,Self-Employed,,No
1267,Payal,Amin,AFL-RET-001267,Landing page,Shubh Vivah DEC25,CMP-2025-0011,2025-12-19 18:18:00,,9664359514,,payal.amin@gmail.com,1977-01-09,LBEPQ3509M,PAN_Payal_Amin.pdf,Nagpur,Nagpur,Maharashtra,440012,India,Retail Personal Loans,Marriage Loan,475000,2026-02-02,Hardik Patel,Nagpur — Dharampeth,Maharashtra Region,West Zone,Disbursed,,,,AFLRET25000286,2026-01-12 10:31:00,No,Hardik Patel,2026-01-12 10:31:00,Self-Employed Professional,Self-Employed,3.1,Yes
1268,Hardik,Bhatt,AFL-RET-001268,PQ Campaign,Grah Sajawat SEP26,CMP-2026-0040,2026-09-10 14:37:00,659740877,9856625087,,hardik.bhatt@hotmail.com,1997-01-06,,,Ahmedabad,Ahmedabad,Gujarat,380051,India,Retail Personal Loans,Home Renovation Loan,1200000,2026-11-09,Hardik Bhatt,Ahmedabad — Satellite,Gujarat Region,West Zone,New,,,,,2026-09-10 14:52:00,No,Hardik Bhatt,2026-09-10 14:52:00,Salaried — MNC,Salaried,,No
1269,Kavita,Dua,AFL-RET-001269,PQ Campaign,Balance Transfer Bonanza JUN26,CMP-2026-0030,2026-06-19 15:51:00,628796266,6302889712,8931890213,kavita.dua@rediffmail.com,2000-11-23,BZUPD6865P,PAN_Kavita_Dua.pdf,New Delhi,New Delhi,Delhi,110002,India,Retail Personal Loans,Debt Consolidation Loan,225000,2026-07-19,Nidhi Sharma,Delhi — Connaught Place,Delhi NCR Region,North Zone,Rejected,REJ-11,Business vintage below minimum,,,2026-06-24 09:06:00,No,Nidhi Sharma,2026-06-24 09:06:00,Salaried — Government / PSU,Salaried,,No
1270,Naresh,Chowdary,AFL-RET-001270,Social media,Safar Travel APR26,CMP-2026-0025,2026-04-03 20:31:00,,7514036494,,naresh.chowdary74@rediffmail.com,1967-11-23,RRYPE5090Z,PAN_Naresh_Chowdary.pdf,Hyderabad,Rangareddy,Telangana,500032,India,Retail Personal Loans,Marriage Loan,850000,2026-05-18,Swapna Gupta,Hyderabad — Gachibowli,Telangana Region,South Zone,Disbursed,,,,AFLRET26000287,2026-04-25 18:46:00,No,Swapna Gupta,2026-04-25 18:46:00,Retired / Pensioner,Salaried,0.4,No
1271,Rakesh,Jena,AFL-RET-001271,Website,Shiksha Education MAY26,CMP-2026-0026,2026-05-30 14:00:00,,6910727979,,rakesh.jena@hotmail.com,1981-08-03,,,Bhubaneswar,Khordha,Odisha,751010,India,Retail Personal Loans,Education Loan,925000,2026-07-29,Rakesh Deka,Bhubaneswar — Saheed Nagar,East India Region,East Zone,Not interested,NI-05,Processing fee not acceptable,,,2026-06-04 12:30:00,No,Rakesh Deka,2026-06-04 12:30:00,Salaried — Government / PSU,Salaried,0.5,No
1272,Ashwini,Trivedi,AFL-RET-001272,Website,Property Power JUN26,CMP-2026-0029,2026-06-10 17:37:00,,7375337731,,ashwini.trivedi@rediffmail.com,1987-02-22,,,Mumbai,Mumbai,Maharashtra,400001,India,Professional Loans,CA / Professional Loan,2000000,2026-08-09,Rutuja Pawar,Mumbai — Fort,Maharashtra Region,West Zone,Not interested,NI-03,Only enquiring — no current need,,,2026-06-14 10:01:00,No,Rutuja Pawar,2026-06-14 10:01:00,Business Owner,Self-Employed,0.2,No
1273,Abirami,Rajan,AFL-RET-001273,Social media,Gold Utsav APR26,CMP-2026-0024,2026-04-05 17:31:00,,6899194383,,abirami.rajan@gmail.com,1990-09-17,UESPJ4356Y,PAN_Abirami_Rajan.pdf,Chennai,Chennai,Tamil Nadu,600033,India,Gold & Secured Loans,Gold Loan,200000,2026-06-04,Saravanan Rajan,Chennai — T Nagar,Tamil Nadu Region,South Zone,Rejected,REJ-06,Documentation — unable to provide,,,2026-04-17 13:46:00,No,Saravanan Rajan,2026-04-17 13:46:00,Salaried — MNC,Salaried,,No
1274,Abhijit,Roy,AFL-RET-001274,Social media,Shubh Vivah JAN26,CMP-2026-0012,2026-01-09 16:58:00,,7858824266,8461440523,abhijit.roy@rediffmail.com,1972-05-22,RLZPR5208G,PAN_Abhijit_Roy.pdf,Kolkata,Kolkata,West Bengal,700091,India,Retail Personal Loans,Marriage Loan,300000,2026-02-08,Tanmoy Chakraborty,Kolkata — Salt Lake,West Bengal Region,East Zone,Disbursed,,,,AFLRET26000288,2026-02-05 13:13:00,No,Tanmoy Chakraborty,2026-02-05 13:13:00,Salaried — MNC,Salaried,0.2,No
1275,Parth,Kulkarni,AFL-RET-001275,Website,Swasthya Care JUL26,CMP-2026-0032,2026-07-03 20:31:00,360175597,8580940110,,parth.kulkarni14@yahoo.com,1979-03-01,,,Mumbai,Mumbai Suburban,Maharashtra,400053,India,Retail Personal Loans,Medical Emergency Loan,550000,2026-08-02,Jayesh Chavan,Mumbai — Bandra,Maharashtra Region,West Zone,Rejected,REJ-08,Employer / company not approved,,,2026-07-05 11:24:00,No,Jayesh Chavan,2026-07-05 11:24:00,Salaried — Government / PSU,Salaried,,No
1276,Kunal,Thakkar,AFL-RET-001276,Social media,Vyapar Vriddhi JAN26,CMP-2026-0013,2026-01-03 13:18:00,,6185415516,,kunal.thakkar@outlook.com,1994-05-20,,,Mumbai,Mumbai,Maharashtra,400001,India,Business & MSME Loans,Working Capital Loan,1700000,2026-02-02,Rutuja Pawar,Mumbai — Fort,Maharashtra Region,West Zone,Not reachable,NR-02,Invalid / wrong number,,,2026-01-04 13:48:00,No,Rutuja Pawar,2026-01-04 13:48:00,Self-Employed Professional,Self-Employed,0.5,No
1277,Hetal,Shinde,AFL-RET-001277,Landing page,Balance Transfer Bonanza JUN26,CMP-2026-0030,2026-06-22 14:44:00,,9902582138,,hetal.shinde72@gmail.com,1991-04-21,,,Ahmedabad,Ahmedabad,Gujarat,380061,India,Retail Home Loans,Home Loan Balance Transfer,16000000,2026-07-22,Parth Joshi,Ahmedabad — Satellite,Gujarat Region,West Zone,Rejected,REJ-05,OGL — outside the geo location,,,2026-07-05 10:14:00,No,Parth Joshi,2026-07-05 10:14:00,Self-Employed Non-Professional,Self-Employed,,No
1278,Omkar,Thakkar,AFL-RET-001278,Social media,Shubh Vivah DEC25,CMP-2025-0011,2025-12-05 14:18:00,500905090,6636697205,7724897821,omkar.thakkar97@gmail.com,1983-10-01,TZPPN4391Y,PAN_Omkar_Thakkar.pdf,Mumbai,Mumbai Suburban,Maharashtra,400061,India,Retail Personal Loans,Kushal Personal Loan,135000,2026-02-03,Bhavesh Patil,Mumbai — Andheri,Maharashtra Region,West Zone,Sanctioned,,,,AFLRET25000289,2025-12-15 10:46:00,No,Bhavesh Patil,2025-12-15 10:46:00,Salaried — Private Sector,Salaried,5.6,Yes
1279,Tanvi,Bhatt,AFL-RET-001279,Website,Professional Edge AUG26,CMP-2026-0036,2026-08-31 09:05:00,974461519,8984643953,6608038212,,1980-12-24,,,Nashik,Nashik,Maharashtra,422011,India,Retail Personal Loans,Diwali Special Loan,250000,2026-09-30,Tanvi Mehta,Nashik — College Road,Maharashtra Region,West Zone,Rejected,REJ-05,OGL — outside the geo location,,,2026-09-02 11:43:00,No,Tanvi Mehta,2026-09-02 11:43:00,Self-Employed Non-Professional,Self-Employed,,No
1280,Vaishnavi,Doshi,AFL-RET-001280,Social media,Gold Utsav APR26,CMP-2026-0024,2026-04-22 11:37:00,,7871445108,,vaishnavi.doshi@outlook.com,1979-08-18,SGSPH2278A,PAN_Vaishnavi_Doshi.pdf,Pune,Pune,Maharashtra,411061,India,Gold & Secured Loans,Gold Loan,1100000,2026-06-06,Sneha Parikh,Pune — Wakad,Maharashtra Region,West Zone,Not interested,NI-07,Tenure offered not suitable,,,2026-04-28 10:58:00,No,Sneha Parikh,2026-04-28 10:58:00,Salaried — Government / PSU,Salaried,10,Yes
1281,Aruna,Achari,AFL-RET-001281,Landing page,Shubh Vivah DEC25,CMP-2025-0011,2025-12-04 13:31:00,,8417738061,6552004755,aruna.achari@hotmail.com,1971-11-20,,,Vijayawada,Krishna,Andhra Pradesh,520001,India,Retail Home Loans,Home Loan Balance Transfer,14000000,2026-02-02,Sirisha Chowdary,Vijayawada — MG Road,Kerala & AP Region,South Zone,Not interested,NI-01,Rate of interest too high,,,2025-12-08 11:49:00,No,Sirisha Chowdary,2025-12-08 11:49:00,Salaried — Government / PSU,Salaried,0.2,No
1282,Nisha,Shah,AFL-RET-001282,Website,Property Power JUN26,CMP-2026-0029,2026-06-01 12:37:00,,9617728813,8424007100,nisha.shah@yahoo.com,2002-09-20,,,Pune,Pune,Maharashtra,411027,India,Loan Against Property,MLAP (Shakti),925000,2026-07-01,Sneha Parikh,Pune — Wakad,Maharashtra Region,West Zone,Rejected,REJ-03,Policy restriction,,,2026-06-02 16:52:00,No,Sneha Parikh,2026-06-02 16:52:00,Self-Employed Non-Professional,Self-Employed,,No
1283,Paromita,Dutta,AFL-RET-001283,PQ Campaign,Vyapar Vriddhi FEB26,CMP-2026-0016,2026-02-07 20:58:00,508533313,8442195241,,paromita.dutta81@hotmail.com,1976-07-02,YWGPA5723G,PAN_Paromita_Dutta.pdf,Kolkata,Kolkata,West Bengal,700064,India,Business & MSME Loans,MSME Growth Loan,1700000,2026-03-09,Paromita Majumdar,Kolkata — Salt Lake,West Bengal Region,East Zone,Disbursed,,,,AFLRET26000290,2026-03-02 18:06:00,No,Paromita Majumdar,2026-03-02 18:06:00,Business Owner,Self-Employed,0.2,No
1284,Divya,Kulkarni,AFL-RET-001284,Landing page,Ghar Ka Sapna NOV25,CMP-2025-0008,2025-11-18 12:05:00,,7105449923,6427214208,divya.kulkarni10@rediffmail.com,1997-02-12,XRCPT7887Q,PAN_Divya_Kulkarni.pdf,Mysuru,Mysuru,Karnataka,570011,India,Vehicle & Consumer Loans,Used Car Loan,2000000,2026-01-17,Deepa Nair,Mysuru — Saraswathipuram,Karnataka Region,South Zone,Login Initiated,,,,,2025-11-22 10:19:00,No,Deepa Nair,2025-11-22 10:19:00,Salaried — MNC,Salaried,6.8,Yes
1285,Payal,Parikh,AFL-RET-001285,Website,Gold Utsav APR26,CMP-2026-0024,2026-04-28 09:18:00,913574724,8800448380,,,1988-12-01,RMGPS7655P,PAN_Payal_Parikh.pdf,Pune,Pune,Maharashtra,411061,India,Retail Personal Loans,Marriage Loan,225000,2026-06-27,Sagar Vora,Pune — Wakad,Maharashtra Region,West Zone,Disbursed,,,,AFLRET26000291,2026-05-15 09:57:00,No,Sagar Vora,2026-05-15 09:57:00,Self-Employed Non-Professional,Self-Employed,0.9,No
1286,Hariharan,Murugan,AFL-RET-001286,Website,Balance Transfer Bonanza JUN26,CMP-2026-0030,2026-06-14 11:31:00,,8332969670,9665801823,hariharan.murugan26@rediffmail.com,1989-02-01,MUGPZ6009J,PAN_Hariharan_Murugan.pdf,Chennai,Chennai,Tamil Nadu,600017,India,Retail Home Loans,Home Loan Balance Transfer,23000000,2026-08-13,Hariharan Krishnan,Chennai — T Nagar,Tamil Nadu Region,South Zone,Disbursed,,,,AFLRET26000292,2026-07-13 10:03:00,No,Hariharan Krishnan,2026-07-13 10:03:00,Salaried — Government / PSU,Salaried,0.2,No
1287,Venkat,Gupta,AFL-RET-001287,Landing page,Shiksha Education JUL26,CMP-2026-0031,2026-07-11 14:12:00,993599409,7658577407,,venkat.gupta65@gmail.com,1977-03-03,,,Hyderabad,Rangareddy,Telangana,500049,India,Retail Home Loans,Plot + Construction Loan,7500000,2026-08-10,Mahesh Varma,Hyderabad — Gachibowli,Telangana Region,South Zone,Not interested,NI-04,Requirement postponed,,,2026-07-12 14:30:00,No,Mahesh Varma,2026-07-12 14:30:00,Self-Employed Non-Professional,Self-Employed,0.2,No
1288,Swapna,Prasad,AFL-RET-001288,Social media,Vyapar Vriddhi MAR26,CMP-2026-0020,2026-03-03 18:51:00,,7423025863,,swapna.prasad@yahoo.com,1996-12-01,,,Vijayawada,Krishna,Andhra Pradesh,520010,India,Business & MSME Loans,Working Capital Loan,9500000,2026-04-02,Sirisha Chowdary,Vijayawada — MG Road,Kerala & AP Region,South Zone,Not interested,NI-06,Family / spouse declined,,,2026-03-08 14:12:00,No,Sirisha Chowdary,2026-03-08 14:12:00,Self-Employed Professional,Self-Employed,0.3,No
1289,Chetan,Rai,AFL-RET-001289,Website,Property Power APR26,CMP-2026-0023,2026-04-11 20:00:00,,6306977570,,chetan.rai14@gmail.com,1969-10-01,,,Bengaluru,Bengaluru Urban,Karnataka,560095,India,Loan Against Property,MLAP (Shakti),4900000,2026-05-11,Manoj Nair,Bengaluru — Koramangala,Karnataka Region,South Zone,Rejected,REJ-01,Credit / bureau issue (CIBIL below cut-off),,,2026-04-21 11:37:00,No,Manoj Nair,2026-04-21 11:37:00,Business Owner,Self-Employed,,No
1290,Kalyani,Thakkar,AFL-RET-001290,Landing page,Shubh Vivah DEC25,CMP-2025-0011,2025-12-10 13:58:00,,7390302505,,kalyani.thakkar2@gmail.com,1985-04-09,NMAPS5046F,PAN_Kalyani_Thakkar.pdf,Mumbai,Mumbai,Maharashtra,400020,India,Business & MSME Loans,MSME Growth Loan,2000000,2026-02-08,Rutuja Pawar,Mumbai — Fort,Maharashtra Region,West Zone,Sanctioned,,,,AFLRET25000293,2025-12-20 12:58:00,No,Rutuja Pawar,2025-12-20 12:58:00,Self-Employed Professional,Self-Employed,4,Yes
1291,Trupti,Amin,AFL-RET-001291,Landing page,Shiksha Education MAY26,CMP-2026-0026,2026-05-27 09:23:00,892076732,7671889604,8964493972,trupti.amin@hotmail.com,1995-07-21,,,Pune,Pune,Maharashtra,411061,India,Retail Home Loans,Plot + Construction Loan,7500000,2026-07-26,Sagar Vora,Pune — Wakad,Maharashtra Region,West Zone,Rejected,REJ-10,Technical valuation below expectation,,,2026-06-03 18:38:00,No,Sagar Vora,2026-06-03 18:38:00,Business Owner,Self-Employed,,No
1292,Aruna,Achari,AFL-RET-001292,Website,Shubh Vivah NOV25,CMP-2025-0007,2025-11-18 13:44:00,176257679,6659227006,,aruna.achari@outlook.com,1989-12-06,,,Visakhapatnam,Visakhapatnam,Andhra Pradesh,530013,India,Retail Personal Loans,Medical Emergency Loan,350000,2025-12-18,Chandra Naidu,Vizag — Dwaraka Nagar,Kerala & AP Region,South Zone,Rejected,REJ-07,Existing obligations too high (FOIR),,,2025-11-29 12:59:00,No,Chandra Naidu,2025-11-29 12:59:00,Homemaker,Self-Employed,,No
1293,Sudeshna,Ghosh,AFL-RET-001293,PQ Campaign,Balance Transfer Bonanza JUL26,CMP-2026-0033,2026-07-09 09:05:00,427425011,6978635096,9882114607,sudeshna.ghosh1@gmail.com,1987-10-20,,,Kolkata,Kolkata,West Bengal,700020,India,Business & MSME Loans,Machinery Purchase Loan,17500000,2026-08-23,Debolina Banerjee,Kolkata — Park Street,West Bengal Region,East Zone,Rejected,REJ-07,Existing obligations too high (FOIR),,,2026-07-19 11:23:00,No,Debolina Banerjee,2026-07-19 11:23:00,Self-Employed Professional,Self-Employed,,No
1294,Prashanth,Rao,AFL-RET-001294,Website,Shubh Vivah JAN26,CMP-2026-0012,2026-01-18 10:05:00,,9964462287,9868074799,prashanth.rao@outlook.com,1996-08-26,CESPC9385P,PAN_Prashanth_Rao.pdf,Bengaluru,Bengaluru Urban,Karnataka,560071,India,Loan Against Property,MLAP (Shakti),3200000,2026-03-19,Vinay Nair,Bengaluru — Koramangala,Karnataka Region,South Zone,Rejected,REJ-12,GST / ITR not available,,,2026-01-28 11:20:00,No,Vinay Nair,2026-01-28 11:20:00,Business Owner,Self-Employed,,No
1295,Bhavesh,Sawant,AFL-RET-001295,Website,Shubh Vivah DEC25,CMP-2025-0011,2025-12-27 13:12:00,884899135,8241422307,,bhavesh.sawant79@hotmail.com,1977-03-09,,,Pune,Pune,Maharashtra,411027,India,Retail Home Loans,Plot + Construction Loan,2400000,2026-02-25,Sagar Vora,Pune — Wakad,Maharashtra Region,West Zone,Not interested,NI-03,Only enquiring — no current need,,,2025-12-31 15:42:00,No,Sagar Vora,2025-12-31 15:42:00,Salaried — Government / PSU,Salaried,1.5,No
1296,Yash,Modi,AFL-RET-001296,Landing page,Gold Utsav APR26,CMP-2026-0024,2026-04-22 19:44:00,514645393,9891396370,,yash.modi@gmail.com,2003-09-23,,,Mumbai,Mumbai Suburban,Maharashtra,400051,India,Gold & Secured Loans,Gold Loan,165000,2026-06-06,Shreya Desai,Mumbai — Bandra,Maharashtra Region,West Zone,Rejected,REJ-11,Business vintage below minimum,,,2026-05-03 09:44:00,No,Shreya Desai,2026-05-03 09:44:00,Salaried — Government / PSU,Salaried,,No
1297,Trupti,Parikh,AFL-RET-001297,Website,Property Power MAY26,CMP-2026-0027,2026-05-24 18:12:00,,6284526754,,trupti.parikh24@gmail.com,1972-05-13,,,Pune,Pune,Maharashtra,411030,India,Retail Personal Loans,Diwali Special Loan,110000,2026-07-08,Parth Parikh,Pune — Shivajinagar,Maharashtra Region,West Zone,Rejected,REJ-11,Business vintage below minimum,,,2026-06-04 09:15:00,No,Parth Parikh,2026-06-04 09:15:00,Salaried — Private Sector,Salaried,,No
1298,Sourav,Sarkar,AFL-RET-001298,PQ Campaign,Vyapar Vriddhi JAN26,CMP-2026-0013,2026-01-18 15:37:00,635321540,8724550734,,sourav.sarkar@yahoo.com,1980-03-15,,,Kolkata,Kolkata,West Bengal,700105,India,Business & MSME Loans,Vyapar Business Loan,2900000,2026-03-04,Tanmoy Chakraborty,Kolkata — Salt Lake,West Bengal Region,East Zone,Not interested,NI-02,Already availed loan elsewhere,,,2026-01-22 11:55:00,No,Tanmoy Chakraborty,2026-01-22 11:55:00,Self-Employed Professional,Self-Employed,0.2,No
1299,Subhankar,Sarkar,AFL-RET-001299,Landing page,Balance Transfer Bonanza JUL26,CMP-2026-0033,2026-07-18 11:37:00,,7831688169,,subhankar.sarkar31@yahoo.com,1961-08-04,,,Kolkata,Kolkata,West Bengal,700016,India,Vehicle & Consumer Loans,Consumer Durable Loan,125000,2026-08-17,Debolina Banerjee,Kolkata — Park Street,West Bengal Region,East Zone,Follow-up,,,2026-09-08,,2026-07-20 11:42:00,No,Debolina Banerjee,2026-07-20 11:42:00,Retired / Pensioner,Salaried,0.2,No
1300,Jayesh,Pawar,AFL-RET-001300,Landing page,Vyapar Vriddhi JAN26,CMP-2026-0013,2026-01-30 14:18:00,,8911043199,,jayesh.pawar@gmail.com,1974-05-23,,,Pune,Pune,Maharashtra,411016,India,Business & MSME Loans,Working Capital Loan,14000000,2026-03-01,Nikhil Deshmukh,Pune — Shivajinagar,Maharashtra Region,West Zone,Rejected,REJ-03,Policy restriction,,,2026-02-06 10:48:00,No,Nikhil Deshmukh,2026-02-06 10:48:00,Self-Employed Non-Professional,Self-Employed,,No
1301,Padmaja,Raju,AFL-RET-001301,Website,Vyapar Vriddhi FEB26,CMP-2026-0016,2026-02-04 19:05:00,,6749950126,,padmaja.raju57@rediffmail.com,2001-10-18,LCKPH5678X,PAN_Padmaja_Raju.pdf,Warangal,Warangal,Telangana,506009,India,Retail Personal Loans,Medical Emergency Loan,170000,2026-04-05,Aruna Reddy,Warangal — Hanamkonda,Telangana Region,South Zone,Not interested,NI-04,Requirement postponed,,,2026-02-06 10:19:00,No,Aruna Reddy,2026-02-06 10:19:00,Salaried — MNC,Salaried,0.2,No
1302,Ashwin,Rajan,AFL-RET-001302,Website,Professional Edge AUG26,CMP-2026-0036,2026-08-16 17:23:00,,7690082749,6476216601,ashwin.rajan21@outlook.com,1987-10-05,DUMPF8738C,PAN_Ashwin_Rajan.pdf,Coimbatore,Coimbatore,Tamil Nadu,641045,India,Retail Home Loans,Disha Home Loan,2800000,2026-09-30,Muthu Krishnan,Coimbatore — RS Puram,Tamil Nadu Region,South Zone,Sanctioned,,,,AFLRET26000294,2026-09-05 10:52:00,No,Muthu Krishnan,2026-09-05 10:52:00,Business Owner,Self-Employed,4.8,Yes
1303,Abhijit,Roy,AFL-RET-001303,PQ Campaign,Grah Sajawat SEP26,CMP-2026-0040,2026-09-10 10:44:00,959530016,7195739555,,abhijit.roy40@yahoo.com,2003-04-08,,,Kolkata,Kolkata,West Bengal,700106,India,Loan Against Property,MLAP (Shakti),1300000,2026-11-09,Paromita Majumdar,Kolkata — Salt Lake,West Bengal Region,East Zone,New,,,,,2026-09-10 10:59:00,No,Paromita Majumdar,2026-09-10 10:59:00,Self-Employed Professional,Self-Employed,,No
1304,Kalyani,Shah,AFL-RET-001304,Website,Diwali Dhamaka NOV25,CMP-2025-0006,2025-11-17 10:05:00,,6860948546,9936880514,kalyani.shah68@hotmail.com,1996-01-24,NERPW1594Y,PAN_Kalyani_Shah.pdf,Mumbai,Mumbai Suburban,Maharashtra,400059,India,Retail Personal Loans,Diwali Special Loan,195000,2025-12-17,Bhavesh Patil,Mumbai — Andheri,Maharashtra Region,West Zone,Rejected,REJ-05,OGL — outside the geo location,,,2025-11-26 10:11:00,No,Bhavesh Patil,2025-11-26 10:11:00,Salaried — Private Sector,Salaried,,No
1305,Prakash,Jena,AFL-RET-001305,Landing page,Safar Travel MAR26,CMP-2026-0022,2026-03-04 17:23:00,869987058,7839763545,,prakash.jena@outlook.com,1988-02-14,,,Jorhat,Jorhat,Assam,785001,India,Gold & Secured Loans,Loan Against Securities,2800000,2026-05-03,UNALLOCATED,UNALLOCATED,UNALLOCATED,UNALLOCATED,New,,,,,2026-03-04 17:35:00,No,System,2026-03-04 17:35:00,Salaried — Private Sector,Salaried,,Yes
1306,Sandeep,Sethi,AFL-RET-001306,Landing page,Ghar Ka Sapna NOV25,CMP-2025-0008,2025-11-18 17:05:00,427758010,9743836389,,sandeep.sethi@gmail.com,1985-09-27,DJZPQ8182Z,PAN_Sandeep_Sethi.pdf,Jodhpur,Jodhpur,Rajasthan,342008,India,Retail Home Loans,Plot + Construction Loan,1500000,2026-01-17,Rohit Sharma,Jodhpur — Sardarpura,North India Region,North Zone,Disbursed,,,,AFLRET25000295,2025-12-05 16:22:00,No,Rohit Sharma,2025-12-05 16:22:00,Salaried — Government / PSU,Salaried,0.7,No
1307,Sunita,Singh,AFL-RET-001307,Social media,Safar Travel MAR26,CMP-2026-0022,2026-03-29 14:58:00,,6841369558,7653607597,sunita.singh@outlook.com,2003-08-03,,,Cuttack,Cuttack,Odisha,753008,India,Retail Personal Loans,Travel Loan,80000,2026-04-28,Prakash Saikia,Cuttack — Buxi Bazaar,East India Region,East Zone,Not interested,NI-04,Requirement postponed,,,2026-04-02 09:49:00,No,Prakash Saikia,2026-04-02 09:49:00,Salaried — MNC,Salaried,1.2,No
1308,Shalini,Chopra,AFL-RET-001308,Website,Shiksha Education AUG26,CMP-2026-0034,2026-08-27 17:00:00,,6129871822,9372240086,,1995-04-02,,,New Delhi,West Delhi,Delhi,110027,India,Business & MSME Loans,Machinery Purchase Loan,5500000,2026-10-26,Arjun Sethi,Delhi — Rajouri Garden,Delhi NCR Region,North Zone,Not interested,NI-03,Only enquiring — no current need,,,2026-09-01 11:18:00,No,Arjun Sethi,2026-09-01 11:18:00,Self-Employed Professional,Self-Employed,0.2,No
1309,Kiran,Shetty,AFL-RET-001309,Landing page,Safar Travel MAR26,CMP-2026-0022,2026-03-31 14:05:00,236190523,7428389988,9414001040,kiran.shetty@gmail.com,2000-07-12,DWQPC6228S,PAN_Kiran_Shetty.pdf,Bengaluru,Bengaluru Urban,Karnataka,560029,India,Retail Personal Loans,Travel Loan,75000,2026-04-30,Manoj Nair,Bengaluru — Koramangala,Karnataka Region,South Zone,Disbursed,,,,AFLRET26000296,2026-04-15 09:32:00,No,Manoj Nair,2026-04-15 09:32:00,Salaried — Government / PSU,Salaried,1.1,No
1310,Muthu,Sundaram,AFL-RET-001310,Social media,Diwali Dhamaka NOV25,CMP-2025-0006,2025-11-23 17:51:00,,8801427711,6544475879,muthu.sundaram@yahoo.com,1995-05-10,,,Chennai,Chennai,Tamil Nadu,600024,India,Vehicle & Consumer Loans,Two-Wheeler Loan,55000,2026-01-22,Hariharan Krishnan,Chennai — T Nagar,Tamil Nadu Region,South Zone,Rejected,REJ-09,Property title not clear,,,2025-12-04 11:10:00,No,Hariharan Krishnan,2025-12-04 11:10:00,Salaried — Private Sector,Salaried,,No
1311,Sailaja,Gupta,AFL-RET-001311,Website,Safar Travel OCT25,CMP-2025-0004,2025-10-19 12:51:00,112743627,6698608769,,sailaja.gupta62@gmail.com,1995-10-21,,,Visakhapatnam,Visakhapatnam,Andhra Pradesh,530020,India,Retail Personal Loans,Medical Emergency Loan,425000,2025-12-18,Chandra Naidu,Vizag — Dwaraka Nagar,Kerala & AP Region,South Zone,Not interested,NI-07,Tenure offered not suitable,,,2025-10-22 09:33:00,No,Chandra Naidu,2025-10-22 09:33:00,Salaried — Private Sector,Salaried,0.7,No
1312,Arun,Vaidyanathan,AFL-RET-001312,Landing page,Balance Transfer Bonanza JUN26,CMP-2026-0030,2026-06-30 19:37:00,,8930751956,6479715845,arun.vaidyanathan@gmail.com,1972-02-20,JFGPL8668T,PAN_Arun_Vaidyanathan.pdf,Chennai,Chennai,Tamil Nadu,600033,India,Loan Against Property,Lease Rental Discounting,12500000,2026-08-14,Hariharan Krishnan,Chennai — T Nagar,Tamil Nadu Region,South Zone,Not reachable,NR-03,No response after 3 attempts,,,2026-07-02 15:52:00,No,Hariharan Krishnan,2026-07-02 15:52:00,Self-Employed Professional,Self-Employed,3.8,Yes
1313,Naveen,Dua,AFL-RET-001313,Landing page,Vyapar Vriddhi MAR26,CMP-2026-0020,2026-03-31 15:18:00,,8790782090,,naveen.dua@rediffmail.com,1979-07-14,HEQPN7013H,PAN_Naveen_Dua.pdf,New Delhi,West Delhi,Delhi,110015,India,Business & MSME Loans,Working Capital Loan,7500000,2026-05-15,Nitin Mishra,Delhi — Rajouri Garden,Delhi NCR Region,North Zone,Login Initiated,,,,,2026-04-02 10:17:00,No,Nitin Mishra,2026-04-02 10:17:00,Self-Employed Non-Professional,Self-Employed,3,Yes
1314,Vignesh,Ganesan,AFL-RET-001314,Website,Shiksha Education JUN26,CMP-2026-0028,2026-06-29 17:05:00,,6562433437,,vignesh.ganesan71@gmail.com,2000-01-03,UEDPH1571G,PAN_Vignesh_Ganesan.pdf,Coimbatore,Coimbatore,Tamil Nadu,641018,India,Retail Personal Loans,Kushal Personal Loan,1100000,2026-08-28,Muthu Krishnan,Coimbatore — RS Puram,Tamil Nadu Region,South Zone,Rejected,REJ-01,Credit / bureau issue (CIBIL below cut-off),,,2026-07-02 10:42:00,No,Muthu Krishnan,2026-07-02 10:42:00,Salaried — MNC,Salaried,,No
1315,Paromita,Chatterjee,AFL-RET-001315,Landing page,Ghar Ka Sapna MAR26,CMP-2026-0019,2026-03-13 12:58:00,,9626209972,,paromita.chatterjee48@hotmail.com,1979-03-09,XSWPT4792E,PAN_Paromita_Chatterjee.pdf,Kolkata,Kolkata,West Bengal,700106,India,Retail Home Loans,Disha Home Loan,1000000,2026-04-27,Paromita Majumdar,Kolkata — Salt Lake,West Bengal Region,East Zone,Rejected,REJ-10,Technical valuation below expectation,,,2026-03-25 10:10:00,No,Paromita Majumdar,2026-03-25 10:10:00,Salaried — Private Sector,Salaried,,No
1316,Sumit,Goel,AFL-RET-001316,Landing page,Professional Edge AUG26,CMP-2026-0036,2026-08-19 15:12:00,506675422,7553737036,,sumit.goel20@hotmail.com,1967-11-21,SBFPW3600V,PAN_Sumit_Goel.pdf,New Delhi,South Delhi,Delhi,110019,India,Retail Home Loans,Home Loan Balance Transfer,4000000,2026-10-03,Rajat Chopra,Delhi — Saket,Delhi NCR Region,North Zone,Disbursed,,,,AFLRET26000297,2026-09-10 18:30:00,No,Rajat Chopra,2026-09-10 18:30:00,Retired / Pensioner,Salaried,0.2,No
1317,Nisha,Modi,AFL-RET-001317,Social media,Gold Utsav OCT25,CMP-2025-0003,2025-10-06 16:18:00,,8973310546,,nisha.modi@rediffmail.com,2004-11-14,XCFPK4168F,PAN_Nisha_Modi.pdf,Ahmedabad,Ahmedabad,Gujarat,380009,India,Retail Personal Loans,Medical Emergency Loan,650000,2025-11-05,Swapnil Vora,Ahmedabad — CG Road,Gujarat Region,West Zone,Not interested,NI-02,Already availed loan elsewhere,,,2025-10-10 17:36:00,No,Swapnil Vora,2025-10-10 17:36:00,Student,Salaried,0.2,No
1318,Chirag,Wagh,AFL-RET-001318,PQ Campaign,Shubh Vivah DEC25,CMP-2025-0011,2025-12-19 16:18:00,399898078,6158237517,,chirag.wagh@outlook.com,1973-10-13,,,Pune,Pune,Maharashtra,411016,India,Retail Personal Loans,Marriage Loan,900000,2026-02-17,Nikhil Deshmukh,Pune — Shivajinagar,Maharashtra Region,West Zone,Rejected,REJ-04,Negative / restricted profile,,,2025-12-21 09:09:00,No,Nikhil Deshmukh,2025-12-21 09:09:00,Salaried — Private Sector,Salaried,,No
1319,Kavita,Ahluwalia,AFL-RET-001319,Social media,Balance Transfer Bonanza JUN26,CMP-2026-0030,2026-06-22 11:37:00,,6824476564,,kavita.ahluwalia@outlook.com,1991-07-02,,,New Delhi,West Delhi,Delhi,110026,India,Gold & Secured Loans,Loan Against Securities,625000,2026-07-22,Nitin Mishra,Delhi — Rajouri Garden,Delhi NCR Region,North Zone,Rejected,REJ-11,Business vintage below minimum,,,2026-07-01 10:43:00,No,Nitin Mishra,2026-07-01 10:43:00,Salaried — MNC,Salaried,,No
1320,Subhankar,Roy,AFL-RET-001320,Social media,Diwali Dhamaka NOV25,CMP-2025-0006,2025-11-06 16:31:00,,7811279238,,subhankar.roy@hotmail.com,1980-10-16,UXBPM9507R,PAN_Subhankar_Roy.pdf,Kolkata,Kolkata,West Bengal,700102,India,Retail Personal Loans,Diwali Special Loan,55000,2025-12-21,Tanmoy Chakraborty,Kolkata — Salt Lake,West Bengal Region,East Zone,Not interested,NI-03,Only enquiring — no current need,,,2025-11-08 13:49:00,No,Tanmoy Chakraborty,2025-11-08 13:49:00,Salaried — MNC,Salaried,0.2,No
1321,Mrunal,Modi,AFL-RET-001321,Website,Swasthya Care JUL26,CMP-2026-0032,2026-07-15 10:23:00,,6938657275,8877806877,mrunal.modi@yahoo.com,1992-11-23,SDNPK4511P,PAN_Mrunal_Modi.pdf,Pune,Pune,Maharashtra,411027,India,Retail Home Loans,Disha Home Loan,8500000,2026-08-29,Sagar Vora,Pune — Wakad,Maharashtra Region,West Zone,Not interested,NI-03,Only enquiring — no current need,,,2026-07-17 09:41:00,No,Sagar Vora,2026-07-17 09:41:00,Salaried — MNC,Salaried,0.2,No
1322,Sandip,Guha,AFL-RET-001322,Social media,Shiksha Education MAY26,CMP-2026-0026,2026-05-15 13:58:00,101916405,7130131806,,sandip.guha@yahoo.com,1982-06-06,,,Kolkata,Kolkata,West Bengal,700071,India,Retail Personal Loans,Education Loan,125000,2026-07-14,Rajib Chatterjee,Kolkata — Park Street,West Bengal Region,East Zone,Not interested,NI-01,Rate of interest too high,,,2026-05-20 09:51:00,No,Rajib Chatterjee,2026-05-20 09:51:00,Salaried — Government / PSU,Salaried,0.2,No
1323,Sumit,Goel,AFL-RET-001323,PQ Campaign,Property Power JUN26,CMP-2026-0029,2026-06-03 20:05:00,176850238,9172642590,7898771116,sumit.goel94@rediffmail.com,1986-11-15,KNDPG1263Q,PAN_Sumit_Goel.pdf,Faridabad,Faridabad,Haryana,121003,India,Loan Against Property,Lease Rental Discounting,59000000,2026-07-18,Sumit Sinha,Faridabad — Sector 15,Delhi NCR Region,North Zone,Rejected,REJ-06,Documentation — unable to provide,,,2026-06-10 10:40:00,No,Sumit Sinha,2026-06-10 10:40:00,Business Owner,Self-Employed,,No
1324,Maya,Jacob,AFL-RET-001324,Website,Balance Transfer Bonanza JUN26,CMP-2026-0030,2026-06-18 11:18:00,609842589,8905145638,,,1986-12-21,,,Kochi,Ernakulam,Kerala,682024,India,Retail Personal Loans,Debt Consolidation Loan,400000,2026-08-17,Anjana Menon,Kochi — Kaloor,Kerala & AP Region,South Zone,Rejected,REJ-09,Property title not clear,,,2026-06-22 12:33:00,No,Anjana Menon,2026-06-22 12:33:00,Salaried — MNC,Salaried,,No
1325,Abhishek,Mohanty,AFL-RET-001325,Landing page,Property Power MAY26,CMP-2026-0027,2026-05-03 19:12:00,,7388368742,9464709976,abhishek.mohanty58@gmail.com,1970-06-17,HMZPV5091E,PAN_Abhishek_Mohanty.pdf,Ranchi,Ranchi,Jharkhand,834009,India,Retail Home Loans,Disha Home Loan,2800000,2026-07-02,Anita Bora,Ranchi — Main Road,East India Region,East Zone,Not reachable,NR-03,No response after 3 attempts,,,2026-05-06 11:23:00,No,Anita Bora,2026-05-06 11:23:00,Business Owner,Self-Employed,9.6,Yes
1326,Bhavani,Prasad,AFL-RET-001326,Landing page,Ghar Ka Sapna OCT25,CMP-2025-0002,2025-10-19 17:44:00,871894960,7149784911,,bhavani.prasad88@outlook.com,1983-07-08,FURPH9435Y,PAN_Bhavani_Prasad.pdf,Hyderabad,Rangareddy,Telangana,500084,India,Retail Home Loans,Home Purchase Loan,6500000,2025-11-18,Swapna Gupta,Hyderabad — Gachibowli,Telangana Region,South Zone,Disbursed,,,,AFLRET25000298,2025-11-18 10:37:00,No,Swapna Gupta,2025-11-18 10:37:00,Agriculturist,Self-Employed,8.4,Yes
1327,Suhas,Shetty,AFL-RET-001327,Social media,Property Power APR26,CMP-2026-0023,2026-04-09 13:58:00,242540993,8618630564,,suhas.shetty@gmail.com,1975-08-12,,,Bengaluru,Bengaluru Urban,Karnataka,560069,India,Loan Against Property,Lease Rental Discounting,92000000,2026-06-08,Vinay Jain,Bengaluru — Jayanagar,Karnataka Region,South Zone,Rejected,REJ-13,Others,,,2026-04-11 13:13:00,No,Vinay Jain,2026-04-11 13:13:00,Self-Employed Professional,Self-Employed,,No
1328,Pranav,Shinde,AFL-RET-001328,Website,Gold Utsav APR26,CMP-2026-0024,2026-04-02 11:18:00,858668618,9212983166,,pranav.shinde@gmail.com,2000-08-02,FJNPT9695W,PAN_Pranav_Shinde.pdf,Pune,Pune,Maharashtra,411001,India,Vehicle & Consumer Loans,Two-Wheeler Loan,40000,2026-05-17,Nikhil Deshmukh,Pune — Shivajinagar,Maharashtra Region,West Zone,Disbursed,,,,AFLRET26000299,2026-04-29 12:09:00,No,Nikhil Deshmukh,2026-04-29 12:09:00,Salaried — Government / PSU,Salaried,1.3,No
1329,Karan,Yadav,AFL-RET-001329,PQ Campaign,Safar Travel OCT25,CMP-2025-0004,2025-10-06 10:00:00,914804880,8625568963,,karan.yadav@outlook.com,1995-01-10,HAPPC8243E,PAN_Karan_Yadav.pdf,Kanpur,Kanpur Nagar,Uttar Pradesh,208001,India,Retail Personal Loans,Travel Loan,475000,2025-12-05,Nitin Bansal,Kanpur — Civil Lines,North India Region,North Zone,Sanctioned,,,,AFLRET25000300,2025-10-20 09:27:00,No,Nitin Bansal,2025-10-20 09:27:00,Salaried — MNC,Salaried,0.2,No
1330,Suhas,Udupa,AFL-RET-001330,Social media,Balance Transfer Bonanza JUL26,CMP-2026-0033,2026-07-15 14:31:00,,8514412213,8277933849,suhas.udupa@rediffmail.com,1974-01-18,,,Bengaluru,Bengaluru Urban,Karnataka,560095,India,Vehicle & Consumer Loans,Used Car Loan,250000,2026-08-29,Vinay Nair,Bengaluru — Koramangala,Karnataka Region,South Zone,Rejected,REJ-03,Policy restriction,,,2026-07-26 13:46:00,No,Vinay Nair,2026-07-26 13:46:00,Self-Employed Non-Professional,Self-Employed,,No
1331,Rushabh,Modi,AFL-RET-001331,Landing page,Ghar Ka Sapna NOV25,CMP-2025-0008,2025-11-09 16:18:00,,9514647731,,rushabh.modi@yahoo.com,1978-10-22,VYJPG4650Z,PAN_Rushabh_Modi.pdf,Mumbai,Mumbai Suburban,Maharashtra,400076,India,Retail Home Loans,Home Purchase Loan,4900000,2026-01-08,Aniket Modi,Mumbai — Powai,Maharashtra Region,West Zone,Sanctioned,,,,AFLRET25000301,2025-11-17 14:19:00,No,Aniket Modi,2025-11-17 14:19:00,Business Owner,Self-Employed,0.2,No
1332,Sangeeta,Kumar,AFL-RET-001332,Social media,Ghar Ka Sapna NOV25,CMP-2025-0008,2025-11-10 13:51:00,,6801385104,,sangeeta.kumar@outlook.com,1977-08-07,,,Ranchi,Ranchi,Jharkhand,834009,India,Retail Home Loans,Plot + Construction Loan,10000000,2025-12-10,Anita Bora,Ranchi — Main Road,East India Region,East Zone,Follow-up,,,2026-09-21,,2025-11-14 11:10:00,No,Anita Bora,2025-11-14 11:10:00,Self-Employed Non-Professional,Self-Employed,10.4,Yes
1333,Sneha,Ahluwalia,AFL-RET-001333,Social media,Swasthya Care AUG26,CMP-2026-0035,2026-08-30 18:31:00,,6227499695,,sneha.ahluwalia@hotmail.com,1982-08-16,,,New Delhi,West Delhi,Delhi,110063,India,Loan Against Property,Loan Against Property,2700000,2026-09-29,Nitin Mishra,Delhi — Rajouri Garden,Delhi NCR Region,North Zone,Follow-up,,,2026-09-14,,2026-09-02 18:58:00,No,Nitin Mishra,2026-09-02 18:58:00,Salaried — Government / PSU,Salaried,7.3,Yes
1334,Nilesh,Sawant,AFL-RET-001334,Social media,Gold Utsav APR26,CMP-2026-0024,2026-04-28 13:00:00,851077462,7243599706,,nilesh.sawant23@rediffmail.com,1987-10-21,BXYPA7928M,PAN_Nilesh_Sawant.pdf,Mumbai,Mumbai,Maharashtra,400005,India,Business & MSME Loans,MSME Growth Loan,1800000,2026-06-27,Rutuja Pawar,Mumbai — Fort,Maharashtra Region,West Zone,Rejected,REJ-12,GST / ITR not available,,,2026-05-11 11:26:00,No,Rutuja Pawar,2026-05-11 11:26:00,Self-Employed Professional,Self-Employed,,No
1335,Moumita,Bose,AFL-RET-001335,Landing page,Property Power JUN26,CMP-2026-0029,2026-06-04 20:44:00,225606954,7469686900,9719317935,moumita.bose84@yahoo.com,1979-10-10,,,Kolkata,Kolkata,West Bengal,700019,India,Loan Against Property,MLAP (Shakti),2200000,2026-08-03,Debolina Banerjee,Kolkata — Park Street,West Bengal Region,East Zone,Not interested,NI-02,Already availed loan elsewhere,,,2026-06-06 17:41:00,No,Debolina Banerjee,2026-06-06 17:41:00,Business Owner,Self-Employed,0.2,No
1336,Sneha,Sharma,AFL-RET-001336,Social media,Vyapar Vriddhi JAN26,CMP-2026-0013,2026-01-23 20:23:00,,8931918065,,sneha.sharma8@hotmail.com,1971-01-21,YUUPC2491A,PAN_Sneha_Sharma.pdf,Lucknow,Lucknow,Uttar Pradesh,226001,India,Loan Against Property,MLAP (Shakti),725000,2026-02-22,Tarun Tiwari,Lucknow — Hazratganj,North India Region,North Zone,Disbursed,,,,AFLRET26000302,2026-02-17 11:21:00,No,Tarun Tiwari,2026-02-17 11:21:00,Business Owner,Self-Employed,0.2,No
1337,Archana,Pradhan,AFL-RET-001337,Landing page,Property Power APR26,CMP-2026-0023,2026-04-09 09:58:00,,9611972605,,archana.pradhan@yahoo.com,1981-02-10,ZGZPZ8733V,PAN_Archana_Pradhan.pdf,Bhubaneswar,Khordha,Odisha,751007,India,Retail Home Loans,Disha Home Loan,950000,2026-05-24,Rakesh Deka,Bhubaneswar — Saheed Nagar,East India Region,East Zone,Login Initiated,,,,,2026-04-15 17:22:00,No,Rakesh Deka,2026-04-15 17:22:00,Self-Employed Non-Professional,Self-Employed,1.4,No
1338,Divya,Nair,AFL-RET-001338,Social media,Professional Edge FEB26,CMP-2026-0018,2026-02-04 09:51:00,,6366754680,,divya.nair@gmail.com,1988-12-17,QNTPE3671R,PAN_Divya_Nair.pdf,Bengaluru,Bengaluru Urban,Karnataka,560034,India,Retail Home Loans,Plot + Construction Loan,1000000,2026-04-05,Vinay Nair,Bengaluru — Koramangala,Karnataka Region,South Zone,Sanctioned,,,,AFLRET26000303,2026-02-20 11:14:00,No,Vinay Nair,2026-02-20 11:14:00,Salaried — MNC,Salaried,0.6,No
1339,Swati,Yadav,AFL-RET-001339,Landing page,Shiksha Education MAY26,CMP-2026-0026,2026-05-01 15:44:00,,7442892020,,swati.yadav@outlook.com,2005-08-15,SEXPW2718M,PAN_Swati_Yadav.pdf,New Delhi,West Delhi,Delhi,110058,India,Retail Home Loans,Disha Home Loan,550000,2026-06-30,Nitin Mishra,Delhi — Rajouri Garden,Delhi NCR Region,North Zone,Rejected,REJ-06,Documentation — unable to provide,,,2026-05-09 15:59:00,No,Nitin Mishra,2026-05-09 15:59:00,Student,Salaried,,No
1340,Anand,Nair,AFL-RET-001340,Social media,Swasthya Care SEP26,CMP-2026-0038,2026-09-05 20:23:00,,6285099881,,anand.nair@gmail.com,1998-12-07,USCPF1399K,PAN_Anand_Nair.pdf,Bengaluru,Bengaluru Urban,Karnataka,560071,India,Retail Personal Loans,Debt Consolidation Loan,250000,2026-11-04,Vinay Nair,Bengaluru — Koramangala,Karnataka Region,South Zone,Not interested,NI-03,Only enquiring — no current need,,,2026-09-07 11:43:00,No,Vinay Nair,2026-09-07 11:43:00,Salaried — Private Sector,Salaried,0.2,No
1341,Arun,Natarajan,AFL-RET-001341,Landing page,Ghar Ka Sapna OCT25,CMP-2025-0002,2025-10-20 10:44:00,,7624232809,,arun.natarajan@rediffmail.com,1973-10-27,,,Chennai,Chennai,Tamil Nadu,600018,India,Retail Home Loans,Home Purchase Loan,2600000,2025-12-04,Saravanan Rajan,Chennai — T Nagar,Tamil Nadu Region,South Zone,Rejected,REJ-02,Income below minimum,,,2025-10-26 11:21:00,No,Saravanan Rajan,2025-10-26 11:21:00,Homemaker,Self-Employed,,No
1342,Krupa,Jadhav,AFL-RET-001342,Social media,Professional Edge MAR26,CMP-2026-0021,2026-03-28 19:44:00,,7982885092,7769237286,,1995-12-11,,,Ahmedabad,Ahmedabad,Gujarat,380015,India,Professional Loans,CA / Professional Loan,700000,2026-04-27,Payal Vora,Ahmedabad — CG Road,Gujarat Region,West Zone,Not interested,NI-03,Only enquiring — no current need,,,2026-04-01 17:25:00,No,Payal Vora,2026-04-01 17:25:00,Self-Employed Professional,Self-Employed,0.2,No
1343,Rituparna,Chakraborty,AFL-RET-001343,PQ Campaign,Vyapar Vriddhi JAN26,CMP-2026-0013,2026-01-30 13:58:00,941984950,6408038803,,rituparna.chakraborty48@hotmail.com,1977-09-17,,,Kolkata,Kolkata,West Bengal,700091,India,Business & MSME Loans,Vyapar Business Loan,5500000,2026-03-16,Paromita Majumdar,Kolkata — Salt Lake,West Bengal Region,East Zone,Rejected,REJ-12,GST / ITR not available,,,2026-02-10 11:37:00,No,Paromita Majumdar,2026-02-10 11:37:00,Self-Employed Non-Professional,Self-Employed,,No
1344,Bhaskar,Raju,AFL-RET-001344,PQ Campaign,Swasthya Care JUL26,CMP-2026-0032,2026-07-14 13:31:00,333544012,8893097935,7407731677,bhaskar.raju@outlook.com,1985-05-13,PQKPN4033J,PAN_Bhaskar_Raju.pdf,Warangal,Warangal,Telangana,506007,India,Retail Home Loans,Disha Home Loan,4800000,2026-08-13,Aruna Reddy,Warangal — Hanamkonda,Telangana Region,South Zone,Login Initiated,,,,,2026-07-16 14:25:00,No,Aruna Reddy,2026-07-16 14:25:00,Salaried — Government / PSU,Salaried,2.9,Yes
1345,Arindam,Bose,AFL-RET-001345,Website,Balance Transfer Bonanza FEB26,CMP-2026-0017,2026-02-28 11:58:00,,9836881557,6851714219,arindam.bose17@gmail.com,1984-05-03,,,Kolkata,Kolkata,West Bengal,700105,India,Retail Personal Loans,Debt Consolidation Loan,300000,2026-04-29,Paromita Majumdar,Kolkata — Salt Lake,West Bengal Region,East Zone,Rejected,REJ-10,Technical valuation below expectation,,,2026-03-06 10:52:00,No,Paromita Majumdar,2026-03-06 10:52:00,Salaried — Government / PSU,Salaried,,No
1346,Krupa,Doshi,AFL-RET-001346,Social media,Diwali Dhamaka OCT25,CMP-2025-0001,2025-10-19 10:00:00,,7778447856,6390225897,krupa.doshi10@outlook.com,1991-08-15,BCJPK4504N,PAN_Krupa_Doshi.pdf,Pune,Pune,Maharashtra,411027,India,Retail Personal Loans,Diwali Special Loan,100000,2025-12-18,Sneha Parikh,Pune — Wakad,Maharashtra Region,West Zone,Sanctioned,,,,AFLRET25000304,2025-11-01 12:05:00,No,Sneha Parikh,2025-11-01 12:05:00,Self-Employed Professional,Self-Employed,5.1,Yes
1347,Bhavana,Reddy,AFL-RET-001347,PQ Campaign,Professional Edge AUG26,CMP-2026-0036,2026-08-09 14:18:00,979778473,8579025272,8227469110,bhavana.reddy@outlook.com,1985-01-27,HCXPX3405N,PAN_Bhavana_Reddy.pdf,Bengaluru,Bengaluru Urban,Karnataka,560095,India,Retail Home Loans,Disha Home Loan,2500000,2026-09-23,Manoj Nair,Bengaluru — Koramangala,Karnataka Region,South Zone,Not reachable,NR-02,Invalid / wrong number,,,2026-08-12 10:36:00,No,Manoj Nair,2026-08-12 10:36:00,Salaried — Government / PSU,Salaried,0.9,No
1348,Divya,Tiwari,AFL-RET-001348,PQ Campaign,Shiksha Education JUL26,CMP-2026-0031,2026-07-30 14:23:00,613707491,7492007462,,divya.tiwari38@gmail.com,1978-01-28,EXMPD8636X,PAN_Divya_Tiwari.pdf,Jaipur,Jaipur,Rajasthan,302001,India,Retail Personal Loans,Education Loan,950000,2026-09-28,Rajat Sethi,Jaipur — C Scheme,North India Region,North Zone,Sanctioned,,,,AFLRET26000305,2026-08-05 09:40:00,No,Rajat Sethi,2026-08-05 09:40:00,Salaried — MNC,Salaried,0.5,No
1349,Sasmita,Gogoi,AFL-RET-001349,Social media,Vyapar Vriddhi JAN26,CMP-2026-0013,2026-01-21 16:44:00,,7967297916,6338220923,sasmita.gogoi49@gmail.com,1994-05-06,UFXPJ4632B,PAN_Sasmita_Gogoi.pdf,Ranchi,Ranchi,Jharkhand,834002,India,Retail Home Loans,Disha Home Loan,6500000,2026-02-20,Anita Bora,Ranchi — Main Road,East India Region,East Zone,Follow-up,,,2026-09-17,,2026-01-24 11:14:00,No,Anita Bora,2026-01-24 11:14:00,Salaried — MNC,Salaried,0.2,No
1350,Divya,Sinha,AFL-RET-001350,Website,Property Power MAY26,CMP-2026-0027,2026-05-16 14:00:00,526880512,8188814422,,divya.sinha54@rediffmail.com,1963-07-21,ABEPH1776N,PAN_Divya_Sinha.pdf,Jodhpur,Jodhpur,Rajasthan,342005,India,Vehicle & Consumer Loans,Consumer Durable Loan,35000,2026-07-15,Rohit Sharma,Jodhpur — Sardarpura,North India Region,North Zone,Disbursed,,,,AFLRET26000306,2026-05-30 09:00:00,No,Rohit Sharma,2026-05-30 09:00:00,Retired / Pensioner,Salaried,0.2,No
1351,Kavya,Balaji,AFL-RET-001351,Website,Shiksha Education JUN26,CMP-2026-0028,2026-06-25 15:00:00,,7851932082,,kavya.balaji@yahoo.com,2003-12-06,DHUPS9589Z,PAN_Kavya_Balaji.pdf,Chennai,Chennai,Tamil Nadu,600033,India,Retail Personal Loans,Medical Emergency Loan,450000,2026-08-24,Saravanan Rajan,Chennai — T Nagar,Tamil Nadu Region,South Zone,Sanctioned,,,,AFLRET26000307,2026-07-06 17:18:00,No,Saravanan Rajan,2026-07-06 17:18:00,Salaried — Private Sector,Salaried,0.2,No
1352,Rushabh,Modi,AFL-RET-001352,Social media,Swasthya Care JUL26,CMP-2026-0032,2026-07-27 13:00:00,,9361734099,,rushabh.modi@yahoo.com,1963-07-18,MJDPH6386Y,PAN_Rushabh_Modi.pdf,Mumbai,Mumbai Suburban,Maharashtra,400061,India,Loan Against Property,Loan Against Property,5500000,2026-09-10,Bhavesh Patil,Mumbai — Andheri,Maharashtra Region,West Zone,Follow-up,,,2026-09-17,,2026-07-30 11:35:00,No,Bhavesh Patil,2026-07-30 11:35:00,Retired / Pensioner,Salaried,5.5,Yes
1353,Sourav,Guha,AFL-RET-001353,Landing page,Diwali Dhamaka OCT25,CMP-2025-0001,2025-10-28 18:00:00,,9435657082,,sourav.guha@yahoo.com,1999-04-24,MGJPJ9235N,PAN_Sourav_Guha.pdf,Kolkata,Kolkata,West Bengal,700105,India,Retail Personal Loans,Diwali Special Loan,80000,2025-12-27,Paromita Majumdar,Kolkata — Salt Lake,West Bengal Region,East Zone,Rejected,REJ-05,OGL — outside the geo location,,,2025-10-30 13:15:00,No,Paromita Majumdar,2025-10-30 13:15:00,Salaried — Private Sector,Salaried,,No
1354,Manish,Jain,AFL-RET-001354,Landing page,Shubh Vivah NOV25,CMP-2025-0007,2025-11-01 10:37:00,,6640483740,,manish.jain@outlook.com,1992-11-19,MTUPG1506R,PAN_Manish_Jain.pdf,Lucknow,Lucknow,Uttar Pradesh,226003,India,Business & MSME Loans,Machinery Purchase Loan,6000000,2025-12-16,Tarun Tiwari,Lucknow — Hazratganj,North India Region,North Zone,Disbursed,,,,AFLRET25000308,2025-11-17 11:43:00,No,Tarun Tiwari,2025-11-17 11:43:00,Self-Employed Professional,Self-Employed,0.2,No
1355,Krupa,Parikh,AFL-RET-001355,Landing page,Property Power APR26,CMP-2026-0023,2026-04-12 11:12:00,452972255,8254177047,,krupa.parikh37@gmail.com,1988-01-12,,,Mumbai,Mumbai Suburban,Maharashtra,400051,India,Gold & Secured Loans,Loan Against Securities,2700000,2026-05-27,Jayesh Chavan,Mumbai — Bandra,Maharashtra Region,West Zone,Rejected,REJ-03,Policy restriction,,,2026-04-18 11:03:00,No,Jayesh Chavan,2026-04-18 11:03:00,Business Owner,Self-Employed,,No
1356,Amit,Bansal,AFL-RET-001356,Website,Shubh Vivah DEC25,CMP-2025-0011,2025-12-23 09:05:00,410377732,7262377673,,amit.bansal@gmail.com,1975-05-08,,,New Delhi,South Delhi,Delhi,110048,India,Loan Against Property,Loan Against Property,44000000,2026-02-21,Rajat Chopra,Delhi — Saket,Delhi NCR Region,North Zone,Rejected,REJ-11,Business vintage below minimum,,,2025-12-27 14:20:00,No,Rajat Chopra,2025-12-27 14:20:00,Salaried — Government / PSU,Salaried,,No
1357,Isha,Singh,AFL-RET-001357,Website,Shubh Vivah JAN26,CMP-2026-0012,2026-01-26 12:51:00,,6523550825,,isha.singh35@gmail.com,1979-09-22,,,Ludhiana,Ludhiana,Punjab,141008,India,Gold & Secured Loans,Gold Loan,725000,2026-03-12,Swati Saxena,Ludhiana — Mall Road,North India Region,North Zone,Not reachable,NR-02,Invalid / wrong number,,,2026-01-27 18:15:00,No,Swati Saxena,2026-01-27 18:15:00,Self-Employed Non-Professional,Self-Employed,0.4,No
1358,Jayesh,Shinde,AFL-RET-001358,Landing page,Safar Travel MAR26,CMP-2026-0022,2026-03-17 12:18:00,,8316651572,7130796668,jayesh.shinde@hotmail.com,1972-12-22,,,Mumbai,Mumbai Suburban,Maharashtra,400061,India,Retail Personal Loans,Travel Loan,105000,2026-04-16,Bhavesh Patil,Mumbai — Andheri,Maharashtra Region,West Zone,Rejected,REJ-09,Property title not clear,,,2026-03-26 09:15:00,No,Bhavesh Patil,2026-03-26 09:15:00,Salaried — MNC,Salaried,,No
1359,Kishore,Rao,AFL-RET-001359,Social media,Shubh Vivah JAN26,CMP-2026-0012,2026-01-31 14:58:00,,6966187546,9887127142,kishore.rao61@gmail.com,1962-09-11,,,Anantapur,Anantapur,Andhra Pradesh,515001,India,Retail Personal Loans,Marriage Loan,275000,2026-03-02,UNALLOCATED,UNALLOCATED,UNALLOCATED,UNALLOCATED,New,,,,,2026-01-31 15:10:00,No,System,2026-01-31 15:10:00,Retired / Pensioner,Salaried,,Yes
1360,Rohit,Jain,AFL-RET-001360,Website,Grah Sajawat NOV25,CMP-2025-0010,2025-11-14 12:51:00,,8603223960,,rohit.jain@rediffmail.com,1980-12-07,AGBPU9944N,PAN_Rohit_Jain.pdf,Gurugram,Gurugram,Haryana,122018,India,Business & MSME Loans,Machinery Purchase Loan,7000000,2025-12-14,Aarav Khanna,Gurugram — Cyber City,Delhi NCR Region,North Zone,Rejected,REJ-11,Business vintage below minimum,,,2025-11-17 09:06:00,No,Aarav Khanna,2025-11-17 09:06:00,Self-Employed Professional,Self-Employed,,No
1361,Bhakti,Modi,AFL-RET-001361,Landing page,Shiksha Education JUN26,CMP-2026-0028,2026-06-19 09:58:00,847847811,6724361022,,bhakti.modi@hotmail.com,1994-09-02,,,Ahmedabad,Ahmedabad,Gujarat,380058,India,Retail Personal Loans,Education Loan,300000,2026-07-19,Parth Joshi,Ahmedabad — Satellite,Gujarat Region,West Zone,Rejected,REJ-13,Others,,,2026-06-24 10:38:00,No,Parth Joshi,2026-06-24 10:38:00,Salaried — Government / PSU,Salaried,,No
1362,Isha,Bhatia,AFL-RET-001362,Landing page,Diwali Dhamaka NOV25,CMP-2025-0006,2025-11-07 17:51:00,,8591819599,,,1996-12-21,,,Gurugram,Gurugram,Haryana,122009,India,Vehicle & Consumer Loans,Two-Wheeler Loan,105000,2025-12-07,Aarav Khanna,Gurugram — Cyber City,Delhi NCR Region,North Zone,Rejected,REJ-01,Credit / bureau issue (CIBIL below cut-off),,,2025-11-19 09:52:00,No,Aarav Khanna,2025-11-19 09:52:00,Business Owner,Self-Employed,,No
1363,Deepak,Tiwari,AFL-RET-001363,PQ Campaign,Safar Travel APR26,CMP-2026-0025,2026-04-02 20:44:00,940935343,9190204821,9955407952,deepak.tiwari@outlook.com,2001-08-18,,,Jaipur,Jaipur,Rajasthan,302020,India,Retail Personal Loans,Travel Loan,130000,2026-06-01,Rajat Sethi,Jaipur — C Scheme,North India Region,North Zone,Rejected,REJ-02,Income below minimum,,,2026-04-08 11:23:00,No,Rajat Sethi,2026-04-08 11:23:00,Salaried — Private Sector,Salaried,,No
1364,Pallavi,Kamath,AFL-RET-001364,Social media,Shubh Vivah DEC25,CMP-2025-0011,2025-12-15 19:51:00,792501978,9576958558,9457543388,pallavi.kamath25@yahoo.com,2003-04-01,,,Bengaluru,Bengaluru Urban,Karnataka,560048,India,Retail Personal Loans,Kushal Personal Loan,475000,2026-01-29,Kiran Udupa,Bengaluru — Whitefield,Karnataka Region,South Zone,Rejected,REJ-05,OGL — outside the geo location,,,2025-12-21 16:06:00,No,Kiran Udupa,2025-12-21 16:06:00,Student,Salaried,,No
1365,Ramesh,Kumaraswamy,AFL-RET-001365,Landing page,Shubh Vivah JAN26,CMP-2026-0012,2026-01-06 16:37:00,,9692674041,9851027436,ramesh.kumaraswamy91@rediffmail.com,1974-08-08,CENPG5680B,PAN_Ramesh_Kumaraswamy.pdf,Coimbatore,Coimbatore,Tamil Nadu,641012,India,Retail Personal Loans,Marriage Loan,425000,2026-02-20,Muthu Krishnan,Coimbatore — RS Puram,Tamil Nadu Region,South Zone,Disbursed,,,,AFLRET26000309,2026-01-27 11:54:00,No,Muthu Krishnan,2026-01-27 11:54:00,Salaried — Private Sector,Salaried,1.8,No
1366,Arindam,Sen,AFL-RET-001366,Website,Property Power MAY26,CMP-2026-0027,2026-05-01 09:37:00,,6843444401,,arindam.sen38@gmail.com,1987-10-25,PPGPA5228V,PAN_Arindam_Sen.pdf,Howrah,Howrah,West Bengal,711102,India,Retail Personal Loans,Debt Consolidation Loan,1300000,2026-05-31,Ananya Das,Howrah — Shibpur,West Bengal Region,East Zone,Rejected,REJ-13,Others,,,2026-05-04 09:56:00,No,Ananya Das,2026-05-04 09:56:00,Salaried — MNC,Salaried,,No
1367,Tanmoy,Bhattacharya,AFL-RET-001367,Website,Vyapar Vriddhi MAR26,CMP-2026-0020,2026-03-19 19:44:00,262941023,8899557618,,tanmoy.bhattacharya51@hotmail.com,1974-01-22,AKJPS2585E,PAN_Tanmoy_Bhattacharya.pdf,Siliguri,Darjeeling,West Bengal,734005,India,Vehicle & Consumer Loans,Used Car Loan,350000,2026-04-18,Srabani Chatterjee,Siliguri — Sevoke Road,West Bengal Region,East Zone,Disbursed,,,,AFLRET26000310,2026-04-11 17:49:00,No,Srabani Chatterjee,2026-04-11 17:49:00,Salaried — MNC,Salaried,0.2,No
1368,Archana,Das,AFL-RET-001368,PQ Campaign,Ghar Ka Sapna MAR26,CMP-2026-0019,2026-03-18 15:31:00,552579715,7552018168,,archana.das40@rediffmail.com,1972-02-24,VZQPK9087U,PAN_Archana_Das.pdf,Patna,Patna,Bihar,800023,India,Retail Personal Loans,Kushal Personal Loan,325000,2026-04-17,Sanjay Singh,Patna — Boring Road,East India Region,East Zone,Rejected,REJ-05,OGL — outside the geo location,,,2026-03-21 11:49:00,No,Sanjay Singh,2026-03-21 11:49:00,Salaried — Private Sector,Salaried,,No
1369,Alok,Panda,AFL-RET-001369,Social media,Shiksha Education MAY26,CMP-2026-0026,2026-05-14 09:12:00,,8616940724,8787111574,,1981-06-21,TSCPV9071H,PAN_Alok_Panda.pdf,Ranchi,Ranchi,Jharkhand,834002,India,Business & MSME Loans,Machinery Purchase Loan,1200000,2026-06-28,Anita Bora,Ranchi — Main Road,East India Region,East Zone,Disbursed,,,,AFLRET26000311,2026-06-11 10:43:00,No,Anita Bora,2026-06-11 10:43:00,Homemaker,Self-Employed,0.6,No
1370,Rajitha,Kumar,AFL-RET-001370,Social media,Balance Transfer Bonanza FEB26,CMP-2026-0017,2026-02-08 12:37:00,489092267,7623018040,,rajitha.kumar66@yahoo.com,1972-09-19,,,Hyderabad,Rangareddy,Telangana,500084,India,Retail Personal Loans,Debt Consolidation Loan,1100000,2026-03-10,Swapna Gupta,Hyderabad — Gachibowli,Telangana Region,South Zone,Not interested,NI-06,Family / spouse declined,,,2026-02-11 11:30:00,No,Swapna Gupta,2026-02-11 11:30:00,Salaried — MNC,Salaried,0.4,No
1371,Trupti,Vora,AFL-RET-001371,Social media,Shiksha Education JUL26,CMP-2026-0031,2026-07-13 12:12:00,,8478102142,,trupti.vora@gmail.com,1978-10-15,,,Mumbai,Mumbai Suburban,Maharashtra,400076,India,Retail Personal Loans,Education Loan,1200000,2026-09-11,Aniket Modi,Mumbai — Powai,Maharashtra Region,West Zone,Not interested,NI-03,Only enquiring — no current need,,,2026-07-14 15:30:00,No,Aniket Modi,2026-07-14 15:30:00,Self-Employed Professional,Self-Employed,0.2,No
1372,Chirag,Pawar,AFL-RET-001372,Website,Shiksha Education JUN26,CMP-2026-0028,2026-06-02 17:31:00,,9176162719,,chirag.pawar@outlook.com,1975-09-15,XJRPL5568Y,PAN_Chirag_Pawar.pdf,Mumbai,Mumbai Suburban,Maharashtra,400069,India,Loan Against Property,Lease Rental Discounting,5000000,2026-07-17,Bhavesh Patil,Mumbai — Andheri,Maharashtra Region,West Zone,Disbursed,,,,AFLRET26000312,2026-06-23 11:38:00,No,Bhavesh Patil,2026-06-23 11:38:00,Business Owner,Self-Employed,0.2,No
1373,Reshma,Namboothiri,AFL-RET-001373,Social media,Shiksha Education JUN26,CMP-2026-0028,2026-06-10 18:31:00,,8932784894,,reshma.namboothiri96@hotmail.com,1997-07-21,BFGPD4689C,PAN_Reshma_Namboothiri.pdf,Kochi,Ernakulam,Kerala,682036,India,Retail Personal Loans,Kushal Personal Loan,1600000,2026-07-10,Anjana Menon,Kochi — Kaloor,Kerala & AP Region,South Zone,Disbursed,,,,AFLRET26000313,2026-07-14 11:35:00,No,Anjana Menon,2026-07-14 11:35:00,Salaried — Private Sector,Salaried,0.2,No
1374,Chirag,Gaikwad,AFL-RET-001374,Website,Ghar Ka Sapna NOV25,CMP-2025-0008,2025-11-25 09:23:00,,7707838461,,chirag.gaikwad@gmail.com,1999-08-03,MUPPS5438T,PAN_Chirag_Gaikwad.pdf,Pune,Pune,Maharashtra,411005,India,Retail Home Loans,Home Purchase Loan,13500000,2026-01-24,Nikhil Deshmukh,Pune — Shivajinagar,Maharashtra Region,West Zone,Disbursed,,,,AFLRET25000314,2025-12-21 10:06:00,No,Nikhil Deshmukh,2025-12-21 10:06:00,Salaried — MNC,Salaried,0.3,No
1375,Bhaskar,Murthy,AFL-RET-001375,Social media,Balance Transfer Bonanza JUL26,CMP-2026-0033,2026-07-22 20:12:00,472930318,9723611493,,bhaskar.murthy@yahoo.com,1981-11-26,XTRPN2216H,PAN_Bhaskar_Murthy.pdf,Warangal,Warangal,Telangana,506009,India,Gold & Secured Loans,Loan Against Securities,1100000,2026-09-20,Aruna Reddy,Warangal — Hanamkonda,Telangana Region,South Zone,Not interested,NI-01,Rate of interest too high,,,2026-07-25 10:00:00,No,Aruna Reddy,2026-07-25 10:00:00,Salaried — Government / PSU,Salaried,0.2,No
1376,Satish,Raju,AFL-RET-001376,PQ Campaign,Safar Travel APR26,CMP-2026-0025,2026-04-17 17:12:00,622492953,8542148967,,satish.raju72@yahoo.com,1988-12-09,,,Hyderabad,Hyderabad,Telangana,500073,India,Retail Personal Loans,Travel Loan,500000,2026-06-16,Rajitha Reddy,Hyderabad — Banjara Hills,Telangana Region,South Zone,Rejected,REJ-10,Technical valuation below expectation,,,2026-04-28 09:07:00,No,Rajitha Reddy,2026-04-28 09:07:00,Salaried — MNC,Salaried,,No
1377,Mihir,Jadhav,AFL-RET-001377,Landing page,Swasthya Care AUG26,CMP-2026-0035,2026-08-08 17:44:00,897986344,6787723731,,,1976-01-11,NXEPX5704U,PAN_Mihir_Jadhav.pdf,Pune,Pune,Maharashtra,411004,India,Loan Against Property,MLAP (Shakti),2500000,2026-09-22,Parth Parikh,Pune — Shivajinagar,Maharashtra Region,West Zone,Not interested,NI-07,Tenure offered not suitable,,,2026-08-12 11:43:00,No,Parth Parikh,2026-08-12 11:43:00,Self-Employed Professional,Self-Employed,5.9,Yes
1378,Rahul,Menon,AFL-RET-001378,Social media,Ghar Ka Sapna MAR26,CMP-2026-0019,2026-03-13 19:12:00,,7908291056,,rahul.menon@gmail.com,1989-03-27,FGAPN2493S,PAN_Rahul_Menon.pdf,Kochi,Ernakulam,Kerala,682036,India,Vehicle & Consumer Loans,Used Car Loan,600000,2026-05-12,Anjana Menon,Kochi — Kaloor,Kerala & AP Region,South Zone,Not interested,NI-07,Tenure offered not suitable,,,2026-03-17 09:33:00,No,Anjana Menon,2026-03-17 09:33:00,Salaried — Government / PSU,Salaried,0.2,No
1379,Puja,Saikia,AFL-RET-001379,PQ Campaign,Shiksha Education JUL26,CMP-2026-0031,2026-07-17 11:00:00,522990348,6463098407,,puja.saikia@rediffmail.com,2002-04-12,FVMPX6723Q,PAN_Puja_Saikia.pdf,Bhubaneswar,Khordha,Odisha,751007,India,Retail Personal Loans,Education Loan,1300000,2026-09-15,Rakesh Deka,Bhubaneswar — Saheed Nagar,East India Region,East Zone,Follow-up,,,2026-09-10,,2026-07-20 09:38:00,No,Rakesh Deka,2026-07-20 09:38:00,Salaried — MNC,Salaried,0.2,No
1380,Anoop,Nair,AFL-RET-001380,Landing page,Swasthya Care AUG26,CMP-2026-0035,2026-08-06 10:37:00,,9587782635,,anoop.nair62@rediffmail.com,1971-09-18,BLEPS5198X,PAN_Anoop_Nair.pdf,Kochi,Ernakulam,Kerala,682036,India,Retail Personal Loans,Kushal Personal Loan,125000,2026-09-20,Anjana Menon,Kochi — Kaloor,Kerala & AP Region,South Zone,Disbursed,,,,AFLRET26000315,2026-09-09 11:43:00,No,Anjana Menon,2026-09-09 11:43:00,Salaried — Government / PSU,Salaried,3.7,Yes
1381,Harsha,Kamath,AFL-RET-001381,Landing page,Ghar Ka Sapna OCT25,CMP-2025-0002,2025-10-23 09:44:00,,7415711923,,harsha.kamath@gmail.com,1999-06-06,,,Bengaluru,Bengaluru Urban,Karnataka,560029,India,Retail Home Loans,Home Loan Balance Transfer,10000000,2025-12-22,Manoj Nair,Bengaluru — Koramangala,Karnataka Region,South Zone,Not interested,NI-02,Already availed loan elsewhere,,,2025-10-25 09:28:00,No,Manoj Nair,2025-10-25 09:28:00,Salaried — Government / PSU,Salaried,6.7,Yes
1382,Aarav,Jain,AFL-RET-001382,Social media,Balance Transfer Bonanza JUL26,CMP-2026-0033,2026-07-16 14:12:00,127433823,7548720486,,aarav.jain@gmail.com,1990-05-19,JBAPY1981S,PAN_Aarav_Jain.pdf,Ludhiana,Ludhiana,Punjab,141010,India,Retail Home Loans,Disha Home Loan,3800000,2026-09-14,Swati Saxena,Ludhiana — Mall Road,North India Region,North Zone,Disbursed,,,,AFLRET26000316,2026-08-06 09:36:00,No,Swati Saxena,2026-08-06 09:36:00,Self-Employed Non-Professional,Self-Employed,0.2,No
1383,Sowmya,Gowda,AFL-RET-001383,PQ Campaign,Professional Edge MAR26,CMP-2026-0021,2026-03-16 10:44:00,534105038,9975057545,,sowmya.gowda@yahoo.com,1972-05-18,KGNPU3869P,PAN_Sowmya_Gowda.pdf,Bengaluru,Bengaluru Urban,Karnataka,560103,India,Retail Home Loans,Home Loan Balance Transfer,12500000,2026-04-30,Deepa Iyengar,Bengaluru — Whitefield,Karnataka Region,South Zone,Rejected,REJ-13,Others,,,2026-03-24 09:20:00,No,Deepa Iyengar,2026-03-24 09:20:00,Business Owner,Self-Employed,,No
1384,Nikhil,Vora,AFL-RET-001384,Website,Professional Edge FEB26,CMP-2026-0018,2026-02-18 16:12:00,612309838,7857763254,,nikhil.vora@gmail.com,1988-05-16,,,Ahmedabad,Ahmedabad,Gujarat,380001,India,Professional Loans,CA / Professional Loan,400000,2026-03-20,Payal Vora,Ahmedabad — CG Road,Gujarat Region,West Zone,Not reachable,NR-03,No response after 3 attempts,,,2026-02-21 10:53:00,No,Payal Vora,2026-02-21 10:53:00,Self-Employed Non-Professional,Self-Employed,0.2,No
1385,Aditi,Parikh,AFL-RET-001385,Website,Ghar Ka Sapna MAR26,CMP-2026-0019,2026-03-15 17:12:00,540688859,9723062785,,aditi.parikh10@gmail.com,2003-11-28,,,Mumbai,Mumbai Suburban,Maharashtra,400072,India,Retail Home Loans,Home Loan Balance Transfer,21000000,2026-05-14,Aniket Modi,Mumbai — Powai,Maharashtra Region,West Zone,Not reachable,NR-01,Number switched off / unreachable,,,2026-03-18 14:30:00,No,Aniket Modi,2026-03-18 14:30:00,Self-Employed Professional,Self-Employed,0.2,No
1386,Rahul,Chauhan,AFL-RET-001386,Website,Ghar Ka Sapna MAR26,CMP-2026-0019,2026-03-17 17:31:00,752287537,9474573719,,rahul.chauhan@gmail.com,1995-04-08,ADLPF9333T,PAN_Rahul_Chauhan.pdf,Jodhpur,Jodhpur,Rajasthan,342011,India,Loan Against Property,Lease Rental Discounting,39000000,2026-05-16,Rohit Sharma,Jodhpur — Sardarpura,North India Region,North Zone,Disbursed,,,,AFLRET26000317,2026-04-18 10:37:00,No,Rohit Sharma,2026-04-18 10:37:00,Business Owner,Self-Employed,0.2,No
1387,Suresh,Chandrasekar,AFL-RET-001387,Website,Grah Sajawat NOV25,CMP-2025-0010,2025-11-12 10:18:00,,8191848951,7346938742,suresh.chandrasekar@gmail.com,1969-12-14,UTUPK4017X,PAN_Suresh_Chandrasekar.pdf,Chennai,Chennai,Tamil Nadu,600020,India,Retail Personal Loans,Home Renovation Loan,105000,2026-01-11,Suresh Raman,Chennai — Adyar,Tamil Nadu Region,South Zone,Rejected,REJ-09,Property title not clear,,,2025-11-21 10:41:00,No,Suresh Raman,2025-11-21 10:41:00,Business Owner,Self-Employed,,No
1388,Ankit,Sethi,AFL-RET-001388,Social media,Balance Transfer Bonanza JUL26,CMP-2026-0033,2026-07-05 16:12:00,,9697088799,,ankit.sethi61@hotmail.com,1973-01-05,ASVPT5803A,PAN_Ankit_Sethi.pdf,Amritsar,Amritsar,Punjab,143005,India,Retail Personal Loans,Debt Consolidation Loan,950000,2026-08-19,Rahul Malhotra,Amritsar — Lawrence Road,North India Region,North Zone,Login Initiated,,,,,2026-07-13 11:40:00,No,Rahul Malhotra,2026-07-13 11:40:00,Salaried — Government / PSU,Salaried,3.2,Yes
1389,Padmaja,Chowdary,AFL-RET-001389,Website,Shubh Vivah JAN26,CMP-2026-0012,2026-01-27 19:05:00,,6932511437,,padmaja.chowdary@outlook.com,1987-04-19,QTLPG2942V,PAN_Padmaja_Chowdary.pdf,Vijayawada,Krishna,Andhra Pradesh,520001,India,Retail Personal Loans,Medical Emergency Loan,200000,2026-03-13,Sirisha Chowdary,Vijayawada — MG Road,Kerala & AP Region,South Zone,Rejected,REJ-02,Income below minimum,,,2026-01-31 09:19:00,No,Sirisha Chowdary,2026-01-31 09:19:00,Salaried — Government / PSU,Salaried,,No
1390,Suhas,Rao,AFL-RET-001390,Website,Shiksha Education JUN26,CMP-2026-0028,2026-06-29 11:05:00,,7208747421,,suhas.rao@hotmail.com,1956-06-15,,,Bengaluru,Bengaluru Urban,Karnataka,560066,India,Retail Personal Loans,Medical Emergency Loan,150000,2026-08-13,Kiran Udupa,Bengaluru — Whitefield,Karnataka Region,South Zone,Not interested,NI-06,Family / spouse declined,,,2026-07-04 11:30:00,No,Kiran Udupa,2026-07-04 11:30:00,Retired / Pensioner,Salaried,1.1,No
1391,Pankaj,Yadav,AFL-RET-001391,Social media,Vyapar Vriddhi MAR26,CMP-2026-0020,2026-03-26 20:58:00,,9913890366,,pankaj.yadav@rediffmail.com,1987-09-12,SASPM7379J,PAN_Pankaj_Yadav.pdf,Amritsar,Amritsar,Punjab,143001,India,Business & MSME Loans,Vyapar Business Loan,575000,2026-05-10,Rahul Malhotra,Amritsar — Lawrence Road,North India Region,North Zone,Login Initiated,,,,,2026-03-30 09:02:00,No,Rahul Malhotra,2026-03-30 09:02:00,Self-Employed Non-Professional,Self-Employed,0.2,No
1392,Nandhini,Mahadevan,AFL-RET-001392,Social media,Swasthya Care AUG26,CMP-2026-0035,2026-08-01 20:23:00,,9665165953,8358502359,nandhini.mahadevan@gmail.com,1974-12-22,FAHPH5860W,PAN_Nandhini_Mahadevan.pdf,Chennai,Chennai,Tamil Nadu,600024,India,Retail Home Loans,Disha Home Loan,3900000,2026-09-30,Hariharan Krishnan,Chennai — T Nagar,Tamil Nadu Region,South Zone,Not interested,NI-02,Already availed loan elsewhere,,,2026-08-06 11:54:00,No,Hariharan Krishnan,2026-08-06 11:54:00,Salaried — Government / PSU,Salaried,0.2,No
1393,Rutuja,Sawant,AFL-RET-001393,Landing page,Shiksha Education AUG26,CMP-2026-0034,2026-08-31 14:05:00,,7454078029,9675240463,,1975-12-01,PHLPJ2717M,PAN_Rutuja_Sawant.pdf,Ahmedabad,Ahmedabad,Gujarat,380058,India,Retail Personal Loans,Education Loan,1200000,2026-10-15,Parth Joshi,Ahmedabad — Satellite,Gujarat Region,West Zone,Not interested,NI-07,Tenure offered not suitable,,,2026-09-03 09:24:00,No,Parth Joshi,2026-09-03 09:24:00,Salaried — Private Sector,Salaried,1,No
1394,Manish,Kapoor,AFL-RET-001394,Social media,Vyapar Vriddhi FEB26,CMP-2026-0016,2026-02-03 20:44:00,,6787297302,,manish.kapoor71@yahoo.com,1986-12-20,,,Kanpur,Kanpur Nagar,Uttar Pradesh,208004,India,Business & MSME Loans,Working Capital Loan,7000000,2026-03-20,Nitin Bansal,Kanpur — Civil Lines,North India Region,North Zone,Not reachable,NR-03,No response after 3 attempts,,,2026-02-06 16:41:00,No,Nitin Bansal,2026-02-06 16:41:00,Self-Employed Non-Professional,Self-Employed,0.4,No
1395,Ketan,Shinde,AFL-RET-001395,Website,Ghar Ka Sapna NOV25,CMP-2025-0008,2025-11-05 16:37:00,,7637303019,,ketan.shinde26@rediffmail.com,1978-07-28,BBQPT8416M,PAN_Ketan_Shinde.pdf,Nagpur,Nagpur,Maharashtra,440015,India,Retail Home Loans,Home Purchase Loan,2900000,2025-12-05,Hardik Patel,Nagpur — Dharampeth,Maharashtra Region,West Zone,Login Initiated,,,,,2025-11-11 18:40:00,No,Hardik Patel,2025-11-11 18:40:00,Agriculturist,Self-Employed,4.1,Yes
1396,Girish,Bhat,AFL-RET-001396,Website,Balance Transfer Bonanza JUN26,CMP-2026-0030,2026-06-08 09:12:00,,7705137817,,girish.bhat@rediffmail.com,1978-08-26,,,Bengaluru,Bengaluru Urban,Karnataka,560011,India,Retail Home Loans,Disha Home Loan,4500000,2026-07-08,Nandini Rao,Bengaluru — Jayanagar,Karnataka Region,South Zone,Rejected,REJ-07,Existing obligations too high (FOIR),,,2026-06-10 11:59:00,No,Nandini Rao,2026-06-10 11:59:00,Business Owner,Self-Employed,,No
1397,Mahesh,Babu,AFL-RET-001397,Website,Gold Utsav NOV25,CMP-2025-0009,2025-11-30 17:05:00,,7301127956,,mahesh.babu86@outlook.com,1978-05-11,NZFPP7536F,PAN_Mahesh_Babu.pdf,Hyderabad,Rangareddy,Telangana,500019,India,Gold & Secured Loans,Gold Loan,195000,2026-01-29,Mahesh Varma,Hyderabad — Gachibowli,Telangana Region,South Zone,Disbursed,,,,AFLRET25000318,2025-12-28 09:40:00,No,Mahesh Varma,2025-12-28 09:40:00,Business Owner,Self-Employed,4.4,Yes
1398,Saravanan,Chandrasekar,AFL-RET-001398,Website,Safar Travel APR26,CMP-2026-0025,2026-04-17 14:12:00,710680707,6268163545,,saravanan.chandrasekar@hotmail.com,1978-05-07,ZHBPP3322J,PAN_Saravanan_Chandrasekar.pdf,Chennai,Chennai,Tamil Nadu,600041,India,Retail Home Loans,Disha Home Loan,3800000,2026-06-01,Gokul Srinivasan,Chennai — Adyar,Tamil Nadu Region,South Zone,Not interested,NI-06,Family / spouse declined,,,2026-04-21 09:34:00,No,Gokul Srinivasan,2026-04-21 09:34:00,Salaried — MNC,Salaried,0.5,No
1399,Omkar,Thakkar,AFL-RET-001399,Landing page,Safar Travel APR26,CMP-2026-0025,2026-04-16 20:51:00,,9178088265,9186919589,omkar.thakkar@rediffmail.com,1998-10-20,BTTPB8606N,PAN_Omkar_Thakkar.pdf,Pune,Pune,Maharashtra,411001,India,Retail Home Loans,Home Loan Balance Transfer,16000000,2026-05-31,Parth Parikh,Pune — Shivajinagar,Maharashtra Region,West Zone,Disbursed,,,,AFLRET26000319,2026-05-15 13:30:00,No,Parth Parikh,2026-05-15 13:30:00,Salaried — MNC,Salaried,0.2,No
1400,Ashwini,Modi,AFL-RET-001400,Landing page,Safar Travel APR26,CMP-2026-0025,2026-04-07 13:18:00,290997887,6526004648,,ashwini.modi60@gmail.com,1987-12-10,RUVPZ3264B,PAN_Ashwini_Modi.pdf,Rajkot,Rajkot,Gujarat,360004,India,Retail Personal Loans,Travel Loan,110000,2026-05-22,Siddharth Trivedi,Rajkot — Kalawad Road,Gujarat Region,West Zone,Not interested,NI-01,Rate of interest too high,,,2026-04-12 10:36:00,No,Siddharth Trivedi,2026-04-12 10:36:00,Salaried — Government / PSU,Salaried,0.2,No
1401,Srinivas,Sastry,AFL-RET-001401,Website,Gold Utsav APR26,CMP-2026-0024,2026-04-04 13:37:00,,9979506617,,srinivas.sastry@outlook.com,1966-04-21,ZJAPC2664S,PAN_Srinivas_Sastry.pdf,Vijayawada,Krishna,Andhra Pradesh,520001,India,Retail Personal Loans,Marriage Loan,1400000,2026-06-03,Sirisha Chowdary,Vijayawada — MG Road,Kerala & AP Region,South Zone,Not interested,NI-05,Processing fee not acceptable,,,2026-04-05 11:55:00,No,Sirisha Chowdary,2026-04-05 11:55:00,Retired / Pensioner,Salaried,0.3,No
1402,Hardik,Shah,AFL-RET-001402,Landing page,Shiksha Education AUG26,CMP-2026-0034,2026-08-24 12:58:00,,9123601433,,,1970-07-09,,,Ahmedabad,Ahmedabad,Gujarat,380051,India,Retail Home Loans,Plot + Construction Loan,1800000,2026-10-08,Hardik Bhatt,Ahmedabad — Satellite,Gujarat Region,West Zone,Not interested,NI-04,Requirement postponed,,,2026-08-28 10:16:00,No,Hardik Bhatt,2026-08-28 10:16:00,Business Owner,Self-Employed,0.2,No
1403,Hetal,Modi,AFL-RET-001403,Website,Ghar Ka Sapna MAR26,CMP-2026-0019,2026-03-13 19:37:00,,8324387812,,hetal.modi@yahoo.com,1997-12-07,XDWPF2179P,PAN_Hetal_Modi.pdf,Thane,Thane,Maharashtra,400602,India,Retail Home Loans,Plot + Construction Loan,7500000,2026-05-12,Kalyani Joshi,Thane — Ghodbunder,Maharashtra Region,West Zone,Sanctioned,,,,AFLRET26000320,2026-03-23 10:12:00,No,Kalyani Joshi,2026-03-23 10:12:00,Self-Employed Professional,Self-Employed,0.4,No
1404,Aditi,Vora,AFL-RET-001404,Landing page,Vyapar Vriddhi JAN26,CMP-2026-0013,2026-01-27 11:44:00,259446488,6963610116,,aditi.vora@gmail.com,1979-03-10,,,Pune,Pune,Maharashtra,411001,India,Business & MSME Loans,Working Capital Loan,13500000,2026-03-28,Nikhil Deshmukh,Pune — Shivajinagar,Maharashtra Region,West Zone,Rejected,REJ-04,Negative / restricted profile,,,2026-02-06 09:54:00,No,Nikhil Deshmukh,2026-02-06 09:54:00,Homemaker,Self-Employed,,No
1405,Mihir,Modi,AFL-RET-001405,Website,Shubh Vivah DEC25,CMP-2025-0011,2025-12-07 15:18:00,585814601,9168494396,,mihir.modi@gmail.com,1972-03-10,,,Pune,Pune,Maharashtra,411027,India,Business & MSME Loans,MSME Growth Loan,3900000,2026-01-21,Sagar Vora,Pune — Wakad,Maharashtra Region,West Zone,Not interested,NI-02,Already availed loan elsewhere,,,2025-12-10 11:41:00,No,Sagar Vora,2025-12-10 11:41:00,Self-Employed Professional,Self-Employed,11.4,Yes
1406,Pranav,Mehta,AFL-RET-001406,Website,Safar Travel OCT25,CMP-2025-0004,2025-10-05 20:51:00,463885623,7144972040,7642144303,pranav.mehta67@yahoo.com,2000-01-03,MKDPS8713Y,PAN_Pranav_Mehta.pdf,Rajkot,Rajkot,Gujarat,360005,India,Retail Personal Loans,Travel Loan,200000,2025-11-19,Siddharth Trivedi,Rajkot — Kalawad Road,Gujarat Region,West Zone,Not interested,NI-01,Rate of interest too high,,,2025-10-11 09:47:00,No,Siddharth Trivedi,2025-10-11 09:47:00,Salaried — Government / PSU,Salaried,0.2,No
1407,Prosenjit,Bose,AFL-RET-001407,Website,Shubh Vivah DEC25,CMP-2025-0011,2025-12-29 10:31:00,735848570,8911397313,6786244616,,1981-06-04,,,Kolkata,Kolkata,West Bengal,700102,India,Professional Loans,CA / Professional Loan,1800000,2026-02-27,Paromita Majumdar,Kolkata — Salt Lake,West Bengal Region,East Zone,Rejected,REJ-02,Income below minimum,,,2026-01-08 10:28:00,No,Paromita Majumdar,2026-01-08 10:28:00,Business Owner,Self-Employed,,No
1408,Hardik,Sawant,AFL-RET-001408,Landing page,Vyapar Vriddhi FEB26,CMP-2026-0016,2026-02-16 13:51:00,,7727972203,,hardik.sawant54@rediffmail.com,2001-03-18,FBMPX9380G,PAN_Hardik_Sawant.pdf,Rajkot,Rajkot,Gujarat,360005,India,Business & MSME Loans,Machinery Purchase Loan,4900000,2026-03-18,Siddharth Trivedi,Rajkot — Kalawad Road,Gujarat Region,West Zone,Disbursed,,,,AFLRET26000321,2026-03-09 11:35:00,No,Siddharth Trivedi,2026-03-09 11:35:00,Self-Employed Professional,Self-Employed,0.2,No
1409,Nisha,Doshi,AFL-RET-001409,Website,Property Power MAY26,CMP-2026-0027,2026-05-14 10:05:00,,6547616420,8106863029,nisha.doshi56@gmail.com,1991-11-24,USQPW7456P,PAN_Nisha_Doshi.pdf,Pune,Pune,Maharashtra,411045,India,Loan Against Property,MLAP (Shakti),6000000,2026-06-13,Sagar Vora,Pune — Wakad,Maharashtra Region,West Zone,Disbursed,,,,AFLRET26000322,2026-05-31 14:17:00,No,Sagar Vora,2026-05-31 14:17:00,Self-Employed Professional,Self-Employed,2.2,Yes
1410,Meena,Murugan,AFL-RET-001410,PQ Campaign,Professional Edge AUG26,CMP-2026-0036,2026-08-06 16:18:00,993348249,8669372055,9792173789,meena.murugan51@gmail.com,1977-02-16,BDZPX2325N,PAN_Meena_Murugan.pdf,Chennai,Chennai,Tamil Nadu,600096,India,Retail Home Loans,Plot + Construction Loan,4700000,2026-09-05,Gokul Srinivasan,Chennai — Adyar,Tamil Nadu Region,South Zone,Sanctioned,,,,AFLRET26000323,2026-08-14 09:54:00,No,Gokul Srinivasan,2026-08-14 09:54:00,Homemaker,Self-Employed,0.2,No
1411,Pooja,Yadav,AFL-RET-001411,Landing page,Swasthya Care JUL26,CMP-2026-0032,2026-07-18 11:00:00,637653377,6967784940,7298060769,pooja.yadav@gmail.com,1990-08-04,,,Jodhpur,Jodhpur,Rajasthan,342003,India,Retail Personal Loans,Home Renovation Loan,195000,2026-08-17,Rohit Sharma,Jodhpur — Sardarpura,North India Region,North Zone,Not interested,NI-01,Rate of interest too high,,,2026-07-21 12:18:00,No,Rohit Sharma,2026-07-21 12:18:00,Salaried — MNC,Salaried,0.2,No
1412,Vikram,Sinha,AFL-RET-001412,Website,Balance Transfer Bonanza JUL26,CMP-2026-0033,2026-07-30 17:23:00,292043612,6988690182,,vikram.sinha@outlook.com,1998-10-03,MCUPZ3302L,PAN_Vikram_Sinha.pdf,Lucknow,Lucknow,Uttar Pradesh,226001,India,Retail Home Loans,Home Loan Balance Transfer,6500000,2026-09-28,Tarun Tiwari,Lucknow — Hazratganj,North India Region,North Zone,Rejected,REJ-13,Others,,,2026-08-03 12:38:00,No,Tarun Tiwari,2026-08-03 12:38:00,Salaried — Private Sector,Salaried,,No
1413,Bikash,Bhattacharya,AFL-RET-001413,Landing page,Property Power MAY26,CMP-2026-0027,2026-05-30 15:51:00,,9398121356,,bikash.bhattacharya@hotmail.com,1986-04-20,,,Siliguri,Darjeeling,West Bengal,734001,India,Retail Home Loans,Disha Home Loan,725000,2026-07-14,Srabani Chatterjee,Siliguri — Sevoke Road,West Bengal Region,East Zone,Not reachable,NR-03,No response after 3 attempts,,,2026-06-01 10:14:00,No,Srabani Chatterjee,2026-06-01 10:14:00,Salaried — Private Sector,Salaried,0.2,No
1414,Ritika,Rathore,AFL-RET-001414,Website,Vyapar Vriddhi JAN26,CMP-2026-0013,2026-01-13 12:44:00,949642101,7105634971,6731232719,ritika.rathore23@gmail.com,1977-02-23,BFAPQ6978U,PAN_Ritika_Rathore.pdf,Jaipur,Jaipur,Rajasthan,302005,India,Business & MSME Loans,Working Capital Loan,3000000,2026-02-27,Rajat Sethi,Jaipur — C Scheme,North India Region,North Zone,Rejected,REJ-09,Property title not clear,,,2026-01-15 13:59:00,No,Rajat Sethi,2026-01-15 13:59:00,Self-Employed Professional,Self-Employed,,No
1415,Madhavi,Prasad,AFL-RET-001415,PQ Campaign,Balance Transfer Bonanza JAN26,CMP-2026-0014,2026-01-06 12:44:00,671609673,8504397606,,madhavi.prasad@yahoo.com,1990-11-15,BVRPW8608X,PAN_Madhavi_Prasad.pdf,Vijayawada,Krishna,Andhra Pradesh,520001,India,Business & MSME Loans,Machinery Purchase Loan,5000000,2026-02-05,Sirisha Chowdary,Vijayawada — MG Road,Kerala & AP Region,South Zone,Disbursed,,,,AFLRET26000324,2026-01-30 09:38:00,No,Sirisha Chowdary,2026-01-30 09:38:00,Self-Employed Non-Professional,Self-Employed,0.4,No
1416,Anjana,Nair,AFL-RET-001416,PQ Campaign,Swasthya Care AUG26,CMP-2026-0035,2026-08-31 09:23:00,110062559,8311253276,,anjana.nair84@rediffmail.com,1976-09-14,,,Thiruvananthapuram,Thiruvananthapuram,Kerala,695014,India,Retail Home Loans,Plot + Construction Loan,2300000,2026-09-30,Vivek Kurup,Trivandrum — Vazhuthacaud,Kerala & AP Region,South Zone,Not reachable,NR-02,Invalid / wrong number,,,2026-09-02 13:41:00,No,Vivek Kurup,2026-09-02 13:41:00,Salaried — Government / PSU,Salaried,0.2,No
1417,Shalini,Singh,AFL-RET-001417,Social media,Shubh Vivah DEC25,CMP-2025-0011,2025-12-08 14:18:00,,6351078541,,shalini.singh@outlook.com,1986-12-17,,,Kanpur,Kanpur Nagar,Uttar Pradesh,208002,India,Retail Home Loans,Disha Home Loan,1400000,2026-02-06,Nitin Bansal,Kanpur — Civil Lines,North India Region,North Zone,Not interested,NI-05,Processing fee not acceptable,,,2025-12-12 14:36:00,No,Nitin Bansal,2025-12-12 14:36:00,Business Owner,Self-Employed,0.2,No
1418,Srinivas,Reddy,AFL-RET-001418,Social media,Shiksha Education JUN26,CMP-2026-0028,2026-06-24 12:23:00,702787359,9838528053,7772169266,srinivas.reddy@hotmail.com,1973-10-04,SJLPX2083X,PAN_Srinivas_Reddy.pdf,Hyderabad,Rangareddy,Telangana,500019,India,Gold & Secured Loans,Loan Against Securities,5000000,2026-07-24,Swapna Gupta,Hyderabad — Gachibowli,Telangana Region,South Zone,Rejected,REJ-10,Technical valuation below expectation,,,2026-06-29 09:57:00,No,Swapna Gupta,2026-06-29 09:57:00,Salaried — MNC,Salaried,,No
1419,Siddharth,Rane,AFL-RET-001419,Website,Property Power JUN26,CMP-2026-0029,2026-06-13 13:23:00,,8599550065,,siddharth.rane@yahoo.com,1971-02-15,WHSPH9363T,PAN_Siddharth_Rane.pdf,Rajkot,Rajkot,Gujarat,360005,India,Professional Loans,Doctor Professional Loan,3200000,2026-07-28,Siddharth Trivedi,Rajkot — Kalawad Road,Gujarat Region,West Zone,Disbursed,,,,AFLRET26000325,2026-07-13 11:15:00,No,Siddharth Trivedi,2026-07-13 11:15:00,Agriculturist,Self-Employed,0.2,No
1420,Rituparna,Ghosh,AFL-RET-001420,Social media,Ghar Ka Sapna OCT25,CMP-2025-0002,2025-10-15 12:00:00,,6325002742,,rituparna.ghosh@gmail.com,1975-01-26,UXHPY1950P,PAN_Rituparna_Ghosh.pdf,Kolkata,Kolkata,West Bengal,700016,India,Retail Home Loans,Home Purchase Loan,1600000,2025-11-29,Rajib Chatterjee,Kolkata — Park Street,West Bengal Region,East Zone,Not interested,NI-07,Tenure offered not suitable,,,2025-10-16 16:06:00,No,Rajib Chatterjee,2025-10-16 16:06:00,Salaried — MNC,Salaried,17.4,Yes
1421,Shalini,Aggarwal,AFL-RET-001421,Landing page,Swasthya Care JUL26,CMP-2026-0032,2026-07-25 20:51:00,,9901974612,,shalini.aggarwal@hotmail.com,1989-07-15,VPHPW4054L,PAN_Shalini_Aggarwal.pdf,New Delhi,West Delhi,Delhi,110058,India,Loan Against Property,MLAP (Shakti),1500000,2026-09-08,Nitin Mishra,Delhi — Rajouri Garden,Delhi NCR Region,North Zone,Not interested,NI-05,Processing fee not acceptable,,,2026-07-29 10:39:00,No,Nitin Mishra,2026-07-29 10:39:00,Business Owner,Self-Employed,6.2,Yes
1422,Hardik,Desai,AFL-RET-001422,Landing page,Balance Transfer Bonanza FEB26,CMP-2026-0017,2026-02-14 20:12:00,,8882707420,,hardik.desai@gmail.com,1989-07-16,XDAPM7485K,PAN_Hardik_Desai.pdf,Ahmedabad,Ahmedabad,Gujarat,380051,India,Retail Home Loans,Home Purchase Loan,7000000,2026-03-31,Hardik Bhatt,Ahmedabad — Satellite,Gujarat Region,West Zone,Not interested,NI-02,Already availed loan elsewhere,,,2026-02-16 10:39:00,No,Hardik Bhatt,2026-02-16 10:39:00,Salaried — Private Sector,Salaried,0.2,No
1423,Deepak,Rathore,AFL-RET-001423,PQ Campaign,Professional Edge AUG26,CMP-2026-0036,2026-08-03 19:12:00,362052729,9315022391,,deepak.rathore42@yahoo.com,1971-04-06,ZUKPY2360L,PAN_Deepak_Rathore.pdf,Jaipur,Jaipur,Rajasthan,302015,India,Retail Home Loans,Disha Home Loan,2400000,2026-10-02,Rajat Sethi,Jaipur — C Scheme,North India Region,North Zone,Rejected,REJ-11,Business vintage below minimum,,,2026-08-10 11:12:00,No,Rajat Sethi,2026-08-10 11:12:00,Salaried — Private Sector,Salaried,,No
1424,Trupti,Parikh,AFL-RET-001424,Social media,Vyapar Vriddhi FEB26,CMP-2026-0016,2026-02-08 17:44:00,218266614,7607752088,6817801302,trupti.parikh72@hotmail.com,1984-06-27,WGZPY1657E,PAN_Trupti_Parikh.pdf,Nagpur,Nagpur,Maharashtra,440012,India,Business & MSME Loans,MSME Growth Loan,7500000,2026-03-25,Hardik Patel,Nagpur — Dharampeth,Maharashtra Region,West Zone,Disbursed,,,,AFLRET26000326,2026-03-03 09:45:00,No,Hardik Patel,2026-03-03 09:45:00,Self-Employed Professional,Self-Employed,0.2,No
1425,Vinod,Joseph,AFL-RET-001425,Social media,Shiksha Education MAY26,CMP-2026-0026,2026-05-04 13:12:00,,7727519784,,,1985-09-12,WGNPA3733H,PAN_Vinod_Joseph.pdf,Kochi,Ernakulam,Kerala,682036,India,Retail Personal Loans,Kushal Personal Loan,350000,2026-06-18,Anjana Menon,Kochi — Kaloor,Kerala & AP Region,South Zone,Not reachable,NR-03,No response after 3 attempts,,,2026-05-06 14:59:00,No,Anjana Menon,2026-05-06 14:59:00,Salaried — MNC,Salaried,6.9,Yes
1426,Debolina,Bose,AFL-RET-001426,Website,Shiksha Education MAY26,CMP-2026-0026,2026-05-04 20:58:00,294785948,8102536147,,debolina.bose72@gmail.com,1990-08-04,,,Kolkata,Kolkata,West Bengal,700091,India,Retail Personal Loans,Education Loan,550000,2026-06-18,Tanmoy Chakraborty,Kolkata — Salt Lake,West Bengal Region,East Zone,Not reachable,NR-03,No response after 3 attempts,,,2026-05-08 11:55:00,No,Tanmoy Chakraborty,2026-05-08 11:55:00,Self-Employed Professional,Self-Employed,1.9,No
1427,Omkar,Rane,AFL-RET-001427,Social media,Shiksha Education JUN26,CMP-2026-0028,2026-06-14 12:31:00,,8976903153,,omkar.rane40@hotmail.com,1987-02-15,XWXPM9144C,PAN_Omkar_Rane.pdf,Mumbai,Mumbai Suburban,Maharashtra,400053,India,Retail Personal Loans,Education Loan,225000,2026-07-14,Jayesh Chavan,Mumbai — Bandra,Maharashtra Region,West Zone,Sanctioned,,,,AFLRET26000327,2026-06-20 11:37:00,No,Jayesh Chavan,2026-06-20 11:37:00,Salaried — MNC,Salaried,1.1,No
1428,Nisha,Amin,AFL-RET-001428,Social media,Shubh Vivah DEC25,CMP-2025-0011,2025-12-31 17:31:00,,6933086788,,nisha.amin@hotmail.com,1984-10-16,,,Pune,Pune,Maharashtra,411016,India,Retail Personal Loans,Kushal Personal Loan,1500000,2026-01-30,Nikhil Deshmukh,Pune — Shivajinagar,Maharashtra Region,West Zone,Rejected,REJ-11,Business vintage below minimum,,,2026-01-10 10:56:00,No,Nikhil Deshmukh,2026-01-10 10:56:00,Salaried — Private Sector,Salaried,,No
1429,Trupti,Rane,AFL-RET-001429,Landing page,Vyapar Vriddhi MAR26,CMP-2026-0020,2026-03-02 17:05:00,802646865,9999014090,6833659981,trupti.rane67@rediffmail.com,1978-09-23,RPRPM3669V,PAN_Trupti_Rane.pdf,Vadodara,Vadodara,Gujarat,390005,India,Business & MSME Loans,Working Capital Loan,6500000,2026-04-16,Chirag Vora,Vadodara — Alkapuri,Gujarat Region,West Zone,Disbursed,,,,AFLRET26000328,2026-03-24 12:45:00,No,Chirag Vora,2026-03-24 12:45:00,Self-Employed Non-Professional,Self-Employed,1.1,No
1430,Girish,Bhat,AFL-RET-001430,Website,Safar Travel APR26,CMP-2026-0025,2026-04-01 10:05:00,,8473976339,,girish.bhat@rediffmail.com,2003-10-02,,,Bengaluru,Bengaluru Urban,Karnataka,560066,India,Retail Personal Loans,Medical Emergency Loan,60000,2026-05-31,Kiran Udupa,Bengaluru — Whitefield,Karnataka Region,South Zone,Not interested,NI-05,Processing fee not acceptable,,,2026-04-06 10:47:00,No,Kiran Udupa,2026-04-06 10:47:00,Homemaker,Self-Employed,2.7,Yes
1431,Bhavana,Rai,AFL-RET-001431,Website,Shiksha Education AUG26,CMP-2026-0034,2026-08-24 13:44:00,441431375,8554802689,,,1989-04-23,,,Bengaluru,Bengaluru Urban,Karnataka,560066,India,Retail Personal Loans,Education Loan,525000,2026-10-08,Deepa Iyengar,Bengaluru — Whitefield,Karnataka Region,South Zone,Follow-up,,,2026-09-20,,2026-08-27 10:48:00,No,Deepa Iyengar,2026-08-27 10:48:00,Self-Employed Professional,Self-Employed,0.2,No
1432,Rohit,Sethi,AFL-RET-001432,Social media,Shiksha Education JUN26,CMP-2026-0028,2026-06-07 11:00:00,,6636378808,,rohit.sethi21@hotmail.com,1981-02-08,UUKPN9629G,PAN_Rohit_Sethi.pdf,Gurugram,Gurugram,Haryana,122018,India,Retail Personal Loans,Education Loan,105000,2026-08-06,Aarav Khanna,Gurugram — Cyber City,Delhi NCR Region,North Zone,Disbursed,,,,AFLRET26000329,2026-07-03 17:29:00,No,Aarav Khanna,2026-07-03 17:29:00,Salaried — MNC,Salaried,2.1,Yes
1433,Tejas,Patel,AFL-RET-001433,Social media,Vyapar Vriddhi MAR26,CMP-2026-0020,2026-03-27 19:23:00,,9781232464,,tejas.patel@hotmail.com,1968-05-15,GDFPC5670J,PAN_Tejas_Patel.pdf,Ahmedabad,Ahmedabad,Gujarat,380054,India,Business & MSME Loans,Working Capital Loan,10500000,2026-05-11,Swapnil Vora,Ahmedabad — CG Road,Gujarat Region,West Zone,Login Initiated,,,,,2026-03-30 10:16:00,No,Swapnil Vora,2026-03-30 10:16:00,Business Owner,Self-Employed,0.3,No
1434,Kumari,Deka,AFL-RET-001434,Website,Diwali Dhamaka OCT25,CMP-2025-0001,2025-10-27 12:23:00,783037513,6311356090,,kumari.deka@yahoo.com,1997-05-23,RXQPU3973X,PAN_Kumari_Deka.pdf,Bhubaneswar,Khordha,Odisha,751010,India,Retail Personal Loans,Diwali Special Loan,65000,2025-12-11,Rakesh Deka,Bhubaneswar — Saheed Nagar,East India Region,East Zone,Sanctioned,,,,AFLRET25000330,2025-11-05 18:56:00,No,Rakesh Deka,2025-11-05 18:56:00,Salaried — Private Sector,Salaried,0.2,No
1435,Sohini,Dutta,AFL-RET-001435,Website,Safar Travel APR26,CMP-2026-0025,2026-04-21 16:23:00,183263393,9636388098,,sohini.dutta71@outlook.com,1983-08-15,,,Kolkata,Kolkata,West Bengal,700106,India,Retail Personal Loans,Travel Loan,275000,2026-06-05,Paromita Majumdar,Kolkata — Salt Lake,West Bengal Region,East Zone,Follow-up,,,2026-09-07,,2026-04-24 10:20:00,No,Paromita Majumdar,2026-04-24 10:20:00,Salaried — MNC,Salaried,0.2,No
1436,Sandesh,Shenoy,AFL-RET-001436,Social media,Professional Edge SEP26,CMP-2026-0039,2026-09-04 15:31:00,417065296,8484683325,,,1959-07-25,YPLPL6285P,PAN_Sandesh_Shenoy.pdf,Bengaluru,Bengaluru Urban,Karnataka,560011,India,Retail Personal Loans,Debt Consolidation Loan,1200000,2026-10-04,Nandini Rao,Bengaluru — Jayanagar,Karnataka Region,South Zone,Follow-up,,,2026-09-11,,2026-09-06 11:49:00,No,Nandini Rao,2026-09-06 11:49:00,Retired / Pensioner,Salaried,0.2,No
1437,Meenakshi,Rathore,AFL-RET-001437,Social media,Vyapar Vriddhi FEB26,CMP-2026-0016,2026-02-25 18:58:00,116677884,8509292869,,meenakshi.rathore72@yahoo.com,2002-08-12,,,Kanpur,Kanpur Nagar,Uttar Pradesh,208001,India,Loan Against Property,MLAP (Shakti),2400000,2026-04-26,Nitin Bansal,Kanpur — Civil Lines,North India Region,North Zone,Not interested,NI-04,Requirement postponed,,,2026-03-01 18:11:00,No,Nitin Bansal,2026-03-01 18:11:00,Agriculturist,Self-Employed,0.6,No
1438,Priya,Ahluwalia,AFL-RET-001438,Social media,Balance Transfer Bonanza JUL26,CMP-2026-0033,2026-07-23 16:31:00,,8434448520,,priya.ahluwalia@outlook.com,1996-01-24,,,Ludhiana,Ludhiana,Punjab,141003,India,Retail Personal Loans,Debt Consolidation Loan,375000,2026-09-21,Swati Saxena,Ludhiana — Mall Road,North India Region,North Zone,Not reachable,NR-03,No response after 3 attempts,,,2026-07-24 18:49:00,No,Swati Saxena,2026-07-24 18:49:00,Salaried — Private Sector,Salaried,0.2,No
1439,Hariharan,Rajan,AFL-RET-001439,Social media,Gold Utsav APR26,CMP-2026-0024,2026-04-08 20:51:00,,6332384626,,hariharan.rajan61@gmail.com,1972-08-05,,,Chennai,Chennai,Tamil Nadu,600033,India,Gold & Secured Loans,Loan Against Securities,7000000,2026-05-08,Saravanan Rajan,Chennai — T Nagar,Tamil Nadu Region,South Zone,Not interested,NI-03,Only enquiring — no current need,,,2026-04-11 18:51:00,No,Saravanan Rajan,2026-04-11 18:51:00,Salaried — Government / PSU,Salaried,1.1,No
1440,Sirisha,Babu,AFL-RET-001440,Social media,Vyapar Vriddhi JAN26,CMP-2026-0013,2026-01-28 14:00:00,,9137412594,,sirisha.babu77@yahoo.com,1977-10-28,QAMPZ3429H,PAN_Sirisha_Babu.pdf,Hyderabad,Hyderabad,Telangana,500033,India,Business & MSME Loans,Vyapar Business Loan,1800000,2026-03-14,Rajitha Reddy,Hyderabad — Banjara Hills,Telangana Region,South Zone,Disbursed,,,,AFLRET26000331,2026-02-21 09:08:00,No,Rajitha Reddy,2026-02-21 09:08:00,Business Owner,Self-Employed,5.4,Yes
1441,Nidhi,Mishra,AFL-RET-001441,Social media,Property Power JUN26,CMP-2026-0029,2026-06-26 10:31:00,,9290503426,6977140229,nidhi.mishra21@gmail.com,1972-04-09,,,Ludhiana,Ludhiana,Punjab,141001,India,Business & MSME Loans,MSME Growth Loan,7500000,2026-07-26,Swati Saxena,Ludhiana — Mall Road,North India Region,North Zone,Not interested,NI-04,Requirement postponed,,,2026-06-29 12:49:00,No,Swati Saxena,2026-06-29 12:49:00,Self-Employed Professional,Self-Employed,0.2,No
1442,Ritika,Bansal,AFL-RET-001442,PQ Campaign,Swasthya Care JUL26,CMP-2026-0032,2026-07-15 19:58:00,377990418,8912539145,9266002003,ritika.bansal54@hotmail.com,1985-06-24,CWJPG8027F,PAN_Ritika_Bansal.pdf,New Delhi,South Delhi,Delhi,110025,India,Retail Home Loans,Plot + Construction Loan,3500000,2026-09-13,Rajat Chopra,Delhi — Saket,Delhi NCR Region,North Zone,Not interested,NI-06,Family / spouse declined,,,2026-07-18 16:39:00,No,Rajat Chopra,2026-07-18 16:39:00,Salaried — Private Sector,Salaried,5.9,Yes
1443,Krupa,Thakkar,AFL-RET-001443,Landing page,Shubh Vivah FEB26,CMP-2026-0015,2026-02-23 13:00:00,,6830381336,,krupa.thakkar@rediffmail.com,1988-05-02,LBFPF8169F,PAN_Krupa_Thakkar.pdf,Surat,Surat,Gujarat,395007,India,Loan Against Property,Loan Against Property,6500000,2026-04-24,Omkar Shah,Surat — Adajan,Gujarat Region,West Zone,Not reachable,NR-01,Number switched off / unreachable,,,2026-02-25 11:18:00,No,Omkar Shah,2026-02-25 11:18:00,Salaried — MNC,Salaried,0.2,No
1444,Bhakti,Kulkarni,AFL-RET-001444,Landing page,Shiksha Education JUN26,CMP-2026-0028,2026-06-05 11:00:00,790439992,7756460526,9269730300,bhakti.kulkarni@hotmail.com,2003-03-11,,,Mumbai,Mumbai Suburban,Maharashtra,400069,India,Retail Personal Loans,Education Loan,155000,2026-07-20,Bhavesh Patil,Mumbai — Andheri,Maharashtra Region,West Zone,Rejected,REJ-05,OGL — outside the geo location,,,2026-06-10 09:10:00,No,Bhavesh Patil,2026-06-10 09:10:00,Self-Employed Professional,Self-Employed,,No
1445,Arun,Krishnan,AFL-RET-001445,Landing page,Ghar Ka Sapna MAR26,CMP-2026-0019,2026-03-12 11:44:00,243107970,6378455451,,arun.krishnan90@rediffmail.com,1970-06-24,HRZPP3505T,PAN_Arun_Krishnan.pdf,Chennai,Chennai,Tamil Nadu,600033,India,Vehicle & Consumer Loans,Used Car Loan,325000,2026-04-11,Saravanan Rajan,Chennai — T Nagar,Tamil Nadu Region,South Zone,Rejected,REJ-03,Policy restriction,,,2026-03-24 17:59:00,No,Saravanan Rajan,2026-03-24 17:59:00,Business Owner,Self-Employed,,No
1446,Divya,Mishra,AFL-RET-001446,Website,Shiksha Education MAY26,CMP-2026-0026,2026-05-08 10:31:00,,9441151176,,divya.mishra21@hotmail.com,1977-10-03,LWGPW7569E,PAN_Divya_Mishra.pdf,Lucknow,Lucknow,Uttar Pradesh,226010,India,Retail Personal Loans,Medical Emergency Loan,825000,2026-07-07,Tarun Tiwari,Lucknow — Hazratganj,North India Region,North Zone,Disbursed,,,,AFLRET26000332,2026-05-25 17:49:00,No,Tarun Tiwari,2026-05-25 17:49:00,Agriculturist,Self-Employed,0.2,No
1447,Kunal,Amin,AFL-RET-001447,Social media,Vyapar Vriddhi JAN26,CMP-2026-0013,2026-01-26 12:00:00,911880656,6279114646,,kunal.amin@hotmail.com,1985-08-13,RZCPT5239W,PAN_Kunal_Amin.pdf,Mumbai,Mumbai Suburban,Maharashtra,400054,India,Business & MSME Loans,Working Capital Loan,2000000,2026-03-12,Jayesh Chavan,Mumbai — Bandra,Maharashtra Region,West Zone,Sanctioned,,,,AFLRET26000333,2026-02-04 16:42:00,No,Jayesh Chavan,2026-02-04 16:42:00,Self-Employed Non-Professional,Self-Employed,1.8,No
1448,Shalini,Kapoor,AFL-RET-001448,Website,Shubh Vivah DEC25,CMP-2025-0011,2025-12-10 12:31:00,,9212536051,,shalini.kapoor@outlook.com,1996-08-08,,,Ludhiana,Ludhiana,Punjab,141003,India,Retail Personal Loans,Medical Emergency Loan,450000,2026-01-24,Swati Saxena,Ludhiana — Mall Road,North India Region,North Zone,Not reachable,NR-03,No response after 3 attempts,,,2025-12-13 09:51:00,No,Swati Saxena,2025-12-13 09:51:00,Salaried — MNC,Salaried,0.2,No
1449,Venkat,Babu,AFL-RET-001449,PQ Campaign,Ghar Ka Sapna MAR26,CMP-2026-0019,2026-03-02 13:31:00,722537353,6461290459,6529848108,venkat.babu28@yahoo.com,1989-06-28,,,Vijayawada,Krishna,Andhra Pradesh,520001,India,Retail Home Loans,Plot + Construction Loan,7500000,2026-05-01,Sirisha Chowdary,Vijayawada — MG Road,Kerala & AP Region,South Zone,Rejected,REJ-11,Business vintage below minimum,,,2026-03-09 11:27:00,No,Sirisha Chowdary,2026-03-09 11:27:00,Salaried — Government / PSU,Salaried,,No
1450,Archana,Behera,AFL-RET-001450,Website,Shiksha Education JUL26,CMP-2026-0031,2026-07-02 15:58:00,407244531,6201032297,,archana.behera46@yahoo.com,1992-10-11,,,Ranchi,Ranchi,Jharkhand,834009,India,Business & MSME Loans,Vyapar Business Loan,1100000,2026-08-01,Anita Bora,Ranchi — Main Road,East India Region,East Zone,Not interested,NI-02,Already availed loan elsewhere,,,2026-07-06 09:59:00,No,Anita Bora,2026-07-06 09:59:00,Self-Employed Non-Professional,Self-Employed,0.3,No
1451,Chetan,Prasad,AFL-RET-001451,Social media,Swasthya Care JUL26,CMP-2026-0032,2026-07-19 11:18:00,,7459886802,,chetan.prasad44@outlook.com,1998-10-28,QBFPN3543J,PAN_Chetan_Prasad.pdf,Bengaluru,Bengaluru Urban,Karnataka,560070,India,Retail Personal Loans,Medical Emergency Loan,200000,2026-08-18,Vinay Jain,Bengaluru — Jayanagar,Karnataka Region,South Zone,Not interested,NI-04,Requirement postponed,,,2026-07-21 09:01:00,No,Vinay Jain,2026-07-21 09:01:00,Salaried — MNC,Salaried,0.5,No
1452,Vinay,Setty,AFL-RET-001452,Social media,Property Power MAY26,CMP-2026-0027,2026-05-30 17:31:00,395176626,9995404352,,vinay.setty@yahoo.com,1974-05-19,YYFPZ3166K,PAN_Vinay_Setty.pdf,Bengaluru,Bengaluru Urban,Karnataka,560066,India,Business & MSME Loans,Machinery Purchase Loan,14500000,2026-07-14,Kiran Udupa,Bengaluru — Whitefield,Karnataka Region,South Zone,Sanctioned,,,,AFLRET26000334,2026-06-13 13:19:00,No,Kiran Udupa,2026-06-13 13:19:00,Business Owner,Self-Employed,0.8,No
1453,Naveen,Singh,AFL-RET-001453,Landing page,Shubh Vivah NOV25,CMP-2025-0007,2025-11-15 15:58:00,,6995663981,,naveen.singh@gmail.com,1978-03-15,,,Faridabad,Faridabad,Haryana,121006,India,Retail Personal Loans,Kushal Personal Loan,2900000,2025-12-30,Sumit Sinha,Faridabad — Sector 15,Delhi NCR Region,North Zone,Rejected,REJ-05,OGL — outside the geo location,,,2025-11-21 10:18:00,No,Sumit Sinha,2025-11-21 10:18:00,Salaried — Government / PSU,Salaried,,No
1454,Sourav,Majumdar,AFL-RET-001454,Website,Vyapar Vriddhi FEB26,CMP-2026-0016,2026-02-16 13:05:00,,7275852317,,sourav.majumdar@rediffmail.com,1985-12-13,UQCPW7661F,PAN_Sourav_Majumdar.pdf,Kolkata,Kolkata,West Bengal,700064,India,Business & MSME Loans,MSME Growth Loan,950000,2026-04-17,Tanmoy Chakraborty,Kolkata — Salt Lake,West Bengal Region,East Zone,Sanctioned,,,,AFLRET26000335,2026-03-06 14:29:00,No,Tanmoy Chakraborty,2026-03-06 14:29:00,Self-Employed Non-Professional,Self-Employed,0.4,No
1455,Sagar,Kulkarni,AFL-RET-001455,Social media,Shiksha Education MAY26,CMP-2026-0026,2026-05-01 15:00:00,210428353,7929010443,,sagar.kulkarni@rediffmail.com,1985-05-26,JMJPA9756E,PAN_Sagar_Kulkarni.pdf,Mumbai,Mumbai Suburban,Maharashtra,400050,India,Retail Personal Loans,Kushal Personal Loan,105000,2026-06-15,Jayesh Chavan,Mumbai — Bandra,Maharashtra Region,West Zone,Not interested,NI-04,Requirement postponed,,,2026-05-02 12:18:00,No,Jayesh Chavan,2026-05-02 12:18:00,Salaried — MNC,Salaried,0.2,No
1456,Pranav,Jadhav,AFL-RET-001456,Social media,Ghar Ka Sapna SEP26,CMP-2026-0037,2026-09-08 10:51:00,991715751,9591540685,,pranav.jadhav46@yahoo.com,1988-03-07,,,Ahmedabad,Ahmedabad,Gujarat,380001,India,Retail Home Loans,Home Purchase Loan,9000000,2026-10-23,Payal Vora,Ahmedabad — CG Road,Gujarat Region,West Zone,Follow-up,,,2026-09-14,,2026-09-09 14:15:00,No,Payal Vora,2026-09-09 14:15:00,Salaried — MNC,Salaried,1.4,No
1457,Tejas,Patil,AFL-RET-001457,Website,Diwali Dhamaka OCT25,CMP-2025-0001,2025-10-05 17:12:00,660045484,7586774606,,tejas.patil@outlook.com,1981-06-22,,,Mumbai,Mumbai Suburban,Maharashtra,400072,India,Vehicle & Consumer Loans,Consumer Durable Loan,70000,2025-12-04,Aniket Modi,Mumbai — Powai,Maharashtra Region,West Zone,Not interested,NI-07,Tenure offered not suitable,,,2025-10-09 09:32:00,No,Aniket Modi,2025-10-09 09:32:00,Salaried — Government / PSU,Salaried,0.2,No
1458,Arun,Jacob,AFL-RET-001458,Landing page,Vyapar Vriddhi JAN26,CMP-2026-0013,2026-01-25 20:05:00,357755796,9679540168,7165318514,arun.jacob67@outlook.com,2003-07-10,,,Kochi,Ernakulam,Kerala,682024,India,Business & MSME Loans,Vyapar Business Loan,1200000,2026-03-26,Anjana Menon,Kochi — Kaloor,Kerala & AP Region,South Zone,Rejected,REJ-10,Technical valuation below expectation,,,2026-02-04 10:32:00,No,Anjana Menon,2026-02-04 10:32:00,Self-Employed Professional,Self-Employed,,No
1459,Vaishnavi,Gaikwad,AFL-RET-001459,PQ Campaign,Balance Transfer Bonanza JUL26,CMP-2026-0033,2026-07-07 16:44:00,319914312,6663799220,,vaishnavi.gaikwad77@rediffmail.com,1983-10-12,,,Pune,Pune,Maharashtra,411016,India,Loan Against Property,Loan Against Property,29500000,2026-08-06,Parth Parikh,Pune — Shivajinagar,Maharashtra Region,West Zone,Rejected,REJ-10,Technical valuation below expectation,,,2026-07-14 11:18:00,No,Parth Parikh,2026-07-14 11:18:00,Salaried — Private Sector,Salaried,,No
1460,Pallavi,Kamath,AFL-RET-001460,Social media,Professional Edge MAR26,CMP-2026-0021,2026-03-24 18:37:00,,6449309038,6830859958,pallavi.kamath@rediffmail.com,2000-02-28,NNGPG9973N,PAN_Pallavi_Kamath.pdf,Bengaluru,Bengaluru Urban,Karnataka,560047,India,Gold & Secured Loans,Gold Loan,650000,2026-04-23,Vinay Nair,Bengaluru — Koramangala,Karnataka Region,South Zone,Sanctioned,,,,AFLRET26000336,2026-04-04 10:35:00,No,Vinay Nair,2026-04-04 10:35:00,Salaried — Government / PSU,Salaried,0.3,No
1461,Yash,Amin,AFL-RET-001461,Landing page,Property Power MAY26,CMP-2026-0027,2026-05-21 16:23:00,440527434,8769158618,,yash.amin@rediffmail.com,1979-03-17,AKNPM3443T,PAN_Yash_Amin.pdf,Mumbai,Mumbai,Maharashtra,400005,India,Retail Personal Loans,Kushal Personal Loan,275000,2026-06-20,Omkar Patel,Mumbai — Fort,Maharashtra Region,West Zone,Sanctioned,,,,AFLRET26000337,2026-06-02 09:07:00,No,Omkar Patel,2026-06-02 09:07:00,Salaried — MNC,Salaried,1,No
1462,Nitin,Yadav,AFL-RET-001462,Landing page,Vyapar Vriddhi JAN26,CMP-2026-0013,2026-01-21 14:05:00,,6406396404,,nitin.yadav@rediffmail.com,1980-01-16,PDGPQ1042A,PAN_Nitin_Yadav.pdf,Faridabad,Faridabad,Haryana,121006,India,Retail Personal Loans,Kushal Personal Loan,1600000,2026-03-22,Sumit Sinha,Faridabad — Sector 15,Delhi NCR Region,North Zone,Disbursed,,,,AFLRET26000338,2026-02-09 10:48:00,No,Sumit Sinha,2026-02-09 10:48:00,Salaried — MNC,Salaried,0.2,No
1463,Jayesh,Trivedi,AFL-RET-001463,Social media,Vyapar Vriddhi MAR26,CMP-2026-0020,2026-03-31 12:44:00,,8265810084,9113455642,jayesh.trivedi@gmail.com,1999-06-03,GHGPR2438X,PAN_Jayesh_Trivedi.pdf,Surat,Surat,Gujarat,395001,India,Business & MSME Loans,Working Capital Loan,5000000,2026-05-15,Omkar Shah,Surat — Adajan,Gujarat Region,West Zone,Disbursed,,,,AFLRET26000339,2026-04-30 09:17:00,No,Omkar Shah,2026-04-30 09:17:00,Self-Employed Professional,Self-Employed,3.9,Yes
1464,Manoj,Mahto,AFL-RET-001464,Landing page,Vyapar Vriddhi JAN26,CMP-2026-0013,2026-01-13 09:44:00,,8991369373,,manoj.mahto@gmail.com,1993-10-13,,,Ranchi,Ranchi,Jharkhand,834001,India,Business & MSME Loans,MSME Growth Loan,525000,2026-03-14,Anita Bora,Ranchi — Main Road,East India Region,East Zone,Rejected,REJ-13,Others,,,2026-01-22 11:59:00,No,Anita Bora,2026-01-22 11:59:00,Self-Employed Professional,Self-Employed,,No
1465,Prabhu,Raman,AFL-RET-001465,PQ Campaign,Shiksha Education MAY26,CMP-2026-0026,2026-05-16 09:58:00,134588465,7606806577,,prabhu.raman@gmail.com,1991-03-28,TRGPC4274K,PAN_Prabhu_Raman.pdf,Chennai,Chennai,Tamil Nadu,600090,India,Loan Against Property,Lease Rental Discounting,22000000,2026-06-15,Suresh Raman,Chennai — Adyar,Tamil Nadu Region,South Zone,Disbursed,,,,AFLRET26000340,2026-06-01 11:28:00,No,Suresh Raman,2026-06-01 11:28:00,Self-Employed Non-Professional,Self-Employed,0.2,No
1466,Nilesh,Sawant,AFL-RET-001466,PQ Campaign,Ghar Ka Sapna SEP26,CMP-2026-0037,2026-09-01 16:51:00,224155360,8521401325,,nilesh.sawant78@hotmail.com,1988-07-24,NQGPK9535D,PAN_Nilesh_Sawant.pdf,Nashik,Nashik,Maharashtra,422005,India,Vehicle & Consumer Loans,Used Car Loan,675000,2026-10-31,Tanvi Mehta,Nashik — College Road,Maharashtra Region,West Zone,Not interested,NI-06,Family / spouse declined,,,2026-09-02 10:52:00,No,Tanvi Mehta,2026-09-02 10:52:00,Self-Employed Professional,Self-Employed,0.2,No
1467,Parth,Thakkar,AFL-RET-001467,Social media,Shiksha Education MAY26,CMP-2026-0026,2026-05-31 15:00:00,,7342111650,7609751001,parth.thakkar@outlook.com,1978-08-04,,,Mumbai,Mumbai Suburban,Maharashtra,400101,India,Retail Home Loans,Plot + Construction Loan,2600000,2026-06-30,Aniket Modi,Mumbai — Powai,Maharashtra Region,West Zone,Rejected,REJ-01,Credit / bureau issue (CIBIL below cut-off),,,2026-06-12 16:15:00,No,Aniket Modi,2026-06-12 16:15:00,Business Owner,Self-Employed,,No
1468,Nikhil,Patil,AFL-RET-001468,Landing page,Balance Transfer Bonanza JUL26,CMP-2026-0033,2026-07-28 14:37:00,,8898501794,,nikhil.patil@yahoo.com,1996-07-12,,,Thane,Thane,Maharashtra,400615,India,Business & MSME Loans,MSME Growth Loan,2100000,2026-09-11,Kalyani Joshi,Thane — Ghodbunder,Maharashtra Region,West Zone,Not interested,NI-06,Family / spouse declined,,,2026-07-31 11:40:00,No,Kalyani Joshi,2026-07-31 11:40:00,Self-Employed Professional,Self-Employed,0.2,No
1469,Kavya,Sethuraman,AFL-RET-001469,Landing page,Diwali Dhamaka NOV25,CMP-2025-0006,2025-11-25 11:18:00,437844851,9514653978,,kavya.sethuraman@outlook.com,1986-07-11,,,Coimbatore,Coimbatore,Tamil Nadu,641045,India,Vehicle & Consumer Loans,Two-Wheeler Loan,50000,2026-01-24,Muthu Krishnan,Coimbatore — RS Puram,Tamil Nadu Region,South Zone,Rejected,REJ-10,Technical valuation below expectation,,,2025-12-06 11:05:00,No,Muthu Krishnan,2025-12-06 11:05:00,Business Owner,Self-Employed,,No
1470,Amit,Verma,AFL-RET-001470,Website,Safar Travel APR26,CMP-2026-0025,2026-04-28 19:00:00,,9174619452,8760529749,amit.verma@yahoo.com,1989-10-13,,,Jaipur,Jaipur,Rajasthan,302001,India,Retail Personal Loans,Travel Loan,55000,2026-05-28,Rajat Sethi,Jaipur — C Scheme,North India Region,North Zone,Not reachable,NR-03,No response after 3 attempts,,,2026-04-30 16:38:00,No,Rajat Sethi,2026-04-30 16:38:00,Salaried — MNC,Salaried,0.6,No
1471,Divya,Pai,AFL-RET-001471,Landing page,Ghar Ka Sapna OCT25,CMP-2025-0002,2025-10-16 20:51:00,,6380275856,,divya.pai@rediffmail.com,1988-07-14,KEDPL9465N,PAN_Divya_Pai.pdf,Bengaluru,Bengaluru Urban,Karnataka,560041,India,Vehicle & Consumer Loans,Used Car Loan,375000,2025-12-15,Vinay Jain,Bengaluru — Jayanagar,Karnataka Region,South Zone,Not interested,NI-06,Family / spouse declined,,,2025-10-20 18:06:00,No,Vinay Jain,2025-10-20 18:06:00,Self-Employed Professional,Self-Employed,0.2,No
1472,Chandra,Rao,AFL-RET-001472,Landing page,Professional Edge AUG26,CMP-2026-0036,2026-08-15 15:31:00,771763742,9588920200,,chandra.rao@yahoo.com,1984-07-20,,,Vijayawada,Krishna,Andhra Pradesh,520001,India,Business & MSME Loans,MSME Growth Loan,1100000,2026-09-14,Sirisha Chowdary,Vijayawada — MG Road,Kerala & AP Region,South Zone,Follow-up,,,2026-09-09,,2026-08-18 11:25:00,No,Sirisha Chowdary,2026-08-18 11:25:00,Business Owner,Self-Employed,0.2,No
1473,Vinay,Hegde,AFL-RET-001473,Landing page,Professional Edge FEB26,CMP-2026-0018,2026-02-21 09:58:00,329963269,6930084226,8938146264,vinay.hegde57@yahoo.com,1974-05-02,NEJPZ8061D,PAN_Vinay_Hegde.pdf,Bengaluru,Bengaluru Urban,Karnataka,560048,India,Loan Against Property,Loan Against Property,17000000,2026-04-07,Deepa Iyengar,Bengaluru — Whitefield,Karnataka Region,South Zone,Rejected,REJ-09,Property title not clear,,,2026-02-28 10:58:00,No,Deepa Iyengar,2026-02-28 10:58:00,Business Owner,Self-Employed,,No
1474,Sreejith,Unnikrishnan,AFL-RET-001474,PQ Campaign,Shiksha Education MAY26,CMP-2026-0026,2026-05-07 15:05:00,113261457,8389083238,,sreejith.unnikrishnan43@yahoo.com,1968-01-21,,,Kochi,Ernakulam,Kerala,682025,India,Retail Personal Loans,Kushal Personal Loan,425000,2026-06-21,Anjana Menon,Kochi — Kaloor,Kerala & AP Region,South Zone,Rejected,REJ-13,Others,,,2026-05-09 09:20:00,No,Anjana Menon,2026-05-09 09:20:00,Retired / Pensioner,Salaried,,No
1475,Deepak,Grover,AFL-RET-001475,Social media,Ghar Ka Sapna NOV25,CMP-2025-0008,2025-11-23 18:12:00,736632474,9461840334,,deepak.grover@gmail.com,1980-08-09,,,Amritsar,Amritsar,Punjab,143001,India,Retail Home Loans,Plot + Construction Loan,2400000,2026-01-07,Rahul Malhotra,Amritsar — Lawrence Road,North India Region,North Zone,Rejected,REJ-13,Others,,,2025-11-29 09:11:00,No,Rahul Malhotra,2025-11-29 09:11:00,Salaried — MNC,Salaried,,No
1476,Chandra,Varma,AFL-RET-001476,Social media,Ghar Ka Sapna NOV25,CMP-2025-0008,2025-11-15 10:37:00,,7591628362,,chandra.varma58@yahoo.com,1981-03-16,,,Vijayawada,Krishna,Andhra Pradesh,520002,India,Retail Home Loans,Home Purchase Loan,10500000,2025-12-15,Sirisha Chowdary,Vijayawada — MG Road,Kerala & AP Region,South Zone,Rejected,REJ-10,Technical valuation below expectation,,,2025-11-17 09:49:00,No,Sirisha Chowdary,2025-11-17 09:49:00,Salaried — MNC,Salaried,,No
1477,Nilesh,Jadhav,AFL-RET-001477,Social media,Balance Transfer Bonanza JUL26,CMP-2026-0033,2026-07-28 13:37:00,914760903,8591268187,,nilesh.jadhav@hotmail.com,1987-12-17,BXAPA8278V,PAN_Nilesh_Jadhav.pdf,Pune,Pune,Maharashtra,411001,India,Retail Personal Loans,Home Renovation Loan,925000,2026-09-26,Parth Parikh,Pune — Shivajinagar,Maharashtra Region,West Zone,Follow-up,,,2026-09-22,,2026-07-30 11:15:00,No,Parth Parikh,2026-07-30 11:15:00,Business Owner,Self-Employed,0.3,No
1478,Ravi,Gupta,AFL-RET-001478,PQ Campaign,Vyapar Vriddhi JAN26,CMP-2026-0013,2026-01-19 14:37:00,275181287,6771654737,7339091607,,1973-10-23,XGCPD1705X,PAN_Ravi_Gupta.pdf,Vijayawada,Krishna,Andhra Pradesh,520013,India,Retail Personal Loans,Medical Emergency Loan,250000,2026-03-05,Sirisha Chowdary,Vijayawada — MG Road,Kerala & AP Region,South Zone,Login Initiated,,,,,2026-01-22 14:49:00,No,Sirisha Chowdary,2026-01-22 14:49:00,Salaried — MNC,Salaried,1.2,No
1479,Divya,Nair,AFL-RET-001479,Social media,Shubh Vivah JAN26,CMP-2026-0012,2026-01-20 10:23:00,,6544362322,,divya.nair@gmail.com,2000-06-08,,,Bengaluru,Bengaluru Urban,Karnataka,560070,India,Retail Personal Loans,Home Renovation Loan,350000,2026-03-06,Vinay Jain,Bengaluru — Jayanagar,Karnataka Region,South Zone,Not interested,NI-04,Requirement postponed,,,2026-01-24 11:50:00,No,Vinay Jain,2026-01-24 11:50:00,Salaried — Government / PSU,Salaried,0.5,No
1480,Swapnil,Panchal,AFL-RET-001480,Landing page,Gold Utsav APR26,CMP-2026-0024,2026-04-29 15:44:00,,6478931122,,,2002-08-15,,,Mumbai,Mumbai,Maharashtra,400005,India,Gold & Secured Loans,Gold Loan,675000,2026-05-29,Rutuja Pawar,Mumbai — Fort,Maharashtra Region,West Zone,Rejected,REJ-02,Income below minimum,,,2026-05-06 11:46:00,No,Rutuja Pawar,2026-05-06 11:46:00,Salaried — Private Sector,Salaried,,No
1481,Nitin,Chauhan,AFL-RET-001481,Social media,Safar Travel APR26,CMP-2026-0025,2026-04-22 14:00:00,,8198825012,,nitin.chauhan62@gmail.com,1979-04-24,,,Noida,Gautam Buddha Nagar,Uttar Pradesh,201304,India,Retail Personal Loans,Marriage Loan,225000,2026-06-21,Ritika Singh,Noida — Sector 62,Delhi NCR Region,North Zone,Not reachable,NR-02,Invalid / wrong number,,,2026-04-24 09:19:00,No,Ritika Singh,2026-04-24 09:19:00,Salaried — Government / PSU,Salaried,0.6,No
1482,Bala,Vaidyanathan,AFL-RET-001482,PQ Campaign,Gold Utsav APR26,CMP-2026-0024,2026-04-13 12:51:00,855239446,6790377238,,bala.vaidyanathan@rediffmail.com,1974-01-11,,,Chennai,Chennai,Tamil Nadu,600020,India,Gold & Secured Loans,Gold Loan,525000,2026-05-13,Gokul Srinivasan,Chennai — Adyar,Tamil Nadu Region,South Zone,Duplicate,DUP-02,Same LAN already sourced,,,2026-04-13 14:06:00,Yes,Gokul Srinivasan,2026-04-13 14:06:00,Salaried — Private Sector,Salaried,,No
1483,Vikram,Gupta,AFL-RET-001483,Landing page,Shiksha Education MAY26,CMP-2026-0026,2026-05-11 09:00:00,,7121579831,,vikram.gupta@gmail.com,2003-12-10,,,Ludhiana,Ludhiana,Punjab,141002,India,Vehicle & Consumer Loans,Two-Wheeler Loan,65000,2026-07-10,Swati Saxena,Ludhiana — Mall Road,North India Region,North Zone,Rejected,REJ-09,Property title not clear,,,2026-05-13 09:29:00,No,Swati Saxena,2026-05-13 09:29:00,Salaried — MNC,Salaried,,No
1484,Vinay,Kulkarni,AFL-RET-001484,PQ Campaign,Ghar Ka Sapna SEP26,CMP-2026-0037,2026-09-06 18:51:00,358200845,9801528481,,,1992-11-22,NKUPD1314N,PAN_Vinay_Kulkarni.pdf,Bengaluru,Bengaluru Urban,Karnataka,560047,India,Retail Personal Loans,Debt Consolidation Loan,425000,2026-10-06,Vinay Nair,Bengaluru — Koramangala,Karnataka Region,South Zone,Follow-up,,,2026-09-18,,2026-09-08 09:42:00,No,Vinay Nair,2026-09-08 09:42:00,Salaried — Government / PSU,Salaried,4.9,Yes
1485,Ranjan,Prasad,AFL-RET-001485,Social media,Shiksha Education JUL26,CMP-2026-0031,2026-07-13 17:23:00,,7506970336,,ranjan.prasad@gmail.com,1986-03-02,,,Patna,Patna,Bihar,800020,India,Retail Personal Loans,Education Loan,450000,2026-08-12,Sanjay Singh,Patna — Boring Road,East India Region,East Zone,Follow-up,,,2026-09-14,,2026-07-15 10:44:00,No,Sanjay Singh,2026-07-15 10:44:00,Agriculturist,Self-Employed,0.3,No
1486,Sagar,Modi,AFL-RET-001486,Landing page,Property Power JUN26,CMP-2026-0029,2026-06-16 20:23:00,,6424898697,,sagar.modi22@gmail.com,1972-08-04,,,Ahmedabad,Ahmedabad,Gujarat,380009,India,Business & MSME Loans,Vyapar Business Loan,500000,2026-07-31,Payal Vora,Ahmedabad — CG Road,Gujarat Region,West Zone,Rejected,REJ-02,Income below minimum,,,2026-06-24 10:26:00,No,Payal Vora,2026-06-24 10:26:00,Business Owner,Self-Employed,,No
1487,Aruna,Sarma,AFL-RET-001487,PQ Campaign,Shiksha Education MAY26,CMP-2026-0026,2026-05-11 17:05:00,587669273,9552667346,7374352534,aruna.sarma46@hotmail.com,1971-05-15,,,Hyderabad,Rangareddy,Telangana,500019,India,Retail Personal Loans,Marriage Loan,750000,2026-07-10,Mahesh Varma,Hyderabad — Gachibowli,Telangana Region,South Zone,Not interested,NI-04,Requirement postponed,,,2026-05-15 11:27:00,No,Mahesh Varma,2026-05-15 11:27:00,Business Owner,Self-Employed,1.2,No
1488,Harsha,Iyengar,AFL-RET-001488,Social media,Shiksha Education MAY26,CMP-2026-0026,2026-05-27 18:44:00,,6542149436,,harsha.iyengar@rediffmail.com,2000-12-20,HQAPY1460Z,PAN_Harsha_Iyengar.pdf,Mysuru,Mysuru,Karnataka,570001,India,Vehicle & Consumer Loans,Used Car Loan,325000,2026-06-26,Deepa Nair,Mysuru — Saraswathipuram,Karnataka Region,South Zone,Not reachable,NR-01,Number switched off / unreachable,,,2026-05-31 11:39:00,No,Deepa Nair,2026-05-31 11:39:00,Self-Employed Non-Professional,Self-Employed,0.2,No
1489,Piyali,Chatterjee,AFL-RET-001489,Website,Safar Travel APR26,CMP-2026-0025,2026-04-07 13:44:00,753195537,9653731000,,piyali.chatterjee@gmail.com,1973-04-07,,,Siliguri,Darjeeling,West Bengal,734001,India,Retail Personal Loans,Kushal Personal Loan,300000,2026-06-06,Srabani Chatterjee,Siliguri — Sevoke Road,West Bengal Region,East Zone,Not interested,NI-05,Processing fee not acceptable,,,2026-04-10 10:02:00,No,Srabani Chatterjee,2026-04-10 10:02:00,Salaried — Private Sector,Salaried,0.2,No
1490,Shashank,Shenoy,AFL-RET-001490,Social media,Diwali Dhamaka OCT25,CMP-2025-0001,2025-10-04 11:44:00,,6938704836,,,1995-12-14,KEHPN4011Y,PAN_Shashank_Shenoy.pdf,Bengaluru,Bengaluru Urban,Karnataka,560041,India,Retail Personal Loans,Diwali Special Loan,60000,2025-12-03,Nandini Rao,Bengaluru — Jayanagar,Karnataka Region,South Zone,Not interested,NI-02,Already availed loan elsewhere,,,2025-10-09 11:58:00,No,Nandini Rao,2025-10-09 11:58:00,Business Owner,Self-Employed,0.2,No
1491,Rushabh,Sawant,AFL-RET-001491,Website,Vyapar Vriddhi FEB26,CMP-2026-0016,2026-02-06 20:00:00,,9382638105,,rushabh.sawant@gmail.com,1994-04-04,ZUHPV4873Q,PAN_Rushabh_Sawant.pdf,Pune,Pune,Maharashtra,411061,India,Vehicle & Consumer Loans,Two-Wheeler Loan,45000,2026-03-23,Sagar Vora,Pune — Wakad,Maharashtra Region,West Zone,Disbursed,,,,AFLRET26000341,2026-02-28 16:44:00,No,Sagar Vora,2026-02-28 16:44:00,Agriculturist,Self-Employed,3.2,Yes
1492,Nagaraj,Rao,AFL-RET-001492,Website,Shiksha Education JUL26,CMP-2026-0031,2026-07-08 13:31:00,,9597198616,6909903502,nagaraj.rao69@gmail.com,1991-06-05,DVFPU3323Q,PAN_Nagaraj_Rao.pdf,Bengaluru,Bengaluru Urban,Karnataka,560048,India,Retail Personal Loans,Education Loan,725000,2026-08-22,Kiran Udupa,Bengaluru — Whitefield,Karnataka Region,South Zone,Sanctioned,,,,AFLRET26000342,2026-07-18 14:41:00,No,Kiran Udupa,2026-07-18 14:41:00,Self-Employed Non-Professional,Self-Employed,4,Yes
1493,Nisha,Patil,AFL-RET-001493,Website,Professional Edge FEB26,CMP-2026-0018,2026-02-19 16:05:00,577026822,6473196429,,nisha.patil@gmail.com,1974-09-16,VKNPJ9086V,PAN_Nisha_Patil.pdf,Pune,Pune,Maharashtra,411057,India,Loan Against Property,Loan Against Property,8000000,2026-04-05,Sagar Vora,Pune — Wakad,Maharashtra Region,West Zone,Disbursed,,,,AFLRET26000343,2026-03-07 11:05:00,No,Sagar Vora,2026-03-07 11:05:00,Salaried — Private Sector,Salaried,0.2,No
1494,Ketan,Mehta,AFL-RET-001494,Social media,Balance Transfer Bonanza JUN26,CMP-2026-0030,2026-06-15 17:37:00,,6424717208,,ketan.mehta@rediffmail.com,1990-08-12,,,Mumbai,Mumbai Suburban,Maharashtra,400072,India,Retail Personal Loans,Debt Consolidation Loan,475000,2026-07-15,Bhavesh Modi,Mumbai — Powai,Maharashtra Region,West Zone,Rejected,REJ-13,Others,,,2026-06-19 12:52:00,No,Bhavesh Modi,2026-06-19 12:52:00,Salaried — Government / PSU,Salaried,,No
1495,Rutuja,Modi,AFL-RET-001495,PQ Campaign,Shiksha Education JUN26,CMP-2026-0028,2026-06-22 20:00:00,466039421,8962243352,,rutuja.modi@gmail.com,1985-02-25,,,Ahmedabad,Ahmedabad,Gujarat,380059,India,Retail Personal Loans,Education Loan,1400000,2026-07-22,Parth Joshi,Ahmedabad — Satellite,Gujarat Region,West Zone,Rejected,REJ-01,Credit / bureau issue (CIBIL below cut-off),,,2026-07-03 09:15:00,No,Parth Joshi,2026-07-03 09:15:00,Self-Employed Non-Professional,Self-Employed,,No
1496,Rutuja,Doshi,AFL-RET-001496,PQ Campaign,Balance Transfer Bonanza JUN26,CMP-2026-0030,2026-06-19 19:44:00,775136194,9441852131,6765393472,rutuja.doshi39@hotmail.com,1996-11-19,PJQPX1227R,PAN_Rutuja_Doshi.pdf,Mumbai,Mumbai Suburban,Maharashtra,400061,India,Business & MSME Loans,Machinery Purchase Loan,3800000,2026-08-03,Bhavesh Patil,Mumbai — Andheri,Maharashtra Region,West Zone,Disbursed,,,,AFLRET26000344,2026-07-10 09:21:00,No,Bhavesh Patil,2026-07-10 09:21:00,Agriculturist,Self-Employed,2.6,Yes
1497,Swapnil,Shah,AFL-RET-001497,Social media,Gold Utsav NOV25,CMP-2025-0009,2025-11-05 11:37:00,,8669543282,,swapnil.shah@hotmail.com,1989-12-26,WVCPC1384L,PAN_Swapnil_Shah.pdf,Nashik,Nashik,Maharashtra,422011,India,Gold & Secured Loans,Gold Loan,350000,2026-01-04,Tanvi Mehta,Nashik — College Road,Maharashtra Region,West Zone,Disbursed,,,,AFLRET25000345,2025-11-19 10:28:00,No,Tanvi Mehta,2025-11-19 10:28:00,Salaried — Private Sector,Salaried,0.2,No
1498,Mrunal,Doshi,AFL-RET-001498,Website,Balance Transfer Bonanza FEB26,CMP-2026-0017,2026-02-13 15:23:00,,8709226091,,mrunal.doshi23@gmail.com,2003-02-21,,,Surat,Surat,Gujarat,395007,India,Business & MSME Loans,Machinery Purchase Loan,10000000,2026-04-14,Omkar Shah,Surat — Adajan,Gujarat Region,West Zone,Rejected,REJ-01,Credit / bureau issue (CIBIL below cut-off),,,2026-02-16 10:49:00,No,Omkar Shah,2026-02-16 10:49:00,Self-Employed Non-Professional,Self-Employed,,No
1499,Siddharth,Joshi,AFL-RET-001499,PQ Campaign,Safar Travel APR26,CMP-2026-0025,2026-04-07 18:05:00,733106127,6610517830,,siddharth.joshi@outlook.com,2003-02-12,,,Ahmedabad,Ahmedabad,Gujarat,380054,India,Retail Personal Loans,Travel Loan,400000,2026-05-07,Swapnil Vora,Ahmedabad — CG Road,Gujarat Region,West Zone,Not interested,NI-03,Only enquiring — no current need,,,2026-04-08 13:23:00,No,Swapnil Vora,2026-04-08 13:23:00,Student,Salaried,0.3,No
1500,Praveen,Bhat,AFL-RET-001500,Landing page,Swasthya Care JUL26,CMP-2026-0032,2026-07-11 12:18:00,184207370,7371307473,,,1984-02-15,,,Mysuru,Mysuru,Karnataka,570001,India,Professional Loans,Doctor Professional Loan,1200000,2026-09-09,Deepa Nair,Mysuru — Saraswathipuram,Karnataka Region,South Zone,Rejected,REJ-07,Existing obligations too high (FOIR),,,2026-07-20 16:33:00,No,Deepa Nair,2026-07-20 16:33:00,Business Owner,Self-Employed,,No
